Dst Port,Protocol,Timestamp,Flow Duration,Tot Fwd Pkts,Tot Bwd Pkts,TotLen Fwd Pkts,TotLen Bwd Pkts,Fwd Pkt Len Max,Fwd Pkt Len Min,Fwd Pkt Len Mean,Fwd Pkt Len Std,Bwd Pkt Len Max,Bwd Pkt Len Min,Bwd Pkt Len Mean,Bwd Pkt Len Std,Flow Byts/s,Flow Pkts/s,Flow IAT Mean,Flow IAT Std,Flow IAT Max,Flow IAT Min,Fwd IAT Tot,Fwd IAT Mean,Fwd IAT Std,Fwd IAT Max,Fwd IAT Min,Bwd IAT Tot,Bwd IAT Mean,Bwd IAT Std,Bwd IAT Max,Bwd IAT Min,Fwd PSH Flags,Bwd PSH Flags,Fwd URG Flags,Bwd URG Flags,Fwd Header Len,Bwd Header Len,Fwd Pkts/s,Bwd Pkts/s,Pkt Len Min,Pkt Len Max,Pkt Len Mean,Pkt Len Std,Pkt Len Var,FIN Flag Cnt,SYN Flag Cnt,RST Flag Cnt,PSH Flag Cnt,ACK Flag Cnt,URG Flag Cnt,CWE Flag Count,ECE Flag Cnt,Down/Up Ratio,Pkt Size Avg,Fwd Seg Size Avg,Bwd Seg Size Avg,Fwd Byts/b Avg,Fwd Pkts/b Avg,Fwd Blk Rate Avg,Bwd Byts/b Avg,Bwd Pkts/b Avg,Bwd Blk Rate Avg,Subflow Fwd Pkts,Subflow Fwd Byts,Subflow Bwd Pkts,Subflow Bwd Byts,Init Fwd Win Byts,Init Bwd Win Byts,Fwd Act Data Pkts,Fwd Seg Size Min,Active Mean,Active Std,Active Max,Active Min,Idle Mean,Idle Std,Idle Max,Idle Min,Label
80,6,21/02/2018 08:33:25,37953,5,3,135,127,135,0,27.0,60.37383539,127,0,42.33333333,73.32348419,6903.275103,210.7870261,5421.857143,5403.580246,12099,23,37953,9488.25,3245.485108,12382,6013,19960,9980.0,13546.75171,19559,401,0,0,0,0,168,104,131.7418913,79.04513477,0,135,29.11111111,57.80018262,3340.861111,0,0,0,1,0,0,0,0,0,32.75,27.0,42.33333333,0,0,0,0,0,0,5,135,3,127,29200,219,1,32,0.0,0.0,0,0,0.0,0.0,0,0,Benign
500,17,21/02/2018 08:33:06,117573474,3,0,1500,0,500,500,500.0,0.0,0,0,0.0,0.0,12.75797975,0.025515959,58800000.0,23800000.0,75600000,42000000,118000000,58800000.0,23800000.0,75600000,42000000,0,0.0,0.0,0,0,0,0,0,0,24,0,0.025515959,0.0,500,500,500.0,0.0,0.0,0,0,0,0,0,0,0,0,0,666.6666667,500.0,0.0,0,0,0,0,0,0,3,1500,0,0,-1,-1,2,8,0.0,0.0,0,0,58800000.0,23800000.0,75600000,42000000,Benign
500,17,21/02/2018 08:33:06,117573474,3,0,1500,0,500,500,500.0,0.0,0,0,0.0,0.0,12.75797975,0.025515959,58800000.0,23800000.0,75600000,42000000,118000000,58800000.0,23800000.0,75600000,42000000,0,0.0,0.0,0,0,0,0,0,0,24,0,0.025515959,0.0,500,500,500.0,0.0,0.0,0,0,0,0,0,0,0,0,0,666.6666667,500.0,0.0,0,0,0,0,0,0,3,1500,0,0,-1,-1,2,8,0.0,0.0,0,0,58800000.0,23800000.0,75600000,42000000,Benign
500,17,21/02/2018 08:33:11,99743998,5,0,2500,0,500,500,500.0,0.0,0,0,0.0,0.0,25.06416476,0.05012833,24900000.0,34000000.0,75600000,4000290,99700000,24900000.0,34000000.0,75600000,4000290,0,0.0,0.0,0,0,0,0,0,0,40,0,0.05012833,0.0,500,500,500.0,0.0,0.0,0,0,0,0,0,0,0,0,0,600.0,500.0,0.0,0,0,0,0,0,0,5,2500,0,0,-1,-1,4,8,4000290.0,0.0,4000290,4000290,31900000.0,37900000.0,75600000,7200397,Benign
500,17,21/02/2018 08:33:11,99743999,5,0,2500,0,500,500,500.0,0.0,0,0,0.0,0.0,25.06416451,0.050128329,24900000.0,34000000.0,75600000,4000286,99700000,24900000.0,34000000.0,75600000,4000286,0,0.0,0.0,0,0,0,0,0,0,40,0,0.050128329,0.0,500,500,500.0,0.0,0.0,0,0,0,0,0,0,0,0,0,600.0,500.0,0.0,0,0,0,0,0,0,5,2500,0,0,-1,-1,4,8,4000286.0,0.0,4000286,4000286,31900000.0,37900000.0,75600000,7200399,Benign
500,17,21/02/2018 08:33:08,89479580,6,0,3000,0,500,500,500.0,0.0,0,0,0.0,0.0,33.52720252,0.067054405,17900000.0,15300000.0,42000000,4000308,89500000,17900000.0,15300000.0,42000000,4000308,0,0.0,0.0,0,0,0,0,0,0,48,0,0.067054405,0.0,500,500,500.0,0.0,0.0,0,0,0,0,0,0,0,0,0,583.3333333,500.0,0.0,0,0,0,0,0,0,6,3000,0,0,-1,-1,5,8,4000308.0,0.0,4000308,4000308,21400000.0,15300000.0,42000000,7200316,Benign
500,17,21/02/2018 08:33:08,89479579,6,0,3000,0,500,500,500.0,0.0,0,0,0.0,0.0,33.52720289,0.067054406,17900000.0,15300000.0,42000000,4000309,89500000,17900000.0,15300000.0,42000000,4000309,0,0.0,0.0,0,0,0,0,0,0,48,0,0.067054406,0.0,500,500,500.0,0.0,0.0,0,0,0,0,0,0,0,0,0,583.3333333,500.0,0.0,0,0,0,0,0,0,6,3000,0,0,-1,-1,5,8,4000309.0,0.0,4000309,4000309,21400000.0,15300000.0,42000000,7200313,Benign
0,0,21/02/2018 08:33:35,112641143,3,0,0,0,0,0,0.0,0.0,0,0,0.0,0.0,0.0,0.026633252,56300000.0,92.63098834,56300000,56300000,113000000,56300000.0,92.63098834,56300000,56300000,0,0.0,0.0,0,0,0,0,0,0,0,0,0.026633252,0.0,0,0,0.0,0.0,0.0,0,0,0,0,0,0,0,0,0,0.0,0.0,0.0,0,0,0,0,0,0,3,0,0,0,-1,-1,0,0,0.0,0.0,0,0,56300000.0,92.63098834,56300000,56300000,Benign
500,17,21/02/2018 08:35:14,117573740,3,0,1500,0,500,500,500.0,0.0,0,0,0.0,0.0,12.75795088,0.025515902,58800000.0,23800000.0,75600000,42000000,118000000,58800000.0,23800000.0,75600000,42000000,0,0.0,0.0,0,0,0,0,0,0,24,0,0.025515902,0.0,500,500,500.0,0.0,0.0,0,0,0,0,0,0,0,0,0,666.6666667,500.0,0.0,0,0,0,0,0,0,3,1500,0,0,-1,-1,2,8,0.0,0.0,0,0,58800000.0,23800000.0,75600000,42000000,Benign
500,17,21/02/2018 08:35:14,117573739,3,0,1500,0,500,500,500.0,0.0,0,0,0.0,0.0,12.75795099,0.025515902,58800000.0,23800000.0,75600000,42000000,118000000,58800000.0,23800000.0,75600000,42000000,0,0.0,0.0,0,0,0,0,0,0,24,0,0.025515902,0.0,500,500,500.0,0.0,0.0,0,0,0,0,0,0,0,0,0,666.6666667,500.0,0.0,0,0,0,0,0,0,3,1500,0,0,-1,-1,2,8,0.0,0.0,0,0,58800000.0,23800000.0,75600000,42000000,Benign
500,17,21/02/2018 08:35:08,85479836,5,0,2500,0,500,500,500.0,0.0,0,0,0.0,0.0,29.24666351,0.058493327,21400000.0,15300000.0,42000000,7200407,85500000,21400000.0,15300000.0,42000000,7200407,0,0.0,0.0,0,0,0,0,0,0,40,0,0.058493327,0.0,500,500,500.0,0.0,0.0,0,0,0,0,0,0,0,0,0,600.0,500.0,0.0,0,0,0,0,0,0,5,2500,0,0,-1,-1,4,8,0.0,0.0,0,0,21400000.0,15300000.0,42000000,7200407,Benign
500,17,21/02/2018 08:35:08,85479836,5,0,2500,0,500,500,500.0,0.0,0,0,0.0,0.0,29.24666351,0.058493327,21400000.0,15300000.0,42000000,7200407,85500000,21400000.0,15300000.0,42000000,7200407,0,0.0,0.0,0,0,0,0,0,0,40,0,0.058493327,0.0,500,500,500.0,0.0,0.0,0,0,0,0,0,0,0,0,0,600.0,500.0,0.0,0,0,0,0,0,0,5,2500,0,0,-1,-1,4,8,0.0,0.0,0,0,21400000.0,15300000.0,42000000,7200407,Benign
500,17,21/02/2018 08:35:53,89479861,6,0,3000,0,500,500,500.0,0.0,0,0,0.0,0.0,33.52709723,0.067054194,17900000.0,15300000.0,42000000,4000380,89500000,17900000.0,15300000.0,42000000,4000380,0,0.0,0.0,0,0,0,0,0,0,48,0,0.067054194,0.0,500,500,500.0,0.0,0.0,0,0,0,0,0,0,0,0,0,583.3333333,500.0,0.0,0,0,0,0,0,0,6,3000,0,0,-1,-1,5,8,4000380.0,0.0,4000380,4000380,21400000.0,15300000.0,42000000,7200234,Benign
500,17,21/02/2018 08:35:53,89479860,6,0,3000,0,500,500,500.0,0.0,0,0,0.0,0.0,33.52709761,0.067054195,17900000.0,15300000.0,42000000,4000379,89500000,17900000.0,15300000.0,42000000,4000379,0,0.0,0.0,0,0,0,0,0,0,48,0,0.067054195,0.0,500,500,500.0,0.0,0.0,0,0,0,0,0,0,0,0,0,583.3333333,500.0,0.0,0,0,0,0,0,0,6,3000,0,0,-1,-1,5,8,4000379.0,0.0,4000379,4000379,21400000.0,15300000.0,42000000,7200236,Benign
0,0,21/02/2018 08:36:24,112641500,3,0,0,0,0,0,0.0,0.0,0,0,0.0,0.0,0.0,0.026633168,56300000.0,56.56854249,56300000,56300000,113000000,56300000.0,56.56854249,56300000,56300000,0,0.0,0.0,0,0,0,0,0,0,0,0,0.026633168,0.0,0,0,0.0,0.0,0.0,0,0,0,0,0,0,0,0,0,0.0,0.0,0.0,0,0,0,0,0,0,3,0,0,0,-1,-1,0,0,0.0,0.0,0,0,56300000.0,56.56854249,56300000,56300000,Benign
500,17,21/02/2018 08:37:15,85479297,5,0,2500,0,500,500,500.0,0.0,0,0,0.0,0.0,29.24684792,0.058493696,21400000.0,15300000.0,42000000,7200349,85500000,21400000.0,15300000.0,42000000,7200349,0,0.0,0.0,0,0,0,0,0,0,40,0,0.058493696,0.0,500,500,500.0,0.0,0.0,0,0,0,0,0,0,0,0,0,600.0,500.0,0.0,0,0,0,0,0,0,5,2500,0,0,-1,-1,4,8,0.0,0.0,0,0,21400000.0,15300000.0,42000000,7200349,Benign
500,17,21/02/2018 08:37:15,85479299,5,0,2500,0,500,500,500.0,0.0,0,0,0.0,0.0,29.24684724,0.058493694,21400000.0,15300000.0,42000000,7200350,85500000,21400000.0,15300000.0,42000000,7200350,0,0.0,0.0,0,0,0,0,0,0,40,0,0.058493694,0.0,500,500,500.0,0.0,0.0,0,0,0,0,0,0,0,0,0,600.0,500.0,0.0,0,0,0,0,0,0,5,2500,0,0,-1,-1,4,8,0.0,0.0,0,0,21400000.0,15300000.0,42000000,7200350,Benign
500,17,21/02/2018 08:37:49,89479159,6,0,3000,0,500,500,500.0,0.0,0,0,0.0,0.0,33.52736026,0.067054721,17900000.0,15300000.0,42000000,4000259,89500000,17900000.0,15300000.0,42000000,4000259,0,0.0,0.0,0,0,0,0,0,0,48,0,0.067054721,0.0,500,500,500.0,0.0,0.0,0,0,0,0,0,0,0,0,0,583.3333333,500.0,0.0,0,0,0,0,0,0,6,3000,0,0,-1,-1,5,8,4000259.0,0.0,4000259,4000259,21400000.0,15300000.0,42000000,7200396,Benign
500,17,21/02/2018 08:37:49,89479146,6,0,3000,0,500,500,500.0,0.0,0,0,0.0,0.0,33.52736514,0.06705473,17900000.0,15300000.0,42000000,4000248,89500000,17900000.0,15300000.0,42000000,4000248,0,0.0,0.0,0,0,0,0,0,0,48,0,0.06705473,0.0,500,500,500.0,0.0,0.0,0,0,0,0,0,0,0,0,0,583.3333333,500.0,0.0,0,0,0,0,0,0,6,3000,0,0,-1,-1,5,8,4000248.0,0.0,4000248,4000248,21400000.0,15300000.0,42000000,7200393,Benign
500,17,21/02/2018 08:38:38,89479394,6,0,3000,0,500,500,500.0,0.0,0,0,0.0,0.0,33.52727221,0.067054544,17900000.0,15300000.0,42000000,4000149,89500000,17900000.0,15300000.0,42000000,4000149,0,0.0,0.0,0,0,0,0,0,0,48,0,0.067054544,0.0,500,500,500.0,0.0,0.0,0,0,0,0,0,0,0,0,0,583.3333333,500.0,0.0,0,0,0,0,0,0,6,3000,0,0,-1,-1,5,8,4000149.0,0.0,4000149,4000149,21400000.0,15300000.0,42000000,7200375,Benign
500,17,21/02/2018 08:38:38,89479394,6,0,3000,0,500,500,500.0,0.0,0,0,0.0,0.0,33.52727221,0.067054544,17900000.0,15300000.0,42000000,4000150,89500000,17900000.0,15300000.0,42000000,4000150,0,0.0,0.0,0,0,0,0,0,0,48,0,0.067054544,0.0,500,500,500.0,0.0,0.0,0,0,0,0,0,0,0,0,0,583.3333333,500.0,0.0,0,0,0,0,0,0,6,3000,0,0,-1,-1,5,8,4000150.0,0.0,4000150,4000150,21400000.0,15300000.0,42000000,7200374,Benign
22,6,21/02/2018 08:41:28,368041,5,6,583,1017,560,0,116.6,248.0681358,976,0,169.5,395.4429162,4347.341736,29.88797444,36804.1,55394.45416,132646,14,367142,91785.5,52573.03558,132669,17023,368018,73603.6,61836.64434,137196,885,0,0,0,0,112,132,13.58544293,16.30253151,0,976,133.3333333,309.699659,95913.87879,0,0,1,1,0,0,0,1,1,145.4545455,116.6,169.5,0,0,0,0,0,0,5,583,6,1017,8192,219,2,20,0.0,0.0,0,0,0.0,0.0,0,0,Benign
22,6,21/02/2018 08:41:28,94821,3,1,56,0,56,0,18.66666667,32.33161507,0,0,0.0,0.0,590.5864735,42.1847481,31607.0,54720.68161,94793,7,94821,47410.5,67008.97412,94793,28,0,0.0,0.0,0,0,0,0,0,0,60,20,31.63856108,10.54618703,0,56,11.2,25.04396135,627.2,0,0,0,0,1,0,0,0,0,14.0,18.66666667,0.0,0,0,0,0,0,0,3,56,1,0,252,0,1,20,0.0,0.0,0,0,0.0,0.0,0,0,Benign
20388,6,21/02/2018 08:32:54,1317480,4,6,384,64,128,64,96.0,36.95041723,64,0,10.66666667,26.12789059,340.0431126,7.590248049,146386.6667,377472.1241,1150273,55,1234376,411458.6667,712570.321,1234264,55,1304072,260814.4,498120.957,1150273,157,1,0,0,0,80,120,3.03609922,4.55414883,0,128,46.54545455,50.31970516,2532.072727,0,1,0,0,1,0,0,0,1,51.2,96.0,10.66666667,0,0,0,0,0,0,4,384,6,64,253,253,3,20,0.0,0.0,0,0,0.0,0.0,0,0,Benign
0,0,21/02/2018 08:39:13,112641212,3,0,0,0,0,0,0.0,0.0,0,0,0.0,0.0,0.0,0.026633236,56300000.0,62.22539674,56300000,56300000,113000000,56300000.0,62.22539674,56300000,56300000,0,0.0,0.0,0,0,0,0,0,0,0,0,0.026633236,0.0,0,0,0.0,0.0,0.0,0,0,0,0,0,0,0,0,0,0.0,0.0,0.0,0,0,0,0,0,0,3,0,0,0,-1,-1,0,0,0.0,0.0,0,0,56300000.0,62.22539674,56300000,56300000,Benign
500,17,21/02/2018 08:39:56,89479975,6,0,3000,0,500,500,500.0,0.0,0,0,0.0,0.0,33.52705452,0.067054109,17900000.0,15300000.0,42000000,4000392,89500000,17900000.0,15300000.0,42000000,4000392,0,0.0,0.0,0,0,0,0,0,0,48,0,0.067054109,0.0,500,500,500.0,0.0,0.0,0,0,0,0,0,0,0,0,0,583.3333333,500.0,0.0,0,0,0,0,0,0,6,3000,0,0,-1,-1,5,8,4000392.0,0.0,4000392,4000392,21400000.0,15300000.0,42000000,7200322,Benign
500,17,21/02/2018 08:39:56,89479972,6,0,3000,0,500,500,500.0,0.0,0,0,0.0,0.0,33.52705564,0.067054111,17900000.0,15300000.0,42000000,4000388,89500000,17900000.0,15300000.0,42000000,4000388,0,0.0,0.0,0,0,0,0,0,0,48,0,0.067054111,0.0,500,500,500.0,0.0,0.0,0,0,0,0,0,0,0,0,0,583.3333333,500.0,0.0,0,0,0,0,0,0,6,3000,0,0,-1,-1,5,8,4000388.0,0.0,4000388,4000388,21400000.0,15300000.0,42000000,7200323,Benign
500,17,21/02/2018 08:40:34,89479713,6,0,3000,0,500,500,500.0,0.0,0,0,0.0,0.0,33.52715269,0.067054305,17900000.0,15300000.0,42000000,4000256,89500000,17900000.0,15300000.0,42000000,4000256,0,0.0,0.0,0,0,0,0,0,0,48,0,0.067054305,0.0,500,500,500.0,0.0,0.0,0,0,0,0,0,0,0,0,0,583.3333333,500.0,0.0,0,0,0,0,0,0,6,3000,0,0,-1,-1,5,8,4000256.0,0.0,4000256,4000256,21400000.0,15300000.0,42000000,7200362,Benign
500,17,21/02/2018 08:40:34,89479710,6,0,3000,0,500,500,500.0,0.0,0,0,0.0,0.0,33.52715381,0.067054308,17900000.0,15300000.0,42000000,4000252,89500000,17900000.0,15300000.0,42000000,4000252,0,0.0,0.0,0,0,0,0,0,0,48,0,0.067054308,0.0,500,500,500.0,0.0,0.0,0,0,0,0,0,0,0,0,0,583.3333333,500.0,0.0,0,0,0,0,0,0,6,3000,0,0,-1,-1,5,8,4000252.0,0.0,4000252,4000252,21400000.0,15300000.0,42000000,7200362,Benign
500,17,21/02/2018 08:41:23,89479985,6,0,3000,0,500,500,500.0,0.0,0,0,0.0,0.0,33.52705077,0.067054102,17900000.0,15300000.0,42000000,4000338,89500000,17900000.0,15300000.0,42000000,4000338,0,0.0,0.0,0,0,0,0,0,0,48,0,0.067054102,0.0,500,500,500.0,0.0,0.0,0,0,0,0,0,0,0,0,0,583.3333333,500.0,0.0,0,0,0,0,0,0,6,3000,0,0,-1,-1,5,8,4000338.0,0.0,4000338,4000338,21400000.0,15300000.0,42000000,7200469,Benign
500,17,21/02/2018 08:41:23,89479984,6,0,3000,0,500,500,500.0,0.0,0,0,0.0,0.0,33.52705114,0.067054102,17900000.0,15300000.0,42000000,4000337,89500000,17900000.0,15300000.0,42000000,4000337,0,0.0,0.0,0,0,0,0,0,0,48,0,0.067054102,0.0,500,500,500.0,0.0,0.0,0,0,0,0,0,0,0,0,0,583.3333333,500.0,0.0,0,0,0,0,0,0,6,3000,0,0,-1,-1,5,8,4000337.0,0.0,4000337,4000337,21400000.0,15300000.0,42000000,7200470,Benign
0,0,21/02/2018 08:42:02,112641672,3,0,0,0,0,0,0.0,0.0,0,0,0.0,0.0,0.0,0.026633127,56300000.0,193.747258,56300000,56300000,113000000,56300000.0,193.747258,56300000,56300000,0,0.0,0.0,0,0,0,0,0,0,0,0,0.026633127,0.0,0,0,0.0,0.0,0.0,0,0,0,0,0,0,0,0,0,0.0,0.0,0.0,0,0,0,0,0,0,3,0,0,0,-1,-1,0,0,0.0,0.0,0,0,56300000.0,193.747258,56300000,56300000,Benign
80,6,21/02/2018 08:45:17,247053,3,4,44,964,44,0,14.66666667,25.40341184,964,0,241.0,482.0,4080.096174,28.33400121,41175.5,98534.40329,242288,25,245932,122966.0,168782.146,242313,3619,247028,82342.66667,141673.4008,245932,48,0,0,0,0,104,136,12.14314337,16.19085783,0,964,126.0,338.9530098,114889.1429,0,0,0,1,0,0,0,0,1,144.0,14.66666667,241.0,0,0,0,0,0,0,3,44,4,964,5840,210,1,32,0.0,0.0,0,0,0.0,0.0,0,0,Benign
80,6,21/02/2018 08:45:18,2722,3,0,0,0,0,0,0.0,0.0,0,0,0.0,0.0,0.0,1102.130786,1361.0,1903.531455,2707,15,2722,1361.0,1903.531455,2707,15,0,0.0,0.0,0,0,0,0,0,0,96,0,1102.130786,0.0,0,0,0.0,0.0,0.0,0,0,0,0,1,0,0,0,0,0.0,0.0,0.0,0,0,0,0,0,0,3,0,0,0,1942,-1,0,32,0.0,0.0,0,0,0.0,0.0,0,0,Benign
80,6,21/02/2018 08:45:18,1244382,3,5,55,492,55,0,18.33333333,31.75426481,492,0,98.4,220.029089,439.5756287,6.428894021,177768.8571,372772.9405,996982,11,1243993,621996.5,879620.3297,1243982,11,1244358,311089.5,471833.6349,996982,48,0,0,0,0,104,176,2.410835258,4.018058763,0,492,60.77777778,162.7281305,26480.44444,0,0,0,1,0,0,0,0,1,68.375,18.33333333,98.4,0,0,0,0,0,0,3,55,5,492,5840,210,1,32,0.0,0.0,0,0,0.0,0.0,0,0,Benign
80,6,21/02/2018 08:45:20,15,2,0,0,0,0,0,0.0,0.0,0,0,0.0,0.0,0.0,133333.3333,15.0,0.0,15,15,15,15.0,0.0,15,15,0,0.0,0.0,0,0,0,0,0,0,64,0,133333.3333,0.0,0,0,0.0,0.0,0.0,0,0,0,0,1,0,0,0,0,0.0,0.0,0.0,0,0,0,0,0,0,2,0,0,0,1728,-1,0,32,0.0,0.0,0,0,0.0,0.0,0,0,Benign
80,6,21/02/2018 08:45:21,238484,3,4,45,964,45,0,15.0,25.98076211,964,0,241.0,482.0,4230.8918,29.35207393,39747.33333,95228.75843,234109,24,237931,118965.5,162871.4404,234133,3798,238460,79486.66667,137217.8585,237932,45,0,0,0,0,104,136,12.57946026,16.77261368,0,964,126.125,338.9186322,114865.8393,0,0,0,1,0,0,0,0,1,144.1428571,15.0,241.0,0,0,0,0,0,0,3,45,4,964,5840,210,1,32,0.0,0.0,0,0,0.0,0.0,0,0,Benign
80,6,21/02/2018 08:45:22,3706,2,0,0,0,0,0,0.0,0.0,0,0,0.0,0.0,0.0,539.6654074,3706.0,0.0,3706,3706,3706,3706.0,0.0,3706,3706,0,0.0,0.0,0,0,0,0,0,0,64,0,539.6654074,0.0,0,0,0.0,0.0,0.0,0,0,0,0,1,0,0,0,0,0.0,0.0,0.0,0,0,0,0,0,0,2,0,0,0,1942,-1,0,32,0.0,0.0,0,0,0.0,0.0,0,0,Benign
80,6,21/02/2018 08:45:22,224413,3,4,45,964,45,0,15.0,25.98076211,964,0,241.0,482.0,4496.174464,31.19248885,37402.16667,91393.91234,223959,10,223992,111996.0,158372.12,223982,10,224390,74796.66667,129207.0541,223992,34,0,0,0,0,104,136,13.36820951,17.82427934,0,964,126.125,338.9186322,114865.8393,0,0,0,1,0,0,0,0,1,144.1428571,15.0,241.0,0,0,0,0,0,0,3,45,4,964,5840,210,1,32,0.0,0.0,0,0,0.0,0.0,0,0,Benign
80,6,21/02/2018 08:45:22,3994,2,0,0,0,0,0,0.0,0.0,0,0,0.0,0.0,0.0,500.7511267,3994.0,0.0,3994,3994,3994,3994.0,0.0,3994,3994,0,0.0,0.0,0,0,0,0,0,0,64,0,500.7511267,0.0,0,0,0.0,0.0,0.0,0,0,0,0,1,0,0,0,0,0.0,0.0,0.0,0,0,0,0,0,0,2,0,0,0,1942,-1,0,32,0.0,0.0,0,0,0.0,0.0,0,0,Benign
500,17,21/02/2018 08:42:42,89481235,6,0,3000,0,500,500,500.0,0.0,0,0,0.0,0.0,33.52658242,0.067053165,17900000.0,15300000.0,42000000,4000343,89500000,17900000.0,15300000.0,42000000,4000343,0,0.0,0.0,0,0,0,0,0,0,48,0,0.067053165,0.0,500,500,500.0,0.0,0.0,0,0,0,0,0,0,0,0,0,583.3333333,500.0,0.0,0,0,0,0,0,0,6,3000,0,0,-1,-1,5,8,4000343.0,0.0,4000343,4000343,21400000.0,15300000.0,42000000,7200431,Benign
500,17,21/02/2018 08:42:42,89481234,6,0,3000,0,500,500,500.0,0.0,0,0,0.0,0.0,33.52658279,0.067053166,17900000.0,15300000.0,42000000,4000343,89500000,17900000.0,15300000.0,42000000,4000343,0,0.0,0.0,0,0,0,0,0,0,48,0,0.067053166,0.0,500,500,500.0,0.0,0.0,0,0,0,0,0,0,0,0,0,583.3333333,500.0,0.0,0,0,0,0,0,0,6,3000,0,0,-1,-1,5,8,4000343.0,0.0,4000343,4000343,21400000.0,15300000.0,42000000,7200432,Benign
20388,6,21/02/2018 08:41:58,36357,2,0,80,0,80,0,40.0,56.56854249,0,0,0.0,0.0,2200.401573,55.01003933,36357.0,0.0,36357,36357,36357,36357.0,0.0,36357,36357,0,0.0,0.0,0,0,1,0,0,0,40,0,55.01003933,0.0,0,80,53.33333333,46.18802154,2133.333333,0,1,0,0,1,0,0,0,0,80.0,40.0,0.0,0,0,0,0,0,0,2,80,0,0,253,-1,0,20,0.0,0.0,0,0,0.0,0.0,0,0,Benign
500,17,21/02/2018 08:43:19,89479840,6,0,3000,0,500,500,500.0,0.0,0,0,0.0,0.0,33.5271051,0.06705421,17900000.0,15300000.0,42000000,4000272,89500000,17900000.0,15300000.0,42000000,4000272,0,0.0,0.0,0,0,0,0,0,0,48,0,0.06705421,0.0,500,500,500.0,0.0,0.0,0,0,0,0,0,0,0,0,0,583.3333333,500.0,0.0,0,0,0,0,0,0,6,3000,0,0,-1,-1,5,8,4000272.0,0.0,4000272,4000272,21400000.0,15300000.0,42000000,7200348,Benign
500,17,21/02/2018 08:43:19,89479837,6,0,3000,0,500,500,500.0,0.0,0,0,0.0,0.0,33.52710622,0.067054212,17900000.0,15300000.0,42000000,4000269,89500000,17900000.0,15300000.0,42000000,4000269,0,0.0,0.0,0,0,0,0,0,0,48,0,0.067054212,0.0,500,500,500.0,0.0,0.0,0,0,0,0,0,0,0,0,0,583.3333333,500.0,0.0,0,0,0,0,0,0,6,3000,0,0,-1,-1,5,8,4000269.0,0.0,4000269,4000269,21400000.0,15300000.0,42000000,7200348,Benign
500,17,21/02/2018 08:44:08,89479768,6,0,3000,0,500,500,500.0,0.0,0,0,0.0,0.0,33.52713208,0.067054264,17900000.0,15300000.0,42000000,4000269,89500000,17900000.0,15300000.0,42000000,4000269,0,0.0,0.0,0,0,0,0,0,0,48,0,0.067054264,0.0,500,500,500.0,0.0,0.0,0,0,0,0,0,0,0,0,0,583.3333333,500.0,0.0,0,0,0,0,0,0,6,3000,0,0,-1,-1,5,8,4000269.0,0.0,4000269,4000269,21400000.0,15300000.0,42000000,7200326,Benign
500,17,21/02/2018 08:44:08,89479766,6,0,3000,0,500,500,500.0,0.0,0,0,0.0,0.0,33.52713283,0.067054266,17900000.0,15300000.0,42000000,4000268,89500000,17900000.0,15300000.0,42000000,4000268,0,0.0,0.0,0,0,0,0,0,0,48,0,0.067054266,0.0,500,500,500.0,0.0,0.0,0,0,0,0,0,0,0,0,0,583.3333333,500.0,0.0,0,0,0,0,0,0,6,3000,0,0,-1,-1,5,8,4000268.0,0.0,4000268,4000268,21400000.0,15300000.0,42000000,7200326,Benign
0,0,21/02/2018 08:44:51,112641395,3,0,0,0,0,0,0.0,0.0,0,0,0.0,0.0,0.0,0.026633193,56300000.0,251.0229073,56300000,56300000,113000000,56300000.0,251.0229073,56300000,56300000,0,0.0,0.0,0,0,0,0,0,0,0,0,0.026633193,0.0,0,0,0.0,0.0,0.0,0,0,0,0,0,0,0,0,0,0.0,0.0,0.0,0,0,0,0,0,0,3,0,0,0,-1,-1,0,0,0.0,0.0,0,0,56300000.0,251.0229073,56300000,56300000,Benign
500,17,21/02/2018 08:45:27,89479767,6,0,3000,0,500,500,500.0,0.0,0,0,0.0,0.0,33.52713245,0.067054265,17900000.0,15300000.0,42000000,4000357,89500000,17900000.0,15300000.0,42000000,4000357,0,0.0,0.0,0,0,0,0,0,0,48,0,0.067054265,0.0,500,500,500.0,0.0,0.0,0,0,0,0,0,0,0,0,0,583.3333333,500.0,0.0,0,0,0,0,0,0,6,3000,0,0,-1,-1,5,8,4000357.0,0.0,4000357,4000357,21400000.0,15300000.0,42000000,7200452,Benign
500,17,21/02/2018 08:45:27,89479769,6,0,3000,0,500,500,500.0,0.0,0,0,0.0,0.0,33.5271317,0.067054263,17900000.0,15300000.0,42000000,4000358,89500000,17900000.0,15300000.0,42000000,4000358,0,0.0,0.0,0,0,0,0,0,0,48,0,0.067054263,0.0,500,500,500.0,0.0,0.0,0,0,0,0,0,0,0,0,0,583.3333333,500.0,0.0,0,0,0,0,0,0,6,3000,0,0,-1,-1,5,8,4000358.0,0.0,4000358,4000358,21400000.0,15300000.0,42000000,7200453,Benign
500,17,21/02/2018 08:46:04,89478859,6,0,3000,0,500,500,500.0,0.0,0,0,0.0,0.0,33.52747267,0.067054945,17900000.0,15300000.0,42000000,4000333,89500000,17900000.0,15300000.0,42000000,4000333,0,0.0,0.0,0,0,0,0,0,0,48,0,0.067054945,0.0,500,500,500.0,0.0,0.0,0,0,0,0,0,0,0,0,0,583.3333333,500.0,0.0,0,0,0,0,0,0,6,3000,0,0,-1,-1,5,8,4000333.0,0.0,4000333,4000333,21400000.0,15300000.0,42000000,7200282,Benign
500,17,21/02/2018 08:46:04,89478858,6,0,3000,0,500,500,500.0,0.0,0,0,0.0,0.0,33.52747305,0.067054946,17900000.0,15300000.0,42000000,4000334,89500000,17900000.0,15300000.0,42000000,4000334,0,0.0,0.0,0,0,0,0,0,0,48,0,0.067054946,0.0,500,500,500.0,0.0,0.0,0,0,0,0,0,0,0,0,0,583.3333333,500.0,0.0,0,0,0,0,0,0,6,3000,0,0,-1,-1,5,8,4000334.0,0.0,4000334,4000334,21400000.0,15300000.0,42000000,7200281,Benign
500,17,21/02/2018 08:46:53,89479093,6,0,3000,0,500,500,500.0,0.0,0,0,0.0,0.0,33.52738499,0.06705477,17900000.0,15300000.0,42000000,4000124,89500000,17900000.0,15300000.0,42000000,4000124,0,0.0,0.0,0,0,0,0,0,0,48,0,0.06705477,0.0,500,500,500.0,0.0,0.0,0,0,0,0,0,0,0,0,0,583.3333333,500.0,0.0,0,0,0,0,0,0,6,3000,0,0,-1,-1,5,8,4000124.0,0.0,4000124,4000124,21400000.0,15300000.0,42000000,7200204,Benign
500,17,21/02/2018 08:46:53,89479092,6,0,3000,0,500,500,500.0,0.0,0,0,0.0,0.0,33.52738537,0.067054771,17900000.0,15300000.0,42000000,4000124,89500000,17900000.0,15300000.0,42000000,4000124,0,0.0,0.0,0,0,0,0,0,0,48,0,0.067054771,0.0,500,500,500.0,0.0,0.0,0,0,0,0,0,0,0,0,0,583.3333333,500.0,0.0,0,0,0,0,0,0,6,3000,0,0,-1,-1,5,8,4000124.0,0.0,4000124,4000124,21400000.0,15300000.0,42000000,7200204,Benign
0,0,21/02/2018 08:47:40,112640224,3,0,0,0,0,0,0.0,0.0,0,0,0.0,0.0,0.0,0.02663347,56300000.0,94.75230868,56300000,56300000,113000000,56300000.0,94.75230868,56300000,56300000,0,0.0,0.0,0,0,0,0,0,0,0,0,0.02663347,0.0,0,0,0.0,0.0,0.0,0,0,0,0,0,0,0,0,0,0.0,0.0,0.0,0,0,0,0,0,0,3,0,0,0,-1,-1,0,0,0.0,0.0,0,0,56300000.0,94.75230868,56300000,56300000,Benign
500,17,21/02/2018 08:48:12,89479013,6,0,3000,0,500,500,500.0,0.0,0,0,0.0,0.0,33.52741497,0.06705483,17900000.0,15300000.0,42000000,4000370,89500000,17900000.0,15300000.0,42000000,4000370,0,0.0,0.0,0,0,0,0,0,0,48,0,0.06705483,0.0,500,500,500.0,0.0,0.0,0,0,0,0,0,0,0,0,0,583.3333333,500.0,0.0,0,0,0,0,0,0,6,3000,0,0,-1,-1,5,8,4000370.0,0.0,4000370,4000370,21400000.0,15300000.0,42000000,7200221,Benign
500,17,21/02/2018 08:48:12,89479014,6,0,3000,0,500,500,500.0,0.0,0,0,0.0,0.0,33.5274146,0.067054829,17900000.0,15300000.0,42000000,4000371,89500000,17900000.0,15300000.0,42000000,4000371,0,0.0,0.0,0,0,0,0,0,0,48,0,0.067054829,0.0,500,500,500.0,0.0,0.0,0,0,0,0,0,0,0,0,0,583.3333333,500.0,0.0,0,0,0,0,0,0,6,3000,0,0,-1,-1,5,8,4000371.0,0.0,4000371,4000371,21400000.0,15300000.0,42000000,7200219,Benign
22,6,21/02/2018 08:51:27,3507585,15,12,1123,1969,648,0,74.86666667,173.2722328,976,0,164.0833333,351.0618848,881.5181956,7.697603907,134907.1154,222051.5564,998152,15,3507585,250541.7857,256384.4899,998176,15,3020520,274592.7273,281439.2216,998171,88,0,0,0,0,496,400,4.276446615,3.421157292,0,976,110.4285714,261.1743321,68212.03175,0,0,0,1,0,0,0,0,0,114.5185185,74.86666667,164.0833333,0,0,0,0,0,0,15,1123,12,1969,29200,230,7,32,0.0,0.0,0,0,0.0,0.0,0,0,Benign
500,17,21/02/2018 08:48:49,89478924,6,0,3000,0,500,500,500.0,0.0,0,0,0.0,0.0,33.52744832,0.067054897,17900000.0,15300000.0,42000000,4000280,89500000,17900000.0,15300000.0,42000000,4000280,0,0.0,0.0,0,0,0,0,0,0,48,0,0.067054897,0.0,500,500,500.0,0.0,0.0,0,0,0,0,0,0,0,0,0,583.3333333,500.0,0.0,0,0,0,0,0,0,6,3000,0,0,-1,-1,5,8,4000280.0,0.0,4000280,4000280,21400000.0,15300000.0,42000000,7200218,Benign
500,17,21/02/2018 08:48:49,89478924,6,0,3000,0,500,500,500.0,0.0,0,0,0.0,0.0,33.52744832,0.067054897,17900000.0,15300000.0,42000000,4000278,89500000,17900000.0,15300000.0,42000000,4000278,0,0.0,0.0,0,0,0,0,0,0,48,0,0.067054897,0.0,500,500,500.0,0.0,0.0,0,0,0,0,0,0,0,0,0,583.3333333,500.0,0.0,0,0,0,0,0,0,6,3000,0,0,-1,-1,5,8,4000278.0,0.0,4000278,4000278,21400000.0,15300000.0,42000000,7200218,Benign
500,17,21/02/2018 08:49:38,89479215,6,0,3000,0,500,500,500.0,0.0,0,0,0.0,0.0,33.52733928,0.067054679,17900000.0,15300000.0,42000000,4000266,89500000,17900000.0,15300000.0,42000000,4000266,0,0.0,0.0,0,0,0,0,0,0,48,0,0.067054679,0.0,500,500,500.0,0.0,0.0,0,0,0,0,0,0,0,0,0,583.3333333,500.0,0.0,0,0,0,0,0,0,6,3000,0,0,-1,-1,5,8,4000266.0,0.0,4000266,4000266,21400000.0,15300000.0,42000000,7200246,Benign
500,17,21/02/2018 08:49:38,89479214,6,0,3000,0,500,500,500.0,0.0,0,0,0.0,0.0,33.52733966,0.067054679,17900000.0,15300000.0,42000000,4000265,89500000,17900000.0,15300000.0,42000000,4000265,0,0.0,0.0,0,0,0,0,0,0,48,0,0.067054679,0.0,500,500,500.0,0.0,0.0,0,0,0,0,0,0,0,0,0,583.3333333,500.0,0.0,0,0,0,0,0,0,6,3000,0,0,-1,-1,5,8,4000265.0,0.0,4000265,4000265,21400000.0,15300000.0,42000000,7200246,Benign
0,0,21/02/2018 08:50:29,112640757,3,0,0,0,0,0,0.0,0.0,0,0,0.0,0.0,0.0,0.026633344,56300000.0,101.1162697,56300000,56300000,113000000,56300000.0,101.1162697,56300000,56300000,0,0.0,0.0,0,0,0,0,0,0,0,0,0.026633344,0.0,0,0,0.0,0.0,0.0,0,0,0,0,0,0,0,0,0,0.0,0.0,0.0,0,0,0,0,0,0,3,0,0,0,-1,-1,0,0,0.0,0.0,0,0,56300000.0,101.1162697,56300000,56300000,Benign
500,17,21/02/2018 08:50:57,89479598,6,0,3000,0,500,500,500.0,0.0,0,0,0.0,0.0,33.52719577,0.067054392,17900000.0,15300000.0,42000000,4000546,89500000,17900000.0,15300000.0,42000000,4000546,0,0.0,0.0,0,0,0,0,0,0,48,0,0.067054392,0.0,500,500,500.0,0.0,0.0,0,0,0,0,0,0,0,0,0,583.3333333,500.0,0.0,0,0,0,0,0,0,6,3000,0,0,-1,-1,5,8,4000546.0,0.0,4000546,4000546,21400000.0,15300000.0,42000000,7200302,Benign
500,17,21/02/2018 08:50:57,89479594,6,0,3000,0,500,500,500.0,0.0,0,0,0.0,0.0,33.52719727,0.067054395,17900000.0,15300000.0,42000000,4000544,89500000,17900000.0,15300000.0,42000000,4000544,0,0.0,0.0,0,0,0,0,0,0,48,0,0.067054395,0.0,500,500,500.0,0.0,0.0,0,0,0,0,0,0,0,0,0,583.3333333,500.0,0.0,0,0,0,0,0,0,6,3000,0,0,-1,-1,5,8,4000544.0,0.0,4000544,4000544,21400000.0,15300000.0,42000000,7200302,Benign
500,17,21/02/2018 08:51:34,89479277,6,0,3000,0,500,500,500.0,0.0,0,0,0.0,0.0,33.52731605,0.067054632,17900000.0,15300000.0,42000000,4000269,89500000,17900000.0,15300000.0,42000000,4000269,0,0.0,0.0,0,0,0,0,0,0,48,0,0.067054632,0.0,500,500,500.0,0.0,0.0,0,0,0,0,0,0,0,0,0,583.3333333,500.0,0.0,0,0,0,0,0,0,6,3000,0,0,-1,-1,5,8,4000269.0,0.0,4000269,4000269,21400000.0,15300000.0,42000000,7200250,Benign
500,17,21/02/2018 08:51:34,89479275,6,0,3000,0,500,500,500.0,0.0,0,0,0.0,0.0,33.5273168,0.067054634,17900000.0,15300000.0,42000000,4000267,89500000,17900000.0,15300000.0,42000000,4000267,0,0.0,0.0,0,0,0,0,0,0,48,0,0.067054634,0.0,500,500,500.0,0.0,0.0,0,0,0,0,0,0,0,0,0,583.3333333,500.0,0.0,0,0,0,0,0,0,6,3000,0,0,-1,-1,5,8,4000267.0,0.0,4000267,4000267,21400000.0,15300000.0,42000000,7200251,Benign
500,17,21/02/2018 08:52:23,89479852,6,0,3000,0,500,500,500.0,0.0,0,0,0.0,0.0,33.5271006,0.067054201,17900000.0,15300000.0,42000000,4000314,89500000,17900000.0,15300000.0,42000000,4000314,0,0.0,0.0,0,0,0,0,0,0,48,0,0.067054201,0.0,500,500,500.0,0.0,0.0,0,0,0,0,0,0,0,0,0,583.3333333,500.0,0.0,0,0,0,0,0,0,6,3000,0,0,-1,-1,5,8,4000314.0,0.0,4000314,4000314,21400000.0,15300000.0,42000000,7200338,Benign
500,17,21/02/2018 08:52:23,89479859,6,0,3000,0,500,500,500.0,0.0,0,0,0.0,0.0,33.52709798,0.067054196,17900000.0,15300000.0,42000000,4000321,89500000,17900000.0,15300000.0,42000000,4000321,0,0.0,0.0,0,0,0,0,0,0,48,0,0.067054196,0.0,500,500,500.0,0.0,0.0,0,0,0,0,0,0,0,0,0,583.3333333,500.0,0.0,0,0,0,0,0,0,6,3000,0,0,-1,-1,5,8,4000321.0,0.0,4000321,4000321,21400000.0,15300000.0,42000000,7200330,Benign
22,6,21/02/2018 08:55:42,852932,5,5,583,1017,560,0,116.6,248.0681358,976,0,203.4,432.2612636,1875.882251,11.72426407,94770.22222,124813.6701,318945,24,851994,212998.5,93945.60338,318945,133557,852908,213227.0,252633.4355,579826,577,0,0,0,0,112,112,5.862132034,5.862132034,0,976,145.4545455,321.8165203,103565.8727,0,0,1,1,0,0,0,1,1,160.0,116.6,203.4,0,0,0,0,0,0,5,583,5,1017,8192,219,2,20,0.0,0.0,0,0,0.0,0.0,0,0,Benign
22,6,21/02/2018 08:55:43,522885,2,0,56,0,56,0,28.0,39.59797975,0,0,0.0,0.0,107.0981191,3.824932825,522885.0,0.0,522885,522885,522885,522885.0,0.0,522885,522885,0,0.0,0.0,0,0,0,0,0,0,40,0,3.824932825,0.0,0,56,18.66666667,32.33161507,1045.333333,0,0,0,0,1,0,0,0,0,28.0,28.0,0.0,0,0,0,0,0,0,2,56,0,0,252,-1,1,20,0.0,0.0,0,0,0.0,0.0,0,0,Benign
0,0,21/02/2018 08:53:18,112640997,3,0,0,0,0,0,0.0,0.0,0,0,0.0,0.0,0.0,0.026633287,56300000.0,98.28784258,56300000,56300000,113000000,56300000.0,98.28784258,56300000,56300000,0,0.0,0.0,0,0,0,0,0,0,0,0,0.026633287,0.0,0,0,0.0,0.0,0.0,0,0,0,0,0,0,0,0,0,0.0,0.0,0.0,0,0,0,0,0,0,3,0,0,0,-1,-1,0,0,0.0,0.0,0,0,56300000.0,98.28784258,56300000,56300000,Benign
500,17,21/02/2018 08:53:42,89479593,6,0,3000,0,500,500,500.0,0.0,0,0,0.0,0.0,33.52719765,0.067054395,17900000.0,15300000.0,42000000,4000307,89500000,17900000.0,15300000.0,42000000,4000307,0,0.0,0.0,0,0,0,0,0,0,48,0,0.067054395,0.0,500,500,500.0,0.0,0.0,0,0,0,0,0,0,0,0,0,583.3333333,500.0,0.0,0,0,0,0,0,0,6,3000,0,0,-1,-1,5,8,4000307.0,0.0,4000307,4000307,21400000.0,15300000.0,42000000,7200306,Benign
500,17,21/02/2018 08:53:42,89479585,6,0,3000,0,500,500,500.0,0.0,0,0,0.0,0.0,33.52720065,0.067054401,17900000.0,15300000.0,42000000,4000299,89500000,17900000.0,15300000.0,42000000,4000299,0,0.0,0.0,0,0,0,0,0,0,48,0,0.067054401,0.0,500,500,500.0,0.0,0.0,0,0,0,0,0,0,0,0,0,583.3333333,500.0,0.0,0,0,0,0,0,0,6,3000,0,0,-1,-1,5,8,4000299.0,0.0,4000299,4000299,21400000.0,15300000.0,42000000,7200315,Benign
500,17,21/02/2018 08:54:19,89479677,6,0,3000,0,500,500,500.0,0.0,0,0,0.0,0.0,33.52716617,0.067054332,17900000.0,15300000.0,42000000,4000404,89500000,17900000.0,15300000.0,42000000,4000404,0,0.0,0.0,0,0,0,0,0,0,48,0,0.067054332,0.0,500,500,500.0,0.0,0.0,0,0,0,0,0,0,0,0,0,583.3333333,500.0,0.0,0,0,0,0,0,0,6,3000,0,0,-1,-1,5,8,4000404.0,0.0,4000404,4000404,21400000.0,15300000.0,42000000,7200336,Benign
500,17,21/02/2018 08:54:19,89479674,6,0,3000,0,500,500,500.0,0.0,0,0,0.0,0.0,33.5271673,0.067054335,17900000.0,15300000.0,42000000,4000400,89500000,17900000.0,15300000.0,42000000,4000400,0,0.0,0.0,0,0,0,0,0,0,48,0,0.067054335,0.0,500,500,500.0,0.0,0.0,0,0,0,0,0,0,0,0,0,583.3333333,500.0,0.0,0,0,0,0,0,0,6,3000,0,0,-1,-1,5,8,4000400.0,0.0,4000400,4000400,21400000.0,15300000.0,42000000,7200345,Benign
500,17,21/02/2018 08:55:08,89479983,6,0,3000,0,500,500,500.0,0.0,0,0,0.0,0.0,33.52705152,0.067054103,17900000.0,15300000.0,42000000,4000225,89500000,17900000.0,15300000.0,42000000,4000225,0,0.0,0.0,0,0,0,0,0,0,48,0,0.067054103,0.0,500,500,500.0,0.0,0.0,0,0,0,0,0,0,0,0,0,583.3333333,500.0,0.0,0,0,0,0,0,0,6,3000,0,0,-1,-1,5,8,4000225.0,0.0,4000225,4000225,21400000.0,15300000.0,42000000,7200439,Benign
500,17,21/02/2018 08:55:08,89479984,6,0,3000,0,500,500,500.0,0.0,0,0,0.0,0.0,33.52705114,0.067054102,17900000.0,15300000.0,42000000,4000226,89500000,17900000.0,15300000.0,42000000,4000226,0,0.0,0.0,0,0,0,0,0,0,48,0,0.067054102,0.0,500,500,500.0,0.0,0.0,0,0,0,0,0,0,0,0,0,583.3333333,500.0,0.0,0,0,0,0,0,0,6,3000,0,0,-1,-1,5,8,4000226.0,0.0,4000226,4000226,21400000.0,15300000.0,42000000,7200438,Benign
0,0,21/02/2018 08:56:07,112641372,3,0,0,0,0,0,0.0,0.0,0,0,0.0,0.0,0.0,0.026633198,56300000.0,12.72792206,56300000,56300000,113000000,56300000.0,12.72792206,56300000,56300000,0,0.0,0.0,0,0,0,0,0,0,0,0,0.026633198,0.0,0,0,0.0,0.0,0.0,0,0,0,0,0,0,0,0,0,0.0,0.0,0.0,0,0,0,0,0,0,3,0,0,0,-1,-1,0,0,0.0,0.0,0,0,56300000.0,12.72792206,56300000,56300000,Benign
500,17,21/02/2018 08:56:27,89479702,6,0,3000,0,500,500,500.0,0.0,0,0,0.0,0.0,33.52715681,0.067054314,17900000.0,15300000.0,42000000,4000339,89500000,17900000.0,15300000.0,42000000,4000339,0,0.0,0.0,0,0,0,0,0,0,48,0,0.067054314,0.0,500,500,500.0,0.0,0.0,0,0,0,0,0,0,0,0,0,583.3333333,500.0,0.0,0,0,0,0,0,0,6,3000,0,0,-1,-1,5,8,4000339.0,0.0,4000339,4000339,21400000.0,15300000.0,42000000,7200287,Benign
500,17,21/02/2018 08:56:27,89479690,6,0,3000,0,500,500,500.0,0.0,0,0,0.0,0.0,33.5271613,0.067054323,17900000.0,15300000.0,42000000,4000328,89500000,17900000.0,15300000.0,42000000,4000328,0,0.0,0.0,0,0,0,0,0,0,48,0,0.067054323,0.0,500,500,500.0,0.0,0.0,0,0,0,0,0,0,0,0,0,583.3333333,500.0,0.0,0,0,0,0,0,0,6,3000,0,0,-1,-1,5,8,4000328.0,0.0,4000328,4000328,21400000.0,15300000.0,42000000,7200287,Benign
500,17,21/02/2018 08:57:04,89479704,6,0,3000,0,500,500,500.0,0.0,0,0,0.0,0.0,33.52715606,0.067054312,17900000.0,15300000.0,42000000,4000468,89500000,17900000.0,15300000.0,42000000,4000468,0,0.0,0.0,0,0,0,0,0,0,48,0,0.067054312,0.0,500,500,500.0,0.0,0.0,0,0,0,0,0,0,0,0,0,583.3333333,500.0,0.0,0,0,0,0,0,0,6,3000,0,0,-1,-1,5,8,4000468.0,0.0,4000468,4000468,21400000.0,15300000.0,42000000,7200190,Benign
500,17,21/02/2018 08:57:04,89479701,6,0,3000,0,500,500,500.0,0.0,0,0,0.0,0.0,33.52715718,0.067054314,17900000.0,15300000.0,42000000,4000467,89500000,17900000.0,15300000.0,42000000,4000467,0,0.0,0.0,0,0,0,0,0,0,48,0,0.067054314,0.0,500,500,500.0,0.0,0.0,0,0,0,0,0,0,0,0,0,583.3333333,500.0,0.0,0,0,0,0,0,0,6,3000,0,0,-1,-1,5,8,4000467.0,0.0,4000467,4000467,21400000.0,15300000.0,42000000,7200199,Benign
500,17,21/02/2018 08:57:53,89479569,6,0,3000,0,500,500,500.0,0.0,0,0,0.0,0.0,33.52720664,0.067054413,17900000.0,15300000.0,42000000,4000297,89500000,17900000.0,15300000.0,42000000,4000297,0,0.0,0.0,0,0,0,0,0,0,48,0,0.067054413,0.0,500,500,500.0,0.0,0.0,0,0,0,0,0,0,0,0,0,583.3333333,500.0,0.0,0,0,0,0,0,0,6,3000,0,0,-1,-1,5,8,4000297.0,0.0,4000297,4000297,21400000.0,15300000.0,42000000,7200269,Benign
500,17,21/02/2018 08:57:53,89479580,6,0,3000,0,500,500,500.0,0.0,0,0,0.0,0.0,33.52720252,0.067054405,17900000.0,15300000.0,42000000,4000296,89500000,17900000.0,15300000.0,42000000,4000296,0,0.0,0.0,0,0,0,0,0,0,48,0,0.067054405,0.0,500,500,500.0,0.0,0.0,0,0,0,0,0,0,0,0,0,583.3333333,500.0,0.0,0,0,0,0,0,0,6,3000,0,0,-1,-1,5,8,4000296.0,0.0,4000296,4000296,21400000.0,15300000.0,42000000,7200271,Benign
0,0,21/02/2018 08:58:56,112641291,3,0,0,0,0,0,0.0,0.0,0,0,0.0,0.0,0.0,0.026633217,56300000.0,120.9152596,56300000,56300000,113000000,56300000.0,120.9152596,56300000,56300000,0,0.0,0.0,0,0,0,0,0,0,0,0,0.026633217,0.0,0,0,0.0,0.0,0.0,0,0,0,0,0,0,0,0,0,0.0,0.0,0.0,0,0,0,0,0,0,3,0,0,0,-1,-1,0,0,0.0,0.0,0,0,56300000.0,120.9152596,56300000,56300000,Benign
500,17,21/02/2018 08:59:12,89480038,6,0,3000,0,500,500,500.0,0.0,0,0,0.0,0.0,33.52703091,0.067054062,17900000.0,15300000.0,42000000,4000240,89500000,17900000.0,15300000.0,42000000,4000240,0,0.0,0.0,0,0,0,0,0,0,48,0,0.067054062,0.0,500,500,500.0,0.0,0.0,0,0,0,0,0,0,0,0,0,583.3333333,500.0,0.0,0,0,0,0,0,0,6,3000,0,0,-1,-1,5,8,4000240.0,0.0,4000240,4000240,21400000.0,15300000.0,42000000,7200395,Benign
500,17,21/02/2018 08:59:12,89480048,6,0,3000,0,500,500,500.0,0.0,0,0,0.0,0.0,33.52702716,0.067054054,17900000.0,15300000.0,42000000,4000241,89500000,17900000.0,15300000.0,42000000,4000241,0,0.0,0.0,0,0,0,0,0,0,48,0,0.067054054,0.0,500,500,500.0,0.0,0.0,0,0,0,0,0,0,0,0,0,583.3333333,500.0,0.0,0,0,0,0,0,0,6,3000,0,0,-1,-1,5,8,4000241.0,0.0,4000241,4000241,21400000.0,15300000.0,42000000,7200407,Benign
500,17,21/02/2018 08:59:50,89479716,6,0,3000,0,500,500,500.0,0.0,0,0,0.0,0.0,33.52715156,0.067054303,17900000.0,15300000.0,42000000,4001480,89500000,17900000.0,15300000.0,42000000,4001480,0,0.0,0.0,0,0,0,0,0,0,48,0,0.067054303,0.0,500,500,500.0,0.0,0.0,0,0,0,0,0,0,0,0,0,583.3333333,500.0,0.0,0,0,0,0,0,0,6,3000,0,0,-1,-1,5,8,4001480.0,0.0,4001480,4001480,21400000.0,15300000.0,42000000,7199095,Benign
500,17,21/02/2018 08:59:50,89479718,6,0,3000,0,500,500,500.0,0.0,0,0,0.0,0.0,33.52715081,0.067054302,17900000.0,15300000.0,42000000,4001480,89500000,17900000.0,15300000.0,42000000,4001480,0,0.0,0.0,0,0,0,0,0,0,48,0,0.067054302,0.0,500,500,500.0,0.0,0.0,0,0,0,0,0,0,0,0,0,583.3333333,500.0,0.0,0,0,0,0,0,0,6,3000,0,0,-1,-1,5,8,4001480.0,0.0,4001480,4001480,21400000.0,15300000.0,42000000,7199096,Benign
500,17,21/02/2018 09:00:38,89479937,6,0,3000,0,500,500,500.0,0.0,0,0,0.0,0.0,33.52706876,0.067054138,17900000.0,15300000.0,42000000,4000461,89500000,17900000.0,15300000.0,42000000,4000461,0,0.0,0.0,0,0,0,0,0,0,48,0,0.067054138,0.0,500,500,500.0,0.0,0.0,0,0,0,0,0,0,0,0,0,583.3333333,500.0,0.0,0,0,0,0,0,0,6,3000,0,0,-1,-1,5,8,4000461.0,0.0,4000461,4000461,21400000.0,15300000.0,42000000,7200348,Benign
500,17,21/02/2018 09:00:38,89479920,6,0,3000,0,500,500,500.0,0.0,0,0,0.0,0.0,33.52707512,0.06705415,17900000.0,15300000.0,42000000,4000443,89500000,17900000.0,15300000.0,42000000,4000443,0,0.0,0.0,0,0,0,0,0,0,48,0,0.06705415,0.0,500,500,500.0,0.0,0.0,0,0,0,0,0,0,0,0,0,583.3333333,500.0,0.0,0,0,0,0,0,0,6,3000,0,0,-1,-1,5,8,4000443.0,0.0,4000443,4000443,21400000.0,15300000.0,42000000,7200349,Benign
0,0,21/02/2018 09:01:45,112641417,3,0,0,0,0,0,0.0,0.0,0,0,0.0,0.0,0.0,0.026633188,56300000.0,4.949747468,56300000,56300000,113000000,56300000.0,4.949747468,56300000,56300000,0,0.0,0.0,0,0,0,0,0,0,0,0,0.026633188,0.0,0,0,0.0,0.0,0.0,0,0,0,0,0,0,0,0,0,0.0,0.0,0.0,0,0,0,0,0,0,3,0,0,0,-1,-1,0,0,0.0,0.0,0,0,56300000.0,4.949747468,56300000,56300000,Benign
500,17,21/02/2018 09:01:57,89480072,6,0,3000,0,500,500,500.0,0.0,0,0,0.0,0.0,33.52701817,0.067054036,17900000.0,15300000.0,42000000,4000505,89500000,17900000.0,15300000.0,42000000,4000505,0,0.0,0.0,0,0,0,0,0,0,48,0,0.067054036,0.0,500,500,500.0,0.0,0.0,0,0,0,0,0,0,0,0,0,583.3333333,500.0,0.0,0,0,0,0,0,0,6,3000,0,0,-1,-1,5,8,4000505.0,0.0,4000505,4000505,21400000.0,15300000.0,42000000,7200322,Benign
500,17,21/02/2018 09:01:57,89480073,6,0,3000,0,500,500,500.0,0.0,0,0,0.0,0.0,33.5270178,0.067054036,17900000.0,15300000.0,42000000,4000504,89500000,17900000.0,15300000.0,42000000,4000504,0,0.0,0.0,0,0,0,0,0,0,48,0,0.067054036,0.0,500,500,500.0,0.0,0.0,0,0,0,0,0,0,0,0,0,583.3333333,500.0,0.0,0,0,0,0,0,0,6,3000,0,0,-1,-1,5,8,4000504.0,0.0,4000504,4000504,21400000.0,15300000.0,42000000,7200321,Benign
22,6,21/02/2018 09:05:06,2341378,15,11,1123,1969,648,0,74.86666667,173.2722328,976,0,179.0,364.1864907,1320.589841,11.10457175,93655.12,112335.8419,368634,15,2341378,167241.2857,107273.2224,368634,15,1737828,173782.8,140447.5517,375956,72,0,0,0,0,488,360,6.406483703,4.698088049,0,976,114.5185185,265.2342028,70349.18234,0,0,0,1,0,0,0,0,0,118.9230769,74.86666667,179.0,0,0,0,0,0,0,15,1123,11,1969,29200,230,7,32,0.0,0.0,0,0,0.0,0.0,0,0,Benign
500,17,21/02/2018 09:02:35,89479641,6,0,3000,0,500,500,500.0,0.0,0,0,0.0,0.0,33.52717966,0.067054359,17900000.0,15300000.0,42000000,4000284,89500000,17900000.0,15300000.0,42000000,4000284,0,0.0,0.0,0,0,0,0,0,0,48,0,0.067054359,0.0,500,500,500.0,0.0,0.0,0,0,0,0,0,0,0,0,0,583.3333333,500.0,0.0,0,0,0,0,0,0,6,3000,0,0,-1,-1,5,8,4000284.0,0.0,4000284,4000284,21400000.0,15300000.0,42000000,7200354,Benign
500,17,21/02/2018 09:02:35,89479631,6,0,3000,0,500,500,500.0,0.0,0,0,0.0,0.0,33.52718341,0.067054367,17900000.0,15300000.0,42000000,4000274,89500000,17900000.0,15300000.0,42000000,4000274,0,0.0,0.0,0,0,0,0,0,0,48,0,0.067054367,0.0,500,500,500.0,0.0,0.0,0,0,0,0,0,0,0,0,0,583.3333333,500.0,0.0,0,0,0,0,0,0,6,3000,0,0,-1,-1,5,8,4000274.0,0.0,4000274,4000274,21400000.0,15300000.0,42000000,7200355,Benign
500,17,21/02/2018 09:03:23,89479205,6,0,3000,0,500,500,500.0,0.0,0,0,0.0,0.0,33.52734303,0.067054686,17900000.0,15300000.0,42000000,4000333,89500000,17900000.0,15300000.0,42000000,4000333,0,0.0,0.0,0,0,0,0,0,0,48,0,0.067054686,0.0,500,500,500.0,0.0,0.0,0,0,0,0,0,0,0,0,0,583.3333333,500.0,0.0,0,0,0,0,0,0,6,3000,0,0,-1,-1,5,8,4000333.0,0.0,4000333,4000333,21400000.0,15300000.0,42000000,7200299,Benign
500,17,21/02/2018 09:03:23,89479206,6,0,3000,0,500,500,500.0,0.0,0,0,0.0,0.0,33.52734265,0.067054685,17900000.0,15300000.0,42000000,4000334,89500000,17900000.0,15300000.0,42000000,4000334,0,0.0,0.0,0,0,0,0,0,0,48,0,0.067054685,0.0,500,500,500.0,0.0,0.0,0,0,0,0,0,0,0,0,0,583.3333333,500.0,0.0,0,0,0,0,0,0,6,3000,0,0,-1,-1,5,8,4000334.0,0.0,4000334,4000334,21400000.0,15300000.0,42000000,7200299,Benign
0,0,21/02/2018 09:04:34,112641036,3,0,0,0,0,0,0.0,0.0,0,0,0.0,0.0,0.0,0.026633278,56300000.0,5.656854249,56300000,56300000,113000000,56300000.0,5.656854249,56300000,56300000,0,0.0,0.0,0,0,0,0,0,0,0,0,0.026633278,0.0,0,0,0.0,0.0,0.0,0,0,0,0,0,0,0,0,0,0.0,0.0,0.0,0,0,0,0,0,0,3,0,0,0,-1,-1,0,0,0.0,0.0,0,0,56300000.0,5.656854249,56300000,56300000,Benign
500,17,21/02/2018 09:04:42,89479656,6,0,3000,0,500,500,500.0,0.0,0,0,0.0,0.0,33.52717404,0.067054348,17900000.0,15300000.0,42000000,4000338,89500000,17900000.0,15300000.0,42000000,4000338,0,0.0,0.0,0,0,0,0,0,0,48,0,0.067054348,0.0,500,500,500.0,0.0,0.0,0,0,0,0,0,0,0,0,0,583.3333333,500.0,0.0,0,0,0,0,0,0,6,3000,0,0,-1,-1,5,8,4000338.0,0.0,4000338,4000338,21400000.0,15300000.0,42000000,7200245,Benign
500,17,21/02/2018 09:04:42,89479654,6,0,3000,0,500,500,500.0,0.0,0,0,0.0,0.0,33.52717479,0.06705435,17900000.0,15300000.0,42000000,4000337,89500000,17900000.0,15300000.0,42000000,4000337,0,0.0,0.0,0,0,0,0,0,0,48,0,0.06705435,0.0,500,500,500.0,0.0,0.0,0,0,0,0,0,0,0,0,0,583.3333333,500.0,0.0,0,0,0,0,0,0,6,3000,0,0,-1,-1,5,8,4000337.0,0.0,4000337,4000337,21400000.0,15300000.0,42000000,7200245,Benign
500,17,21/02/2018 09:05:20,89479454,6,0,3000,0,500,500,500.0,0.0,0,0,0.0,0.0,33.52724973,0.067054499,17900000.0,15300000.0,42000000,4001483,89500000,17900000.0,15300000.0,42000000,4001483,0,0.0,0.0,0,0,0,0,0,0,48,0,0.067054499,0.0,500,500,500.0,0.0,0.0,0,0,0,0,0,0,0,0,0,583.3333333,500.0,0.0,0,0,0,0,0,0,6,3000,0,0,-1,-1,5,8,4001483.0,0.0,4001483,4001483,21400000.0,15300000.0,42000000,7199123,Benign
500,17,21/02/2018 09:05:20,89479455,6,0,3000,0,500,500,500.0,0.0,0,0,0.0,0.0,33.52724936,0.067054499,17900000.0,15300000.0,42000000,4001483,89500000,17900000.0,15300000.0,42000000,4001483,0,0.0,0.0,0,0,0,0,0,0,48,0,0.067054499,0.0,500,500,500.0,0.0,0.0,0,0,0,0,0,0,0,0,0,583.3333333,500.0,0.0,0,0,0,0,0,0,6,3000,0,0,-1,-1,5,8,4001483.0,0.0,4001483,4001483,21400000.0,15300000.0,42000000,7199128,Benign
500,17,21/02/2018 09:06:08,89478996,6,0,3000,0,500,500,500.0,0.0,0,0,0.0,0.0,33.52742134,0.067054843,17900000.0,15300000.0,42000000,4000070,89500000,17900000.0,15300000.0,42000000,4000070,0,0.0,0.0,0,0,0,0,0,0,48,0,0.067054843,0.0,500,500,500.0,0.0,0.0,0,0,0,0,0,0,0,0,0,583.3333333,500.0,0.0,0,0,0,0,0,0,6,3000,0,0,-1,-1,5,8,4000070.0,0.0,4000070,4000070,21400000.0,15300000.0,42000000,7200015,Benign
500,17,21/02/2018 09:06:08,89478994,6,0,3000,0,500,500,500.0,0.0,0,0,0.0,0.0,33.52742209,0.067054844,17900000.0,15300000.0,42000000,4000069,89500000,17900000.0,15300000.0,42000000,4000069,0,0.0,0.0,0,0,0,0,0,0,48,0,0.067054844,0.0,500,500,500.0,0.0,0.0,0,0,0,0,0,0,0,0,0,583.3333333,500.0,0.0,0,0,0,0,0,0,6,3000,0,0,-1,-1,5,8,4000069.0,0.0,4000069,4000069,21400000.0,15300000.0,42000000,7200015,Benign
22,6,21/02/2018 09:10:08,378490,5,6,583,1017,560,0,116.6,248.0681358,976,0,169.5,395.4429162,4227.324368,29.06285503,37849.0,56620.13298,140167,19,377525,94381.25,52304.5071,140211,28952,378467,75693.4,62733.92487,140186,941,0,0,0,0,112,132,13.21038865,15.85246638,0,976,133.3333333,309.699659,95913.87879,0,0,1,1,0,0,0,1,1,145.4545455,116.6,169.5,0,0,0,0,0,0,5,583,6,1017,8192,219,2,20,0.0,0.0,0,0,0.0,0.0,0,0,Benign
0,0,21/02/2018 09:07:23,112641146,3,0,0,0,0,0,0.0,0.0,0,0,0.0,0.0,0.0,0.026633252,56300000.0,42.42640687,56300000,56300000,113000000,56300000.0,42.42640687,56300000,56300000,0,0.0,0.0,0,0,0,0,0,0,0,0,0.026633252,0.0,0,0,0.0,0.0,0.0,0,0,0,0,0,0,0,0,0,0.0,0.0,0.0,0,0,0,0,0,0,3,0,0,0,-1,-1,0,0,0.0,0.0,0,0,56300000.0,42.42640687,56300000,56300000,Benign
500,17,21/02/2018 09:07:27,89479718,6,0,3000,0,500,500,500.0,0.0,0,0,0.0,0.0,33.52715081,0.067054302,17900000.0,15300000.0,42000000,4000329,89500000,17900000.0,15300000.0,42000000,4000329,0,0.0,0.0,0,0,0,0,0,0,48,0,0.067054302,0.0,500,500,500.0,0.0,0.0,0,0,0,0,0,0,0,0,0,583.3333333,500.0,0.0,0,0,0,0,0,0,6,3000,0,0,-1,-1,5,8,4000329.0,0.0,4000329,4000329,21400000.0,15300000.0,42000000,7200391,Benign
500,17,21/02/2018 09:07:27,89479716,6,0,3000,0,500,500,500.0,0.0,0,0,0.0,0.0,33.52715156,0.067054303,17900000.0,15300000.0,42000000,4000328,89500000,17900000.0,15300000.0,42000000,4000328,0,0.0,0.0,0,0,0,0,0,0,48,0,0.067054303,0.0,500,500,500.0,0.0,0.0,0,0,0,0,0,0,0,0,0,583.3333333,500.0,0.0,0,0,0,0,0,0,6,3000,0,0,-1,-1,5,8,4000328.0,0.0,4000328,4000328,21400000.0,15300000.0,42000000,7200390,Benign
500,17,21/02/2018 09:08:05,89479602,6,0,3000,0,500,500,500.0,0.0,0,0,0.0,0.0,33.52719428,0.067054389,17900000.0,15300000.0,42000000,4000304,89500000,17900000.0,15300000.0,42000000,4000304,0,0.0,0.0,0,0,0,0,0,0,48,0,0.067054389,0.0,500,500,500.0,0.0,0.0,0,0,0,0,0,0,0,0,0,583.3333333,500.0,0.0,0,0,0,0,0,0,6,3000,0,0,-1,-1,5,8,4000304.0,0.0,4000304,4000304,21400000.0,15300000.0,42000000,7200333,Benign
500,17,21/02/2018 09:08:05,89479603,6,0,3000,0,500,500,500.0,0.0,0,0,0.0,0.0,33.5271939,0.067054388,17900000.0,15300000.0,42000000,4000303,89500000,17900000.0,15300000.0,42000000,4000303,0,0.0,0.0,0,0,0,0,0,0,48,0,0.067054388,0.0,500,500,500.0,0.0,0.0,0,0,0,0,0,0,0,0,0,583.3333333,500.0,0.0,0,0,0,0,0,0,6,3000,0,0,-1,-1,5,8,4000303.0,0.0,4000303,4000303,21400000.0,15300000.0,42000000,7200332,Benign
500,17,21/02/2018 09:08:53,89479636,6,0,3000,0,500,500,500.0,0.0,0,0,0.0,0.0,33.52718154,0.067054363,17900000.0,15300000.0,42000000,4000281,89500000,17900000.0,15300000.0,42000000,4000281,0,0.0,0.0,0,0,0,0,0,0,48,0,0.067054363,0.0,500,500,500.0,0.0,0.0,0,0,0,0,0,0,0,0,0,583.3333333,500.0,0.0,0,0,0,0,0,0,6,3000,0,0,-1,-1,5,8,4000281.0,0.0,4000281,4000281,21400000.0,15300000.0,42000000,7200329,Benign
500,17,21/02/2018 09:08:53,89479626,6,0,3000,0,500,500,500.0,0.0,0,0,0.0,0.0,33.52718528,0.067054371,17900000.0,15300000.0,42000000,4000279,89500000,17900000.0,15300000.0,42000000,4000279,0,0.0,0.0,0,0,0,0,0,0,48,0,0.067054371,0.0,500,500,500.0,0.0,0.0,0,0,0,0,0,0,0,0,0,583.3333333,500.0,0.0,0,0,0,0,0,0,6,3000,0,0,-1,-1,5,8,4000279.0,0.0,4000279,4000279,21400000.0,15300000.0,42000000,7200320,Benign
500,17,21/02/2018 09:10:12,89479724,6,0,3000,0,500,500,500.0,0.0,0,0,0.0,0.0,33.52714856,0.067054297,17900000.0,15300000.0,42000000,4000299,89500000,17900000.0,15300000.0,42000000,4000299,0,0.0,0.0,0,0,0,0,0,0,48,0,0.067054297,0.0,500,500,500.0,0.0,0.0,0,0,0,0,0,0,0,0,0,583.3333333,500.0,0.0,0,0,0,0,0,0,6,3000,0,0,-1,-1,5,8,4000299.0,0.0,4000299,4000299,21400000.0,15300000.0,42000000,7200376,Benign
500,17,21/02/2018 09:10:12,89479725,6,0,3000,0,500,500,500.0,0.0,0,0,0.0,0.0,33.52714819,0.067054296,17900000.0,15300000.0,42000000,4000301,89500000,17900000.0,15300000.0,42000000,4000301,0,0.0,0.0,0,0,0,0,0,0,48,0,0.067054296,0.0,500,500,500.0,0.0,0.0,0,0,0,0,0,0,0,0,0,583.3333333,500.0,0.0,0,0,0,0,0,0,6,3000,0,0,-1,-1,5,8,4000301.0,0.0,4000301,4000301,21400000.0,15300000.0,42000000,7200375,Benign
0,0,21/02/2018 09:10:12,112641259,3,0,0,0,0,0,0.0,0.0,0,0,0.0,0.0,0.0,0.026633225,56300000.0,106.773124,56300000,56300000,113000000,56300000.0,106.773124,56300000,56300000,0,0.0,0.0,0,0,0,0,0,0,0,0,0.026633225,0.0,0,0,0.0,0.0,0.0,0,0,0,0,0,0,0,0,0,0.0,0.0,0.0,0,0,0,0,0,0,3,0,0,0,-1,-1,0,0,0.0,0.0,0,0,56300000.0,106.773124,56300000,56300000,Benign
500,17,21/02/2018 09:10:50,89479973,6,0,3000,0,500,500,500.0,0.0,0,0,0.0,0.0,33.52705527,0.067054111,17900000.0,15300000.0,42000000,4000302,89500000,17900000.0,15300000.0,42000000,4000302,0,0.0,0.0,0,0,0,0,0,0,48,0,0.067054111,0.0,500,500,500.0,0.0,0.0,0,0,0,0,0,0,0,0,0,583.3333333,500.0,0.0,0,0,0,0,0,0,6,3000,0,0,-1,-1,5,8,4000302.0,0.0,4000302,4000302,21400000.0,15300000.0,42000000,7200370,Benign
500,17,21/02/2018 09:10:50,89479975,6,0,3000,0,500,500,500.0,0.0,0,0,0.0,0.0,33.52705452,0.067054109,17900000.0,15300000.0,42000000,4000300,89500000,17900000.0,15300000.0,42000000,4000300,0,0.0,0.0,0,0,0,0,0,0,48,0,0.067054109,0.0,500,500,500.0,0.0,0.0,0,0,0,0,0,0,0,0,0,583.3333333,500.0,0.0,0,0,0,0,0,0,6,3000,0,0,-1,-1,5,8,4000300.0,0.0,4000300,4000300,21400000.0,15300000.0,42000000,7200372,Benign
500,17,21/02/2018 09:11:38,89479875,6,0,3000,0,500,500,500.0,0.0,0,0,0.0,0.0,33.52709199,0.067054184,17900000.0,15300000.0,42000000,4000342,89500000,17900000.0,15300000.0,42000000,4000342,0,0.0,0.0,0,0,0,0,0,0,48,0,0.067054184,0.0,500,500,500.0,0.0,0.0,0,0,0,0,0,0,0,0,0,583.3333333,500.0,0.0,0,0,0,0,0,0,6,3000,0,0,-1,-1,5,8,4000342.0,0.0,4000342,4000342,21400000.0,15300000.0,42000000,7200361,Benign
500,17,21/02/2018 09:11:38,89479878,6,0,3000,0,500,500,500.0,0.0,0,0,0.0,0.0,33.52709086,0.067054182,17900000.0,15300000.0,42000000,4000344,89500000,17900000.0,15300000.0,42000000,4000344,0,0.0,0.0,0,0,0,0,0,0,48,0,0.067054182,0.0,500,500,500.0,0.0,0.0,0,0,0,0,0,0,0,0,0,583.3333333,500.0,0.0,0,0,0,0,0,0,6,3000,0,0,-1,-1,5,8,4000344.0,0.0,4000344,4000344,21400000.0,15300000.0,42000000,7200361,Benign
500,17,21/02/2018 09:12:57,89479805,6,0,3000,0,500,500,500.0,0.0,0,0,0.0,0.0,33.52711821,0.067054236,17900000.0,15300000.0,42000000,4000358,89500000,17900000.0,15300000.0,42000000,4000358,0,0.0,0.0,0,0,0,0,0,0,48,0,0.067054236,0.0,500,500,500.0,0.0,0.0,0,0,0,0,0,0,0,0,0,583.3333333,500.0,0.0,0,0,0,0,0,0,6,3000,0,0,-1,-1,5,8,4000358.0,0.0,4000358,4000358,21400000.0,15300000.0,42000000,7200309,Benign
500,17,21/02/2018 09:12:57,89479806,6,0,3000,0,500,500,500.0,0.0,0,0,0.0,0.0,33.52711784,0.067054236,17900000.0,15300000.0,42000000,4000360,89500000,17900000.0,15300000.0,42000000,4000360,0,0.0,0.0,0,0,0,0,0,0,48,0,0.067054236,0.0,500,500,500.0,0.0,0.0,0,0,0,0,0,0,0,0,0,583.3333333,500.0,0.0,0,0,0,0,0,0,6,3000,0,0,-1,-1,5,8,4000360.0,0.0,4000360,4000360,21400000.0,15300000.0,42000000,7200308,Benign
0,0,21/02/2018 09:13:01,112641235,3,0,0,0,0,0,0.0,0.0,0,0,0.0,0.0,0.0,0.026633231,56300000.0,62.93250353,56300000,56300000,113000000,56300000.0,62.93250353,56300000,56300000,0,0.0,0.0,0,0,0,0,0,0,0,0,0.026633231,0.0,0,0,0.0,0.0,0.0,0,0,0,0,0,0,0,0,0,0.0,0.0,0.0,0,0,0,0,0,0,3,0,0,0,-1,-1,0,0,0.0,0.0,0,0,56300000.0,62.93250353,56300000,56300000,Benign
500,17,21/02/2018 09:13:35,89479713,6,0,3000,0,500,500,500.0,0.0,0,0,0.0,0.0,33.52715269,0.067054305,17900000.0,15300000.0,42000000,4000300,89500000,17900000.0,15300000.0,42000000,4000300,0,0.0,0.0,0,0,0,0,0,0,48,0,0.067054305,0.0,500,500,500.0,0.0,0.0,0,0,0,0,0,0,0,0,0,583.3333333,500.0,0.0,0,0,0,0,0,0,6,3000,0,0,-1,-1,5,8,4000300.0,0.0,4000300,4000300,21400000.0,15300000.0,42000000,7200355,Benign
500,17,21/02/2018 09:13:35,89479715,6,0,3000,0,500,500,500.0,0.0,0,0,0.0,0.0,33.52715194,0.067054304,17900000.0,15300000.0,42000000,4000302,89500000,17900000.0,15300000.0,42000000,4000302,0,0.0,0.0,0,0,0,0,0,0,48,0,0.067054304,0.0,500,500,500.0,0.0,0.0,0,0,0,0,0,0,0,0,0,583.3333333,500.0,0.0,0,0,0,0,0,0,6,3000,0,0,-1,-1,5,8,4000302.0,0.0,4000302,4000302,21400000.0,15300000.0,42000000,7200354,Benign
500,17,21/02/2018 09:14:23,89479693,6,0,3000,0,500,500,500.0,0.0,0,0,0.0,0.0,33.52716018,0.06705432,17900000.0,15300000.0,42000000,4000301,89500000,17900000.0,15300000.0,42000000,4000301,0,0.0,0.0,0,0,0,0,0,0,48,0,0.06705432,0.0,500,500,500.0,0.0,0.0,0,0,0,0,0,0,0,0,0,583.3333333,500.0,0.0,0,0,0,0,0,0,6,3000,0,0,-1,-1,5,8,4000301.0,0.0,4000301,4000301,21400000.0,15300000.0,42000000,7200330,Benign
500,17,21/02/2018 09:14:23,89479692,6,0,3000,0,500,500,500.0,0.0,0,0,0.0,0.0,33.52716055,0.067054321,17900000.0,15300000.0,42000000,4000300,89500000,17900000.0,15300000.0,42000000,4000300,0,0.0,0.0,0,0,0,0,0,0,48,0,0.067054321,0.0,500,500,500.0,0.0,0.0,0,0,0,0,0,0,0,0,0,583.3333333,500.0,0.0,0,0,0,0,0,0,6,3000,0,0,-1,-1,5,8,4000300.0,0.0,4000300,4000300,21400000.0,15300000.0,42000000,7200330,Benign
500,17,21/02/2018 09:15:42,89480073,6,0,3000,0,500,500,500.0,0.0,0,0,0.0,0.0,33.5270178,0.067054036,17900000.0,15300000.0,42000000,4000342,89500000,17900000.0,15300000.0,42000000,4000342,0,0.0,0.0,0,0,0,0,0,0,48,0,0.067054036,0.0,500,500,500.0,0.0,0.0,0,0,0,0,0,0,0,0,0,583.3333333,500.0,0.0,0,0,0,0,0,0,6,3000,0,0,-1,-1,5,8,4000342.0,0.0,4000342,4000342,21400000.0,15300000.0,42000000,7200321,Benign
500,17,21/02/2018 09:15:42,89480074,6,0,3000,0,500,500,500.0,0.0,0,0,0.0,0.0,33.52701742,0.067054035,17900000.0,15300000.0,42000000,4000343,89500000,17900000.0,15300000.0,42000000,4000343,0,0.0,0.0,0,0,0,0,0,0,48,0,0.067054035,0.0,500,500,500.0,0.0,0.0,0,0,0,0,0,0,0,0,0,583.3333333,500.0,0.0,0,0,0,0,0,0,6,3000,0,0,-1,-1,5,8,4000343.0,0.0,4000343,4000343,21400000.0,15300000.0,42000000,7200320,Benign
0,0,21/02/2018 09:15:50,112641316,3,0,0,0,0,0,0.0,0.0,0,0,0.0,0.0,0.0,0.026633212,56300000.0,19.79898987,56300000,56300000,113000000,56300000.0,19.79898987,56300000,56300000,0,0.0,0.0,0,0,0,0,0,0,0,0,0.026633212,0.0,0,0,0.0,0.0,0.0,0,0,0,0,0,0,0,0,0,0.0,0.0,0.0,0,0,0,0,0,0,3,0,0,0,-1,-1,0,0,0.0,0.0,0,0,56300000.0,19.79898987,56300000,56300000,Benign
500,17,21/02/2018 09:16:20,89479585,6,0,3000,0,500,500,500.0,0.0,0,0,0.0,0.0,33.52720065,0.067054401,17900000.0,15300000.0,42000000,4000302,89500000,17900000.0,15300000.0,42000000,4000302,0,0.0,0.0,0,0,0,0,0,0,48,0,0.067054401,0.0,500,500,500.0,0.0,0.0,0,0,0,0,0,0,0,0,0,583.3333333,500.0,0.0,0,0,0,0,0,0,6,3000,0,0,-1,-1,5,8,4000302.0,0.0,4000302,4000302,21400000.0,15300000.0,42000000,7200263,Benign
500,17,21/02/2018 09:16:20,89479584,6,0,3000,0,500,500,500.0,0.0,0,0,0.0,0.0,33.52720102,0.067054402,17900000.0,15300000.0,42000000,4000300,89500000,17900000.0,15300000.0,42000000,4000300,0,0.0,0.0,0,0,0,0,0,0,48,0,0.067054402,0.0,500,500,500.0,0.0,0.0,0,0,0,0,0,0,0,0,0,583.3333333,500.0,0.0,0,0,0,0,0,0,6,3000,0,0,-1,-1,5,8,4000300.0,0.0,4000300,4000300,21400000.0,15300000.0,42000000,7200264,Benign
67,17,21/02/2018 08:52:11,722,1,1,300,329,300,300,300.0,0.0,329,329,329.0,0.0,871191.1357,2770.083102,722.0,0.0,722,722,0,0.0,0.0,0,0,0,0.0,0.0,0,0,0,0,0,0,8,8,1385.041551,1385.041551,300,329,309.6666667,16.74315781,280.3333333,0,0,0,0,0,0,0,0,1,464.5,300.0,329.0,0,0,0,0,0,0,1,300,1,329,-1,-1,0,8,0.0,0.0,0,0,0.0,0.0,0,0,Benign
500,17,21/02/2018 09:17:09,89479999,6,0,3000,0,500,500,500.0,0.0,0,0,0.0,0.0,33.52704552,0.067054091,17900000.0,15300000.0,42000000,4000331,89500000,17900000.0,15300000.0,42000000,4000331,0,0.0,0.0,0,0,0,0,0,0,48,0,0.067054091,0.0,500,500,500.0,0.0,0.0,0,0,0,0,0,0,0,0,0,583.3333333,500.0,0.0,0,0,0,0,0,0,6,3000,0,0,-1,-1,5,8,4000331.0,0.0,4000331,4000331,21400000.0,15300000.0,42000000,7200564,Benign
500,17,21/02/2018 09:17:09,89479997,6,0,3000,0,500,500,500.0,0.0,0,0,0.0,0.0,33.52704627,0.067054093,17900000.0,15300000.0,42000000,4000330,89500000,17900000.0,15300000.0,42000000,4000330,0,0.0,0.0,0,0,0,0,0,0,48,0,0.067054093,0.0,500,500,500.0,0.0,0.0,0,0,0,0,0,0,0,0,0,583.3333333,500.0,0.0,0,0,0,0,0,0,6,3000,0,0,-1,-1,5,8,4000330.0,0.0,4000330,4000330,21400000.0,15300000.0,42000000,7200564,Benign
500,17,21/02/2018 09:18:27,89479849,6,0,3000,0,500,500,500.0,0.0,0,0,0.0,0.0,33.52710173,0.067054203,17900000.0,15300000.0,42000000,4000501,89500000,17900000.0,15300000.0,42000000,4000501,0,0.0,0.0,0,0,0,0,0,0,48,0,0.067054203,0.0,500,500,500.0,0.0,0.0,0,0,0,0,0,0,0,0,0,583.3333333,500.0,0.0,0,0,0,0,0,0,6,3000,0,0,-1,-1,5,8,4000501.0,0.0,4000501,4000501,21400000.0,15300000.0,42000000,7200254,Benign
500,17,21/02/2018 09:18:27,89479849,6,0,3000,0,500,500,500.0,0.0,0,0,0.0,0.0,33.52710173,0.067054203,17900000.0,15300000.0,42000000,4000501,89500000,17900000.0,15300000.0,42000000,4000501,0,0.0,0.0,0,0,0,0,0,0,48,0,0.067054203,0.0,500,500,500.0,0.0,0.0,0,0,0,0,0,0,0,0,0,583.3333333,500.0,0.0,0,0,0,0,0,0,6,3000,0,0,-1,-1,5,8,4000501.0,0.0,4000501,4000501,21400000.0,15300000.0,42000000,7200253,Benign
0,0,21/02/2018 09:18:39,112641387,3,0,0,0,0,0,0.0,0.0,0,0,0.0,0.0,0.0,0.026633195,56300000.0,20.50609665,56300000,56300000,113000000,56300000.0,20.50609665,56300000,56300000,0,0.0,0.0,0,0,0,0,0,0,0,0,0.026633195,0.0,0,0,0.0,0.0,0.0,0,0,0,0,0,0,0,0,0,0.0,0.0,0.0,0,0,0,0,0,0,3,0,0,0,-1,-1,0,0,0.0,0.0,0,0,56300000.0,20.50609665,56300000,56300000,Benign
500,17,21/02/2018 09:19:05,89480174,6,0,3000,0,500,500,500.0,0.0,0,0,0.0,0.0,33.52697995,0.06705396,17900000.0,15300000.0,42000000,4000316,89500000,17900000.0,15300000.0,42000000,4000316,0,0.0,0.0,0,0,0,0,0,0,48,0,0.06705396,0.0,500,500,500.0,0.0,0.0,0,0,0,0,0,0,0,0,0,583.3333333,500.0,0.0,0,0,0,0,0,0,6,3000,0,0,-1,-1,5,8,4000316.0,0.0,4000316,4000316,21400000.0,15300000.0,42000000,7200330,Benign
500,17,21/02/2018 09:19:05,89480175,6,0,3000,0,500,500,500.0,0.0,0,0,0.0,0.0,33.52697958,0.067053959,17900000.0,15300000.0,42000000,4000316,89500000,17900000.0,15300000.0,42000000,4000316,0,0.0,0.0,0,0,0,0,0,0,48,0,0.067053959,0.0,500,500,500.0,0.0,0.0,0,0,0,0,0,0,0,0,0,583.3333333,500.0,0.0,0,0,0,0,0,0,6,3000,0,0,-1,-1,5,8,4000316.0,0.0,4000316,4000316,21400000.0,15300000.0,42000000,7200340,Benign
500,17,21/02/2018 09:19:54,89479848,6,0,3000,0,500,500,500.0,0.0,0,0,0.0,0.0,33.5271021,0.067054204,17900000.0,15300000.0,42000000,4000301,89500000,17900000.0,15300000.0,42000000,4000301,0,0.0,0.0,0,0,0,0,0,0,48,0,0.067054204,0.0,500,500,500.0,0.0,0.0,0,0,0,0,0,0,0,0,0,583.3333333,500.0,0.0,0,0,0,0,0,0,6,3000,0,0,-1,-1,5,8,4000301.0,0.0,4000301,4000301,21400000.0,15300000.0,42000000,7200381,Benign
500,17,21/02/2018 09:19:54,89479848,6,0,3000,0,500,500,500.0,0.0,0,0,0.0,0.0,33.5271021,0.067054204,17900000.0,15300000.0,42000000,4000301,89500000,17900000.0,15300000.0,42000000,4000301,0,0.0,0.0,0,0,0,0,0,0,48,0,0.067054204,0.0,500,500,500.0,0.0,0.0,0,0,0,0,0,0,0,0,0,583.3333333,500.0,0.0,0,0,0,0,0,0,6,3000,0,0,-1,-1,5,8,4000301.0,0.0,4000301,4000301,21400000.0,15300000.0,42000000,7200382,Benign
500,17,21/02/2018 09:21:12,89479778,6,0,3000,0,500,500,500.0,0.0,0,0,0.0,0.0,33.52712833,0.067054257,17900000.0,15300000.0,42000000,4000329,89500000,17900000.0,15300000.0,42000000,4000329,0,0.0,0.0,0,0,0,0,0,0,48,0,0.067054257,0.0,500,500,500.0,0.0,0.0,0,0,0,0,0,0,0,0,0,583.3333333,500.0,0.0,0,0,0,0,0,0,6,3000,0,0,-1,-1,5,8,4000329.0,0.0,4000329,4000329,21400000.0,15300000.0,42000000,7200325,Benign
500,17,21/02/2018 09:21:12,89479778,6,0,3000,0,500,500,500.0,0.0,0,0,0.0,0.0,33.52712833,0.067054257,17900000.0,15300000.0,42000000,4000329,89500000,17900000.0,15300000.0,42000000,4000329,0,0.0,0.0,0,0,0,0,0,0,48,0,0.067054257,0.0,500,500,500.0,0.0,0.0,0,0,0,0,0,0,0,0,0,583.3333333,500.0,0.0,0,0,0,0,0,0,6,3000,0,0,-1,-1,5,8,4000329.0,0.0,4000329,4000329,21400000.0,15300000.0,42000000,7200325,Benign
0,0,21/02/2018 09:21:28,112641341,3,0,0,0,0,0,0.0,0.0,0,0,0.0,0.0,0.0,0.026633206,56300000.0,85.55992052,56300000,56300000,113000000,56300000.0,85.55992052,56300000,56300000,0,0.0,0.0,0,0,0,0,0,0,0,0,0.026633206,0.0,0,0,0.0,0.0,0.0,0,0,0,0,0,0,0,0,0,0.0,0.0,0.0,0,0,0,0,0,0,3,0,0,0,-1,-1,0,0,0.0,0.0,0,0,56300000.0,85.55992052,56300000,56300000,Benign
500,17,21/02/2018 09:21:50,89479654,6,0,3000,0,500,500,500.0,0.0,0,0,0.0,0.0,33.52717479,0.06705435,17900000.0,15300000.0,42000000,4000267,89500000,17900000.0,15300000.0,42000000,4000267,0,0.0,0.0,0,0,0,0,0,0,48,0,0.06705435,0.0,500,500,500.0,0.0,0.0,0,0,0,0,0,0,0,0,0,583.3333333,500.0,0.0,0,0,0,0,0,0,6,3000,0,0,-1,-1,5,8,4000267.0,0.0,4000267,4000267,21400000.0,15300000.0,42000000,7200348,Benign
500,17,21/02/2018 09:21:50,89479645,6,0,3000,0,500,500,500.0,0.0,0,0,0.0,0.0,33.52717816,0.067054356,17900000.0,15300000.0,42000000,4000258,89500000,17900000.0,15300000.0,42000000,4000258,0,0.0,0.0,0,0,0,0,0,0,48,0,0.067054356,0.0,500,500,500.0,0.0,0.0,0,0,0,0,0,0,0,0,0,583.3333333,500.0,0.0,0,0,0,0,0,0,6,3000,0,0,-1,-1,5,8,4000258.0,0.0,4000258,4000258,21400000.0,15300000.0,42000000,7200348,Benign
22,6,21/02/2018 09:25:05,754585,5,5,583,1017,560,0,116.6,248.0681358,976,0,203.4,432.2612636,2120.3708,13.2523175,83842.77778,107592.5129,285645,24,753583,188395.75,74427.30305,290109,132670,754561,188640.25,206622.6744,483573,555,0,0,0,0,112,112,6.62615875,6.62615875,0,976,145.4545455,321.8165203,103565.8727,0,0,1,1,0,0,0,1,1,160.0,116.6,203.4,0,0,0,0,0,0,5,583,5,1017,8192,219,2,20,0.0,0.0,0,0,0.0,0.0,0,0,Benign
500,17,21/02/2018 09:22:39,89479241,6,0,3000,0,500,500,500.0,0.0,0,0,0.0,0.0,33.52732954,0.067054659,17900000.0,15300000.0,42000000,4000286,89500000,17900000.0,15300000.0,42000000,4000286,0,0.0,0.0,0,0,0,0,0,0,48,0,0.067054659,0.0,500,500,500.0,0.0,0.0,0,0,0,0,0,0,0,0,0,583.3333333,500.0,0.0,0,0,0,0,0,0,6,3000,0,0,-1,-1,5,8,4000286.0,0.0,4000286,4000286,21400000.0,15300000.0,42000000,7200197,Benign
500,17,21/02/2018 09:22:39,89479240,6,0,3000,0,500,500,500.0,0.0,0,0,0.0,0.0,33.52732991,0.06705466,17900000.0,15300000.0,42000000,4000286,89500000,17900000.0,15300000.0,42000000,4000286,0,0.0,0.0,0,0,0,0,0,0,48,0,0.06705466,0.0,500,500,500.0,0.0,0.0,0,0,0,0,0,0,0,0,0,583.3333333,500.0,0.0,0,0,0,0,0,0,6,3000,0,0,-1,-1,5,8,4000286.0,0.0,4000286,4000286,21400000.0,15300000.0,42000000,7200207,Benign
500,17,21/02/2018 09:23:57,89483958,6,0,3000,0,500,500,500.0,0.0,0,0,0.0,0.0,33.5255622,0.067051124,17900000.0,15300000.0,42000000,4002886,89500000,17900000.0,15300000.0,42000000,4002886,0,0.0,0.0,0,0,0,0,0,0,48,0,0.067051124,0.0,500,500,500.0,0.0,0.0,0,0,0,0,0,0,0,0,0,583.3333333,500.0,0.0,0,0,0,0,0,0,6,3000,0,0,-1,-1,5,8,4002886.0,0.0,4002886,4002886,21400000.0,15300000.0,42000000,7201042,Benign
500,17,21/02/2018 09:23:57,89483957,6,0,3000,0,500,500,500.0,0.0,0,0,0.0,0.0,33.52556258,0.067051125,17900000.0,15300000.0,42000000,4002886,89500000,17900000.0,15300000.0,42000000,4002886,0,0.0,0.0,0,0,0,0,0,0,48,0,0.067051125,0.0,500,500,500.0,0.0,0.0,0,0,0,0,0,0,0,0,0,583.3333333,500.0,0.0,0,0,0,0,0,0,6,3000,0,0,-1,-1,5,8,4002886.0,0.0,4002886,4002886,21400000.0,15300000.0,42000000,7201041,Benign
0,0,21/02/2018 09:24:17,112641402,3,0,0,0,0,0,0.0,0.0,0,0,0.0,0.0,0.0,0.026633191,56300000.0,82.02438662,56300000,56300000,113000000,56300000.0,82.02438662,56300000,56300000,0,0.0,0.0,0,0,0,0,0,0,0,0,0.026633191,0.0,0,0,0.0,0.0,0.0,0,0,0,0,0,0,0,0,0,0.0,0.0,0.0,0,0,0,0,0,0,3,0,0,0,-1,-1,0,0,0.0,0.0,0,0,56300000.0,82.02438662,56300000,56300000,Benign
500,17,21/02/2018 09:24:35,89479906,6,0,3000,0,500,500,500.0,0.0,0,0,0.0,0.0,33.52708037,0.067054161,17900000.0,15300000.0,42000000,4000278,89500000,17900000.0,15300000.0,42000000,4000278,0,0.0,0.0,0,0,0,0,0,0,48,0,0.067054161,0.0,500,500,500.0,0.0,0.0,0,0,0,0,0,0,0,0,0,583.3333333,500.0,0.0,0,0,0,0,0,0,6,3000,0,0,-1,-1,5,8,4000278.0,0.0,4000278,4000278,21400000.0,15300000.0,42000000,7200318,Benign
500,17,21/02/2018 09:24:35,89479906,6,0,3000,0,500,500,500.0,0.0,0,0,0.0,0.0,33.52708037,0.067054161,17900000.0,15300000.0,42000000,4000276,89500000,17900000.0,15300000.0,42000000,4000276,0,0.0,0.0,0,0,0,0,0,0,48,0,0.067054161,0.0,500,500,500.0,0.0,0.0,0,0,0,0,0,0,0,0,0,583.3333333,500.0,0.0,0,0,0,0,0,0,6,3000,0,0,-1,-1,5,8,4000276.0,0.0,4000276,4000276,21400000.0,15300000.0,42000000,7200319,Benign
500,17,21/02/2018 09:25:24,89479862,6,0,3000,0,500,500,500.0,0.0,0,0,0.0,0.0,33.52709686,0.067054194,17900000.0,15300000.0,42000000,4000398,89500000,17900000.0,15300000.0,42000000,4000398,0,0.0,0.0,0,0,0,0,0,0,48,0,0.067054194,0.0,500,500,500.0,0.0,0.0,0,0,0,0,0,0,0,0,0,583.3333333,500.0,0.0,0,0,0,0,0,0,6,3000,0,0,-1,-1,5,8,4000398.0,0.0,4000398,4000398,21400000.0,15300000.0,42000000,7200406,Benign
500,17,21/02/2018 09:25:24,89479864,6,0,3000,0,500,500,500.0,0.0,0,0,0.0,0.0,33.52709611,0.067054192,17900000.0,15300000.0,42000000,4000397,89500000,17900000.0,15300000.0,42000000,4000397,0,0.0,0.0,0,0,0,0,0,0,48,0,0.067054192,0.0,500,500,500.0,0.0,0.0,0,0,0,0,0,0,0,0,0,583.3333333,500.0,0.0,0,0,0,0,0,0,6,3000,0,0,-1,-1,5,8,4000397.0,0.0,4000397,4000397,21400000.0,15300000.0,42000000,7200407,Benign
500,17,21/02/2018 09:26:43,89479830,6,0,3000,0,500,500,500.0,0.0,0,0,0.0,0.0,33.52710885,0.067054218,17900000.0,15300000.0,42000000,4000331,89500000,17900000.0,15300000.0,42000000,4000331,0,0.0,0.0,0,0,0,0,0,0,48,0,0.067054218,0.0,500,500,500.0,0.0,0.0,0,0,0,0,0,0,0,0,0,583.3333333,500.0,0.0,0,0,0,0,0,0,6,3000,0,0,-1,-1,5,8,4000331.0,0.0,4000331,4000331,21400000.0,15300000.0,42000000,7200346,Benign
500,17,21/02/2018 09:26:43,89479830,6,0,3000,0,500,500,500.0,0.0,0,0,0.0,0.0,33.52710885,0.067054218,17900000.0,15300000.0,42000000,4000331,89500000,17900000.0,15300000.0,42000000,4000331,0,0.0,0.0,0,0,0,0,0,0,48,0,0.067054218,0.0,500,500,500.0,0.0,0.0,0,0,0,0,0,0,0,0,0,583.3333333,500.0,0.0,0,0,0,0,0,0,6,3000,0,0,-1,-1,5,8,4000331.0,0.0,4000331,4000331,21400000.0,15300000.0,42000000,7200346,Benign
0,0,21/02/2018 09:27:06,112641329,3,0,0,0,0,0,0.0,0.0,0,0,0.0,0.0,0.0,0.026633208,56300000.0,16.26345597,56300000,56300000,113000000,56300000.0,16.26345597,56300000,56300000,0,0.0,0.0,0,0,0,0,0,0,0,0,0.026633208,0.0,0,0,0.0,0.0,0.0,0,0,0,0,0,0,0,0,0,0.0,0.0,0.0,0,0,0,0,0,0,3,0,0,0,-1,-1,0,0,0.0,0.0,0,0,56300000.0,16.26345597,56300000,56300000,Benign
500,17,21/02/2018 09:27:20,89479653,6,0,3000,0,500,500,500.0,0.0,0,0,0.0,0.0,33.52717517,0.06705435,17900000.0,15300000.0,42000000,4000262,89500000,17900000.0,15300000.0,42000000,4000262,0,0.0,0.0,0,0,0,0,0,0,48,0,0.06705435,0.0,500,500,500.0,0.0,0.0,0,0,0,0,0,0,0,0,0,583.3333333,500.0,0.0,0,0,0,0,0,0,6,3000,0,0,-1,-1,5,8,4000262.0,0.0,4000262,4000262,21400000.0,15300000.0,42000000,7200376,Benign
500,17,21/02/2018 09:27:20,89479655,6,0,3000,0,500,500,500.0,0.0,0,0,0.0,0.0,33.52717442,0.067054349,17900000.0,15300000.0,42000000,4000263,89500000,17900000.0,15300000.0,42000000,4000263,0,0.0,0.0,0,0,0,0,0,0,48,0,0.067054349,0.0,500,500,500.0,0.0,0.0,0,0,0,0,0,0,0,0,0,583.3333333,500.0,0.0,0,0,0,0,0,0,6,3000,0,0,-1,-1,5,8,4000263.0,0.0,4000263,4000263,21400000.0,15300000.0,42000000,7200376,Benign
20388,6,21/02/2018 08:45:49,76660684,95,100,8080,2496,704,0,85.05263158,69.20388755,64,0,24.96,31.37325632,137.9585917,2.543676756,395158.1649,3123973.993,36600000,2,76600000,815084.6064,4473827.205,36700000,22,76600000,773502.202,4350247.971,36600000,2,1,0,0,0,1900,2000,1.239227138,1.304449619,0,704,54.28571429,60.91810392,3711.015385,0,1,0,0,1,0,0,0,1,54.56410256,85.05263158,24.96,0,0,0,0,0,0,95,8080,100,2496,253,252,93,20,2674570.0,1336721.73,3619775,1729365,30200000.0,9053870.18,36600000,23800000,Benign
500,17,21/02/2018 09:28:09,89480009,6,0,3000,0,500,500,500.0,0.0,0,0,0.0,0.0,33.52704178,0.067054084,17900000.0,15300000.0,42000000,4000340,89500000,17900000.0,15300000.0,42000000,4000340,0,0.0,0.0,0,0,0,0,0,0,48,0,0.067054084,0.0,500,500,500.0,0.0,0.0,0,0,0,0,0,0,0,0,0,583.3333333,500.0,0.0,0,0,0,0,0,0,6,3000,0,0,-1,-1,5,8,4000340.0,0.0,4000340,4000340,21400000.0,15300000.0,42000000,7200574,Benign
500,17,21/02/2018 09:28:09,89480008,6,0,3000,0,500,500,500.0,0.0,0,0,0.0,0.0,33.52704215,0.067054084,17900000.0,15300000.0,42000000,4000341,89500000,17900000.0,15300000.0,42000000,4000341,0,0.0,0.0,0,0,0,0,0,0,48,0,0.067054084,0.0,500,500,500.0,0.0,0.0,0,0,0,0,0,0,0,0,0,583.3333333,500.0,0.0,0,0,0,0,0,0,6,3000,0,0,-1,-1,5,8,4000341.0,0.0,4000341,4000341,21400000.0,15300000.0,42000000,7200574,Benign
22,6,21/02/2018 09:31:32,2265935,19,16,1096,2261,272,0,57.68421053,78.57696343,976,0,141.3125,302.9998281,1481.507634,15.4461624,66645.14706,84927.34041,216445,16,2265208,125844.8889,84110.971,216952,16,2265913,151060.8667,83520.38859,271224,19,0,0,0,0,616,520,8.385059589,7.061102812,0,976,93.25,210.9814311,44513.16429,0,0,0,1,0,0,0,0,0,95.91428571,57.68421053,141.3125,0,0,0,0,0,0,19,1096,16,2261,5840,227,11,32,0.0,0.0,0,0,0.0,0.0,0,0,Benign
500,17,21/02/2018 09:29:28,89479730,6,0,3000,0,500,500,500.0,0.0,0,0,0.0,0.0,33.52714632,0.067054293,17900000.0,15300000.0,42000000,4000281,89500000,17900000.0,15300000.0,42000000,4000281,0,0.0,0.0,0,0,0,0,0,0,48,0,0.067054293,0.0,500,500,500.0,0.0,0.0,0,0,0,0,0,0,0,0,0,583.3333333,500.0,0.0,0,0,0,0,0,0,6,3000,0,0,-1,-1,5,8,4000281.0,0.0,4000281,4000281,21400000.0,15300000.0,42000000,7200370,Benign
500,17,21/02/2018 09:29:28,89479730,6,0,3000,0,500,500,500.0,0.0,0,0,0.0,0.0,33.52714632,0.067054293,17900000.0,15300000.0,42000000,4000280,89500000,17900000.0,15300000.0,42000000,4000280,0,0.0,0.0,0,0,0,0,0,0,48,0,0.067054293,0.0,500,500,500.0,0.0,0.0,0,0,0,0,0,0,0,0,0,583.3333333,500.0,0.0,0,0,0,0,0,0,6,3000,0,0,-1,-1,5,8,4000280.0,0.0,4000280,4000280,21400000.0,15300000.0,42000000,7200370,Benign
0,0,21/02/2018 09:29:55,112641262,3,0,0,0,0,0,0.0,0.0,0,0,0.0,0.0,0.0,0.026633224,56300000.0,22.627417,56300000,56300000,113000000,56300000.0,22.627417,56300000,56300000,0,0.0,0.0,0,0,0,0,0,0,0,0,0.026633224,0.0,0,0,0.0,0.0,0.0,0,0,0,0,0,0,0,0,0,0.0,0.0,0.0,0,0,0,0,0,0,3,0,0,0,-1,-1,0,0,0.0,0.0,0,0,56300000.0,22.627417,56300000,56300000,Benign
500,17,21/02/2018 09:30:05,89480077,6,0,3000,0,500,500,500.0,0.0,0,0,0.0,0.0,33.5270163,0.067054033,17900000.0,15300000.0,42000000,4000295,89500000,17900000.0,15300000.0,42000000,4000295,0,0.0,0.0,0,0,0,0,0,0,48,0,0.067054033,0.0,500,500,500.0,0.0,0.0,0,0,0,0,0,0,0,0,0,583.3333333,500.0,0.0,0,0,0,0,0,0,6,3000,0,0,-1,-1,5,8,4000295.0,0.0,4000295,4000295,21400000.0,15300000.0,42000000,7200245,Benign
500,17,21/02/2018 09:30:05,89480074,6,0,3000,0,500,500,500.0,0.0,0,0,0.0,0.0,33.52701742,0.067054035,17900000.0,15300000.0,42000000,4000292,89500000,17900000.0,15300000.0,42000000,4000292,0,0.0,0.0,0,0,0,0,0,0,48,0,0.067054035,0.0,500,500,500.0,0.0,0.0,0,0,0,0,0,0,0,0,0,583.3333333,500.0,0.0,0,0,0,0,0,0,6,3000,0,0,-1,-1,5,8,4000292.0,0.0,4000292,4000292,21400000.0,15300000.0,42000000,7200245,Benign
500,17,21/02/2018 09:30:54,89479151,6,0,3000,0,500,500,500.0,0.0,0,0,0.0,0.0,33.52736326,0.067054727,17900000.0,15300000.0,42000000,4000140,89500000,17900000.0,15300000.0,42000000,4000140,0,0.0,0.0,0,0,0,0,0,0,48,0,0.067054727,0.0,500,500,500.0,0.0,0.0,0,0,0,0,0,0,0,0,0,583.3333333,500.0,0.0,0,0,0,0,0,0,6,3000,0,0,-1,-1,5,8,4000140.0,0.0,4000140,4000140,21400000.0,15300000.0,42000000,7200211,Benign
500,17,21/02/2018 09:30:54,89479152,6,0,3000,0,500,500,500.0,0.0,0,0,0.0,0.0,33.52736289,0.067054726,17900000.0,15300000.0,42000000,4000143,89500000,17900000.0,15300000.0,42000000,4000143,0,0.0,0.0,0,0,0,0,0,0,48,0,0.067054726,0.0,500,500,500.0,0.0,0.0,0,0,0,0,0,0,0,0,0,583.3333333,500.0,0.0,0,0,0,0,0,0,6,3000,0,0,-1,-1,5,8,4000143.0,0.0,4000143,4000143,21400000.0,15300000.0,42000000,7200208,Benign
500,17,21/02/2018 09:32:13,89480860,6,0,3000,0,500,500,500.0,0.0,0,0,0.0,0.0,33.52672292,0.067053446,17900000.0,15300000.0,42000000,4000317,89500000,17900000.0,15300000.0,42000000,4000317,0,0.0,0.0,0,0,0,0,0,0,48,0,0.067053446,0.0,500,500,500.0,0.0,0.0,0,0,0,0,0,0,0,0,0,583.3333333,500.0,0.0,0,0,0,0,0,0,6,3000,0,0,-1,-1,5,8,4000317.0,0.0,4000317,4000317,21400000.0,15300000.0,42000000,7200441,Benign
500,17,21/02/2018 09:32:13,89480857,6,0,3000,0,500,500,500.0,0.0,0,0,0.0,0.0,33.52672405,0.067053448,17900000.0,15300000.0,42000000,4000313,89500000,17900000.0,15300000.0,42000000,4000313,0,0.0,0.0,0,0,0,0,0,0,48,0,0.067053448,0.0,500,500,500.0,0.0,0.0,0,0,0,0,0,0,0,0,0,583.3333333,500.0,0.0,0,0,0,0,0,0,6,3000,0,0,-1,-1,5,8,4000313.0,0.0,4000313,4000313,21400000.0,15300000.0,42000000,7200441,Benign
0,0,21/02/2018 09:32:44,112641378,3,0,0,0,0,0,0.0,0.0,0,0,0.0,0.0,0.0,0.026633197,56300000.0,4.242640687,56300000,56300000,113000000,56300000.0,4.242640687,56300000,56300000,0,0.0,0.0,0,0,0,0,0,0,0,0,0.026633197,0.0,0,0,0.0,0.0,0.0,0,0,0,0,0,0,0,0,0,0.0,0.0,0.0,0,0,0,0,0,0,3,0,0,0,-1,-1,0,0,0.0,0.0,0,0,56300000.0,4.242640687,56300000,56300000,Benign
500,17,21/02/2018 09:32:50,89480024,6,0,3000,0,500,500,500.0,0.0,0,0,0.0,0.0,33.52703616,0.067054072,17900000.0,15300000.0,42000000,4000636,89500000,17900000.0,15300000.0,42000000,4000636,0,0.0,0.0,0,0,0,0,0,0,48,0,0.067054072,0.0,500,500,500.0,0.0,0.0,0,0,0,0,0,0,0,0,0,583.3333333,500.0,0.0,0,0,0,0,0,0,6,3000,0,0,-1,-1,5,8,4000636.0,0.0,4000636,4000636,21400000.0,15300000.0,42000000,7200273,Benign
500,17,21/02/2018 09:32:50,89480025,6,0,3000,0,500,500,500.0,0.0,0,0,0.0,0.0,33.52703578,0.067054072,17900000.0,15300000.0,42000000,4000636,89500000,17900000.0,15300000.0,42000000,4000636,0,0.0,0.0,0,0,0,0,0,0,48,0,0.067054072,0.0,500,500,500.0,0.0,0.0,0,0,0,0,0,0,0,0,0,583.3333333,500.0,0.0,0,0,0,0,0,0,6,3000,0,0,-1,-1,5,8,4000636.0,0.0,4000636,4000636,21400000.0,15300000.0,42000000,7200270,Benign
500,17,21/02/2018 09:33:39,89479179,6,0,3000,0,500,500,500.0,0.0,0,0,0.0,0.0,33.52735277,0.067054706,17900000.0,15300000.0,42000000,4000196,89500000,17900000.0,15300000.0,42000000,4000196,0,0.0,0.0,0,0,0,0,0,0,48,0,0.067054706,0.0,500,500,500.0,0.0,0.0,0,0,0,0,0,0,0,0,0,583.3333333,500.0,0.0,0,0,0,0,0,0,6,3000,0,0,-1,-1,5,8,4000196.0,0.0,4000196,4000196,21400000.0,15300000.0,42000000,7200152,Benign
500,17,21/02/2018 09:33:39,89479178,6,0,3000,0,500,500,500.0,0.0,0,0,0.0,0.0,33.52735315,0.067054706,17900000.0,15300000.0,42000000,4000196,89500000,17900000.0,15300000.0,42000000,4000196,0,0.0,0.0,0,0,0,0,0,0,48,0,0.067054706,0.0,500,500,500.0,0.0,0.0,0,0,0,0,0,0,0,0,0,583.3333333,500.0,0.0,0,0,0,0,0,0,6,3000,0,0,-1,-1,5,8,4000196.0,0.0,4000196,4000196,21400000.0,15300000.0,42000000,7200152,Benign
500,17,21/02/2018 09:34:58,89479899,6,0,3000,0,500,500,500.0,0.0,0,0,0.0,0.0,33.52708299,0.067054166,17900000.0,15300000.0,42000000,4000335,89500000,17900000.0,15300000.0,42000000,4000335,0,0.0,0.0,0,0,0,0,0,0,48,0,0.067054166,0.0,500,500,500.0,0.0,0.0,0,0,0,0,0,0,0,0,0,583.3333333,500.0,0.0,0,0,0,0,0,0,6,3000,0,0,-1,-1,5,8,4000335.0,0.0,4000335,4000335,21400000.0,15300000.0,42000000,7200362,Benign
500,17,21/02/2018 09:34:58,89479898,6,0,3000,0,500,500,500.0,0.0,0,0,0.0,0.0,33.52708337,0.067054167,17900000.0,15300000.0,42000000,4000334,89500000,17900000.0,15300000.0,42000000,4000334,0,0.0,0.0,0,0,0,0,0,0,48,0,0.067054167,0.0,500,500,500.0,0.0,0.0,0,0,0,0,0,0,0,0,0,583.3333333,500.0,0.0,0,0,0,0,0,0,6,3000,0,0,-1,-1,5,8,4000334.0,0.0,4000334,4000334,21400000.0,15300000.0,42000000,7200363,Benign
500,17,21/02/2018 09:35:35,89479866,6,0,3000,0,500,500,500.0,0.0,0,0,0.0,0.0,33.52709536,0.067054191,17900000.0,15300000.0,42000000,4001033,89500000,17900000.0,15300000.0,42000000,4001033,0,0.0,0.0,0,0,0,0,0,0,48,0,0.067054191,0.0,500,500,500.0,0.0,0.0,0,0,0,0,0,0,0,0,0,583.3333333,500.0,0.0,0,0,0,0,0,0,6,3000,0,0,-1,-1,5,8,4001033.0,0.0,4001033,4001033,21400000.0,15300000.0,42000000,7199783,Benign
500,17,21/02/2018 09:35:35,89479865,6,0,3000,0,500,500,500.0,0.0,0,0,0.0,0.0,33.52709573,0.067054191,17900000.0,15300000.0,42000000,4001031,89500000,17900000.0,15300000.0,42000000,4001031,0,0.0,0.0,0,0,0,0,0,0,48,0,0.067054191,0.0,500,500,500.0,0.0,0.0,0,0,0,0,0,0,0,0,0,583.3333333,500.0,0.0,0,0,0,0,0,0,6,3000,0,0,-1,-1,5,8,4001031.0,0.0,4001031,4001031,21400000.0,15300000.0,42000000,7199787,Benign
0,0,21/02/2018 09:35:33,112641411,3,0,0,0,0,0,0.0,0.0,0,0,0.0,0.0,0.0,0.026633189,56300000.0,2.121320344,56300000,56300000,113000000,56300000.0,2.121320344,56300000,56300000,0,0.0,0.0,0,0,0,0,0,0,0,0,0.026633189,0.0,0,0,0.0,0.0,0.0,0,0,0,0,0,0,0,0,0,0.0,0.0,0.0,0,0,0,0,0,0,3,0,0,0,-1,-1,0,0,0.0,0.0,0,0,56300000.0,2.121320344,56300000,56300000,Benign
22,6,21/02/2018 09:38:31,3725991,14,11,1123,1969,648,0,80.21428571,178.5239387,976,0,179.0,364.1864907,829.8463416,6.709624366,155249.625,229941.0887,541708,9,3725991,286614.6923,259980.2078,546137,18,3110829,311082.9,258077.342,557588,73,0,0,0,0,456,360,3.757389645,2.952234721,0,976,118.9230769,269.4780025,72618.39385,0,0,0,1,0,0,0,0,0,123.68,80.21428571,179.0,0,0,0,0,0,0,14,1123,11,1969,29200,230,7,32,0.0,0.0,0,0,0.0,0.0,0,0,Benign
500,17,21/02/2018 09:36:24,89480145,6,0,3000,0,500,500,500.0,0.0,0,0,0.0,0.0,33.52699082,0.067053982,17900000.0,15300000.0,42000000,4000250,89500000,17900000.0,15300000.0,42000000,4000250,0,0.0,0.0,0,0,0,0,0,0,48,0,0.067053982,0.0,500,500,500.0,0.0,0.0,0,0,0,0,0,0,0,0,0,583.3333333,500.0,0.0,0,0,0,0,0,0,6,3000,0,0,-1,-1,5,8,4000250.0,0.0,4000250,4000250,21400000.0,15300000.0,42000000,7200371,Benign
500,17,21/02/2018 09:36:24,89480147,6,0,3000,0,500,500,500.0,0.0,0,0,0.0,0.0,33.52699007,0.06705398,17900000.0,15300000.0,42000000,4000251,89500000,17900000.0,15300000.0,42000000,4000251,0,0.0,0.0,0,0,0,0,0,0,48,0,0.06705398,0.0,500,500,500.0,0.0,0.0,0,0,0,0,0,0,0,0,0,583.3333333,500.0,0.0,0,0,0,0,0,0,6,3000,0,0,-1,-1,5,8,4000251.0,0.0,4000251,4000251,21400000.0,15300000.0,42000000,7200372,Benign
22,6,21/02/2018 09:39:57,283481,4,5,583,1017,560,0,145.75,276.3794192,976,0,203.4,432.2612636,5644.117242,31.74815949,35435.125,60534.57812,133865,24,282477,94159.0,67897.63737,133894,15760,283430,70857.5,74867.39159,137273,980,0,0,0,0,92,112,14.11029311,17.63786638,0,976,160.0,335.3913137,112487.3333,0,0,1,1,0,0,0,1,1,177.7777778,145.75,203.4,0,0,0,0,0,0,4,583,5,1017,8192,219,2,20,0.0,0.0,0,0,0.0,0.0,0,0,Benign
22,6,21/02/2018 09:39:58,444,3,1,56,0,56,0,18.66666667,32.33161507,0,0,0.0,0.0,126126.1261,9009.009009,148.0,238.182703,423,7,444,222.0,284.256926,423,21,0,0.0,0.0,0,0,0,0,0,0,60,20,6756.756757,2252.252252,0,56,11.2,25.04396135,627.2,0,0,0,0,1,0,0,0,0,14.0,18.66666667,0.0,0,0,0,0,0,0,3,56,1,0,252,0,1,20,0.0,0.0,0,0,0.0,0.0,0,0,Benign
500,17,21/02/2018 09:37:43,89479883,6,0,3000,0,500,500,500.0,0.0,0,0,0.0,0.0,33.52708899,0.067054178,17900000.0,15300000.0,42000000,4000313,89500000,17900000.0,15300000.0,42000000,4000313,0,0.0,0.0,0,0,0,0,0,0,48,0,0.067054178,0.0,500,500,500.0,0.0,0.0,0,0,0,0,0,0,0,0,0,583.3333333,500.0,0.0,0,0,0,0,0,0,6,3000,0,0,-1,-1,5,8,4000313.0,0.0,4000313,4000313,21400000.0,15300000.0,42000000,7200433,Benign
500,17,21/02/2018 09:37:43,89479884,6,0,3000,0,500,500,500.0,0.0,0,0,0.0,0.0,33.52708861,0.067054177,17900000.0,15300000.0,42000000,4000313,89500000,17900000.0,15300000.0,42000000,4000313,0,0.0,0.0,0,0,0,0,0,0,48,0,0.067054177,0.0,500,500,500.0,0.0,0.0,0,0,0,0,0,0,0,0,0,583.3333333,500.0,0.0,0,0,0,0,0,0,6,3000,0,0,-1,-1,5,8,4000313.0,0.0,4000313,4000313,21400000.0,15300000.0,42000000,7200433,Benign
500,17,21/02/2018 09:38:20,89479895,6,0,3000,0,500,500,500.0,0.0,0,0,0.0,0.0,33.52708449,0.067054169,17900000.0,15300000.0,42000000,4000398,89500000,17900000.0,15300000.0,42000000,4000398,0,0.0,0.0,0,0,0,0,0,0,48,0,0.067054169,0.0,500,500,500.0,0.0,0.0,0,0,0,0,0,0,0,0,0,583.3333333,500.0,0.0,0,0,0,0,0,0,6,3000,0,0,-1,-1,5,8,4000398.0,0.0,4000398,4000398,21400000.0,15300000.0,42000000,7200238,Benign
500,17,21/02/2018 09:38:20,89479895,6,0,3000,0,500,500,500.0,0.0,0,0,0.0,0.0,33.52708449,0.067054169,17900000.0,15300000.0,42000000,4000398,89500000,17900000.0,15300000.0,42000000,4000398,0,0.0,0.0,0,0,0,0,0,0,48,0,0.067054169,0.0,500,500,500.0,0.0,0.0,0,0,0,0,0,0,0,0,0,583.3333333,500.0,0.0,0,0,0,0,0,0,6,3000,0,0,-1,-1,5,8,4000398.0,0.0,4000398,4000398,21400000.0,15300000.0,42000000,7200235,Benign
0,0,21/02/2018 09:38:22,112641437,3,0,0,0,0,0,0.0,0.0,0,0,0.0,0.0,0.0,0.026633183,56300000.0,88.38834765,56300000,56300000,113000000,56300000.0,88.38834765,56300000,56300000,0,0.0,0.0,0,0,0,0,0,0,0,0,0.026633183,0.0,0,0,0.0,0.0,0.0,0,0,0,0,0,0,0,0,0,0.0,0.0,0.0,0,0,0,0,0,0,3,0,0,0,-1,-1,0,0,0.0,0.0,0,0,56300000.0,88.38834765,56300000,56300000,Benign
500,17,21/02/2018 09:39:09,89479815,6,0,3000,0,500,500,500.0,0.0,0,0,0.0,0.0,33.52711447,0.067054229,17900000.0,15300000.0,42000000,4000289,89500000,17900000.0,15300000.0,42000000,4000289,0,0.0,0.0,0,0,0,0,0,0,48,0,0.067054229,0.0,500,500,500.0,0.0,0.0,0,0,0,0,0,0,0,0,0,583.3333333,500.0,0.0,0,0,0,0,0,0,6,3000,0,0,-1,-1,5,8,4000289.0,0.0,4000289,4000289,21400000.0,15300000.0,42000000,7200403,Benign
500,17,21/02/2018 09:39:09,89479816,6,0,3000,0,500,500,500.0,0.0,0,0,0.0,0.0,33.52711409,0.067054228,17900000.0,15300000.0,42000000,4000290,89500000,17900000.0,15300000.0,42000000,4000290,0,0.0,0.0,0,0,0,0,0,0,48,0,0.067054228,0.0,500,500,500.0,0.0,0.0,0,0,0,0,0,0,0,0,0,583.3333333,500.0,0.0,0,0,0,0,0,0,6,3000,0,0,-1,-1,5,8,4000290.0,0.0,4000290,4000290,21400000.0,15300000.0,42000000,7200402,Benign
500,17,21/02/2018 09:40:28,89480410,6,0,3000,0,500,500,500.0,0.0,0,0,0.0,0.0,33.52689153,0.067053783,17900000.0,15300000.0,42000000,4000315,89500000,17900000.0,15300000.0,42000000,4000315,0,0.0,0.0,0,0,0,0,0,0,48,0,0.067053783,0.0,500,500,500.0,0.0,0.0,0,0,0,0,0,0,0,0,0,583.3333333,500.0,0.0,0,0,0,0,0,0,6,3000,0,0,-1,-1,5,8,4000315.0,0.0,4000315,4000315,21400000.0,15300000.0,42000000,7200378,Benign
500,17,21/02/2018 09:40:28,89480407,6,0,3000,0,500,500,500.0,0.0,0,0,0.0,0.0,33.52689265,0.067053785,17900000.0,15300000.0,42000000,4000314,89500000,17900000.0,15300000.0,42000000,4000314,0,0.0,0.0,0,0,0,0,0,0,48,0,0.067053785,0.0,500,500,500.0,0.0,0.0,0,0,0,0,0,0,0,0,0,583.3333333,500.0,0.0,0,0,0,0,0,0,6,3000,0,0,-1,-1,5,8,4000314.0,0.0,4000314,4000314,21400000.0,15300000.0,42000000,7200377,Benign
500,17,21/02/2018 09:41:05,89479903,6,0,3000,0,500,500,500.0,0.0,0,0,0.0,0.0,33.52708149,0.067054163,17900000.0,15300000.0,42000000,4000211,89500000,17900000.0,15300000.0,42000000,4000211,0,0.0,0.0,0,0,0,0,0,0,48,0,0.067054163,0.0,500,500,500.0,0.0,0.0,0,0,0,0,0,0,0,0,0,583.3333333,500.0,0.0,0,0,0,0,0,0,6,3000,0,0,-1,-1,5,8,4000211.0,0.0,4000211,4000211,21400000.0,15300000.0,42000000,7200300,Benign
500,17,21/02/2018 09:41:05,89479892,6,0,3000,0,500,500,500.0,0.0,0,0,0.0,0.0,33.52708562,0.067054171,17900000.0,15300000.0,42000000,4000201,89500000,17900000.0,15300000.0,42000000,4000201,0,0.0,0.0,0,0,0,0,0,0,48,0,0.067054171,0.0,500,500,500.0,0.0,0.0,0,0,0,0,0,0,0,0,0,583.3333333,500.0,0.0,0,0,0,0,0,0,6,3000,0,0,-1,-1,5,8,4000201.0,0.0,4000201,4000201,21400000.0,15300000.0,42000000,7200300,Benign
0,0,21/02/2018 09:41:10,112641477,3,0,0,0,0,0,0.0,0.0,0,0,0.0,0.0,0.0,0.026633173,56300000.0,2.121320344,56300000,56300000,113000000,56300000.0,2.121320344,56300000,56300000,0,0.0,0.0,0,0,0,0,0,0,0,0,0.026633173,0.0,0,0,0.0,0.0,0.0,0,0,0,0,0,0,0,0,0,0.0,0.0,0.0,0,0,0,0,0,0,3,0,0,0,-1,-1,0,0,0.0,0.0,0,0,56300000.0,2.121320344,56300000,56300000,Benign
500,17,21/02/2018 09:41:54,89479791,6,0,3000,0,500,500,500.0,0.0,0,0,0.0,0.0,33.52712346,0.067054247,17900000.0,15300000.0,42000000,4000264,89500000,17900000.0,15300000.0,42000000,4000264,0,0.0,0.0,0,0,0,0,0,0,48,0,0.067054247,0.0,500,500,500.0,0.0,0.0,0,0,0,0,0,0,0,0,0,583.3333333,500.0,0.0,0,0,0,0,0,0,6,3000,0,0,-1,-1,5,8,4000264.0,0.0,4000264,4000264,21400000.0,15300000.0,42000000,7200277,Benign
500,17,21/02/2018 09:41:54,89479792,6,0,3000,0,500,500,500.0,0.0,0,0,0.0,0.0,33.52712308,0.067054246,17900000.0,15300000.0,42000000,4000263,89500000,17900000.0,15300000.0,42000000,4000263,0,0.0,0.0,0,0,0,0,0,0,48,0,0.067054246,0.0,500,500,500.0,0.0,0.0,0,0,0,0,0,0,0,0,0,583.3333333,500.0,0.0,0,0,0,0,0,0,6,3000,0,0,-1,-1,5,8,4000263.0,0.0,4000263,4000263,21400000.0,15300000.0,42000000,7200278,Benign
500,17,21/02/2018 09:43:13,89479850,6,0,3000,0,500,500,500.0,0.0,0,0,0.0,0.0,33.52710135,0.067054203,17900000.0,15300000.0,42000000,4000377,89500000,17900000.0,15300000.0,42000000,4000377,0,0.0,0.0,0,0,0,0,0,0,48,0,0.067054203,0.0,500,500,500.0,0.0,0.0,0,0,0,0,0,0,0,0,0,583.3333333,500.0,0.0,0,0,0,0,0,0,6,3000,0,0,-1,-1,5,8,4000377.0,0.0,4000377,4000377,21400000.0,15300000.0,42000000,7200329,Benign
500,17,21/02/2018 09:43:13,89479848,6,0,3000,0,500,500,500.0,0.0,0,0,0.0,0.0,33.5271021,0.067054204,17900000.0,15300000.0,42000000,4000376,89500000,17900000.0,15300000.0,42000000,4000376,0,0.0,0.0,0,0,0,0,0,0,48,0,0.067054204,0.0,500,500,500.0,0.0,0.0,0,0,0,0,0,0,0,0,0,583.3333333,500.0,0.0,0,0,0,0,0,0,6,3000,0,0,-1,-1,5,8,4000376.0,0.0,4000376,4000376,21400000.0,15300000.0,42000000,7200327,Benign
67,17,21/02/2018 09:19:32,597,1,1,300,329,300,300,300.0,0.0,329,329,329.0,0.0,1053601.34,3350.083752,597.0,0.0,597,597,0,0.0,0.0,0,0,0,0.0,0.0,0,0,0,0,0,0,8,8,1675.041876,1675.041876,300,329,309.6666667,16.74315781,280.3333333,0,0,0,0,0,0,0,0,1,464.5,300.0,329.0,0,0,0,0,0,0,1,300,1,329,-1,-1,0,8,0.0,0.0,0,0,0.0,0.0,0,0,Benign
22,6,21/02/2018 09:46:20,3455041,13,11,1123,1969,648,0,86.38461538,184.2532399,976,0,179.0,364.1864907,894.924257,6.946371982,150219.1739,223191.7741,491334,9,3455041,287920.0833,252700.8364,521857,20,2964938,296493.8,246180.6681,534327,84,0,0,0,0,424,360,3.762618157,3.183753825,0,976,123.68,273.9184368,75031.31,0,0,0,1,0,0,0,0,0,128.8333333,86.38461538,179.0,0,0,0,0,0,0,13,1123,11,1969,29200,230,7,32,0.0,0.0,0,0,0.0,0.0,0,0,Benign
500,17,21/02/2018 09:43:51,89479713,6,0,3000,0,500,500,500.0,0.0,0,0,0.0,0.0,33.52715269,0.067054305,17900000.0,15300000.0,42000000,4000256,89500000,17900000.0,15300000.0,42000000,4000256,0,0.0,0.0,0,0,0,0,0,0,48,0,0.067054305,0.0,500,500,500.0,0.0,0.0,0,0,0,0,0,0,0,0,0,583.3333333,500.0,0.0,0,0,0,0,0,0,6,3000,0,0,-1,-1,5,8,4000256.0,0.0,4000256,4000256,21400000.0,15300000.0,42000000,7200357,Benign
500,17,21/02/2018 09:43:51,89479714,6,0,3000,0,500,500,500.0,0.0,0,0,0.0,0.0,33.52715231,0.067054305,17900000.0,15300000.0,42000000,4000256,89500000,17900000.0,15300000.0,42000000,4000256,0,0.0,0.0,0,0,0,0,0,0,48,0,0.067054305,0.0,500,500,500.0,0.0,0.0,0,0,0,0,0,0,0,0,0,583.3333333,500.0,0.0,0,0,0,0,0,0,6,3000,0,0,-1,-1,5,8,4000256.0,0.0,4000256,4000256,21400000.0,15300000.0,42000000,7200358,Benign
0,0,21/02/2018 09:43:59,112641375,3,0,0,0,0,0,0.0,0.0,0,0,0.0,0.0,0.0,0.026633198,56300000.0,10.60660172,56300000,56300000,113000000,56300000.0,10.60660172,56300000,56300000,0,0.0,0.0,0,0,0,0,0,0,0,0,0.026633198,0.0,0,0,0.0,0.0,0.0,0,0,0,0,0,0,0,0,0,0.0,0.0,0.0,0,0,0,0,0,0,3,0,0,0,-1,-1,0,0,0.0,0.0,0,0,56300000.0,10.60660172,56300000,56300000,Benign
500,17,21/02/2018 09:44:39,89479944,6,0,3000,0,500,500,500.0,0.0,0,0,0.0,0.0,33.52706613,0.067054132,17900000.0,15300000.0,42000000,4000318,89500000,17900000.0,15300000.0,42000000,4000318,0,0.0,0.0,0,0,0,0,0,0,48,0,0.067054132,0.0,500,500,500.0,0.0,0.0,0,0,0,0,0,0,0,0,0,583.3333333,500.0,0.0,0,0,0,0,0,0,6,3000,0,0,-1,-1,5,8,4000318.0,0.0,4000318,4000318,21400000.0,15300000.0,42000000,7200380,Benign
500,17,21/02/2018 09:44:39,89479943,6,0,3000,0,500,500,500.0,0.0,0,0,0.0,0.0,33.52706651,0.067054133,17900000.0,15300000.0,42000000,4000318,89500000,17900000.0,15300000.0,42000000,4000318,0,0.0,0.0,0,0,0,0,0,0,48,0,0.067054133,0.0,500,500,500.0,0.0,0.0,0,0,0,0,0,0,0,0,0,583.3333333,500.0,0.0,0,0,0,0,0,0,6,3000,0,0,-1,-1,5,8,4000318.0,0.0,4000318,4000318,21400000.0,15300000.0,42000000,7200379,Benign
500,17,21/02/2018 09:45:58,89479825,6,0,3000,0,500,500,500.0,0.0,0,0,0.0,0.0,33.52711072,0.067054221,17900000.0,15300000.0,42000000,4000175,89500000,17900000.0,15300000.0,42000000,4000175,0,0.0,0.0,0,0,0,0,0,0,48,0,0.067054221,0.0,500,500,500.0,0.0,0.0,0,0,0,0,0,0,0,0,0,583.3333333,500.0,0.0,0,0,0,0,0,0,6,3000,0,0,-1,-1,5,8,4000175.0,0.0,4000175,4000175,21400000.0,15300000.0,42000000,7200398,Benign
500,17,21/02/2018 09:45:58,89479825,6,0,3000,0,500,500,500.0,0.0,0,0,0.0,0.0,33.52711072,0.067054221,17900000.0,15300000.0,42000000,4000175,89500000,17900000.0,15300000.0,42000000,4000175,0,0.0,0.0,0,0,0,0,0,0,48,0,0.067054221,0.0,500,500,500.0,0.0,0.0,0,0,0,0,0,0,0,0,0,583.3333333,500.0,0.0,0,0,0,0,0,0,6,3000,0,0,-1,-1,5,8,4000175.0,0.0,4000175,4000175,21400000.0,15300000.0,42000000,7200400,Benign
500,17,21/02/2018 09:46:36,89479830,6,0,3000,0,500,500,500.0,0.0,0,0,0.0,0.0,33.52710885,0.067054218,17900000.0,15300000.0,42000000,4000373,89500000,17900000.0,15300000.0,42000000,4000373,0,0.0,0.0,0,0,0,0,0,0,48,0,0.067054218,0.0,500,500,500.0,0.0,0.0,0,0,0,0,0,0,0,0,0,583.3333333,500.0,0.0,0,0,0,0,0,0,6,3000,0,0,-1,-1,5,8,4000373.0,0.0,4000373,4000373,21400000.0,15300000.0,42000000,7200395,Benign
500,17,21/02/2018 09:46:36,89479833,6,0,3000,0,500,500,500.0,0.0,0,0,0.0,0.0,33.52710772,0.067054215,17900000.0,15300000.0,42000000,4000375,89500000,17900000.0,15300000.0,42000000,4000375,0,0.0,0.0,0,0,0,0,0,0,48,0,0.067054215,0.0,500,500,500.0,0.0,0.0,0,0,0,0,0,0,0,0,0,583.3333333,500.0,0.0,0,0,0,0,0,0,6,3000,0,0,-1,-1,5,8,4000375.0,0.0,4000375,4000375,21400000.0,15300000.0,42000000,7200395,Benign
0,0,21/02/2018 09:46:48,112641525,3,0,0,0,0,0,0.0,0.0,0,0,0.0,0.0,0.0,0.026633162,56300000.0,79.90306627,56300000,56300000,113000000,56300000.0,79.90306627,56300000,56300000,0,0.0,0.0,0,0,0,0,0,0,0,0,0.026633162,0.0,0,0,0.0,0.0,0.0,0,0,0,0,0,0,0,0,0,0.0,0.0,0.0,0,0,0,0,0,0,3,0,0,0,-1,-1,0,0,0.0,0.0,0,0,56300000.0,79.90306627,56300000,56300000,Benign
500,17,21/02/2018 09:47:24,89479744,6,0,3000,0,500,500,500.0,0.0,0,0,0.0,0.0,33.52714107,0.067054282,17900000.0,15300000.0,42000000,4000387,89500000,17900000.0,15300000.0,42000000,4000387,0,0.0,0.0,0,0,0,0,0,0,48,0,0.067054282,0.0,500,500,500.0,0.0,0.0,0,0,0,0,0,0,0,0,0,583.3333333,500.0,0.0,0,0,0,0,0,0,6,3000,0,0,-1,-1,5,8,4000387.0,0.0,4000387,4000387,21400000.0,15300000.0,42000000,7200408,Benign
500,17,21/02/2018 09:47:24,89479746,6,0,3000,0,500,500,500.0,0.0,0,0,0.0,0.0,33.52714032,0.067054281,17900000.0,15300000.0,42000000,4000387,89500000,17900000.0,15300000.0,42000000,4000387,0,0.0,0.0,0,0,0,0,0,0,48,0,0.067054281,0.0,500,500,500.0,0.0,0.0,0,0,0,0,0,0,0,0,0,583.3333333,500.0,0.0,0,0,0,0,0,0,6,3000,0,0,-1,-1,5,8,4000387.0,0.0,4000387,4000387,21400000.0,15300000.0,42000000,7200410,Benign
500,17,21/02/2018 09:48:43,89479976,6,0,3000,0,500,500,500.0,0.0,0,0,0.0,0.0,33.52705414,0.067054108,17900000.0,15300000.0,42000000,4000371,89500000,17900000.0,15300000.0,42000000,4000371,0,0.0,0.0,0,0,0,0,0,0,48,0,0.067054108,0.0,500,500,500.0,0.0,0.0,0,0,0,0,0,0,0,0,0,583.3333333,500.0,0.0,0,0,0,0,0,0,6,3000,0,0,-1,-1,5,8,4000371.0,0.0,4000371,4000371,21400000.0,15300000.0,42000000,7200346,Benign
500,17,21/02/2018 09:48:43,89479978,6,0,3000,0,500,500,500.0,0.0,0,0,0.0,0.0,33.52705339,0.067054107,17900000.0,15300000.0,42000000,4000371,89500000,17900000.0,15300000.0,42000000,4000371,0,0.0,0.0,0,0,0,0,0,0,48,0,0.067054107,0.0,500,500,500.0,0.0,0.0,0,0,0,0,0,0,0,0,0,583.3333333,500.0,0.0,0,0,0,0,0,0,6,3000,0,0,-1,-1,5,8,4000371.0,0.0,4000371,4000371,21400000.0,15300000.0,42000000,7200346,Benign
500,17,21/02/2018 09:49:21,89479751,6,0,3000,0,500,500,500.0,0.0,0,0,0.0,0.0,33.52713845,0.067054277,17900000.0,15300000.0,42000000,4000309,89500000,17900000.0,15300000.0,42000000,4000309,0,0.0,0.0,0,0,0,0,0,0,48,0,0.067054277,0.0,500,500,500.0,0.0,0.0,0,0,0,0,0,0,0,0,0,583.3333333,500.0,0.0,0,0,0,0,0,0,6,3000,0,0,-1,-1,5,8,4000309.0,0.0,4000309,4000309,21400000.0,15300000.0,42000000,7200324,Benign
500,17,21/02/2018 09:49:21,89479749,6,0,3000,0,500,500,500.0,0.0,0,0,0.0,0.0,33.5271392,0.067054278,17900000.0,15300000.0,42000000,4000308,89500000,17900000.0,15300000.0,42000000,4000308,0,0.0,0.0,0,0,0,0,0,0,48,0,0.067054278,0.0,500,500,500.0,0.0,0.0,0,0,0,0,0,0,0,0,0,583.3333333,500.0,0.0,0,0,0,0,0,0,6,3000,0,0,-1,-1,5,8,4000308.0,0.0,4000308,4000308,21400000.0,15300000.0,42000000,7200323,Benign
0,0,21/02/2018 09:49:37,112641348,3,0,0,0,0,0,0.0,0.0,0,0,0.0,0.0,0.0,0.026633204,56300000.0,31.11269837,56300000,56300000,113000000,56300000.0,31.11269837,56300000,56300000,0,0.0,0.0,0,0,0,0,0,0,0,0,0.026633204,0.0,0,0,0.0,0.0,0.0,0,0,0,0,0,0,0,0,0,0.0,0.0,0.0,0,0,0,0,0,0,3,0,0,0,-1,-1,0,0,0.0,0.0,0,0,56300000.0,31.11269837,56300000,56300000,Benign
500,17,21/02/2018 09:50:09,89479997,6,0,3000,0,500,500,500.0,0.0,0,0,0.0,0.0,33.52704627,0.067054093,17900000.0,15300000.0,42000000,4000305,89500000,17900000.0,15300000.0,42000000,4000305,0,0.0,0.0,0,0,0,0,0,0,48,0,0.067054093,0.0,500,500,500.0,0.0,0.0,0,0,0,0,0,0,0,0,0,583.3333333,500.0,0.0,0,0,0,0,0,0,6,3000,0,0,-1,-1,5,8,4000305.0,0.0,4000305,4000305,21400000.0,15300000.0,42000000,7200319,Benign
500,17,21/02/2018 09:50:09,89479996,6,0,3000,0,500,500,500.0,0.0,0,0,0.0,0.0,33.52704665,0.067054093,17900000.0,15300000.0,42000000,4000306,89500000,17900000.0,15300000.0,42000000,4000306,0,0.0,0.0,0,0,0,0,0,0,48,0,0.067054093,0.0,500,500,500.0,0.0,0.0,0,0,0,0,0,0,0,0,0,583.3333333,500.0,0.0,0,0,0,0,0,0,6,3000,0,0,-1,-1,5,8,4000306.0,0.0,4000306,4000306,21400000.0,15300000.0,42000000,7200321,Benign
500,17,21/02/2018 09:51:28,89480424,6,0,3000,0,500,500,500.0,0.0,0,0,0.0,0.0,33.52688628,0.067053773,17900000.0,15300000.0,42000000,4000288,89500000,17900000.0,15300000.0,42000000,4000288,0,0.0,0.0,0,0,0,0,0,0,48,0,0.067053773,0.0,500,500,500.0,0.0,0.0,0,0,0,0,0,0,0,0,0,583.3333333,500.0,0.0,0,0,0,0,0,0,6,3000,0,0,-1,-1,5,8,4000288.0,0.0,4000288,4000288,21400000.0,15300000.0,42000000,7200402,Benign
500,17,21/02/2018 09:51:28,89480424,6,0,3000,0,500,500,500.0,0.0,0,0,0.0,0.0,33.52688628,0.067053773,17900000.0,15300000.0,42000000,4000288,89500000,17900000.0,15300000.0,42000000,4000288,0,0.0,0.0,0,0,0,0,0,0,48,0,0.067053773,0.0,500,500,500.0,0.0,0.0,0,0,0,0,0,0,0,0,0,583.3333333,500.0,0.0,0,0,0,0,0,0,6,3000,0,0,-1,-1,5,8,4000288.0,0.0,4000288,4000288,21400000.0,15300000.0,42000000,7200401,Benign
22,6,21/02/2018 09:54:36,285781,4,5,583,1017,560,0,145.75,276.3794192,976,0,203.4,432.2612636,5598.692705,31.49264647,35722.625,60093.73142,132804,28,284838,94946.0,65571.13446,132856,19231,285753,71438.25,73742.29117,137359,914,0,0,0,0,92,112,13.99673176,17.4959147,0,976,160.0,335.3913137,112487.3333,0,0,1,1,0,0,0,1,1,177.7777778,145.75,203.4,0,0,0,0,0,0,4,583,5,1017,8192,219,2,20,0.0,0.0,0,0,0.0,0.0,0,0,Benign
22,6,21/02/2018 09:54:36,37,2,1,56,0,56,0,28.0,39.59797975,0,0,0.0,0.0,1513513.514,81081.08108,18.5,14.8492424,29,8,37,37.0,0.0,37,37,0,0.0,0.0,0,0,1,0,0,0,40,20,54054.05405,27027.02703,0,56,28.0,32.33161507,1045.333333,0,1,0,0,1,0,0,0,0,37.33333333,28.0,0.0,0,0,0,0,0,0,2,56,1,0,252,0,0,20,0.0,0.0,0,0,0.0,0.0,0,0,Benign
22,6,21/02/2018 09:54:44,5316793,12,12,1123,2010,648,0,93.58333333,190.527239,976,0,167.5,349.515899,589.2649949,4.513999323,231164.913,295563.6485,1024877,11,5316793,483344.8182,427913.0937,1528526,20,4823505,438500.4545,316159.8414,1024877,72,0,0,0,0,404,392,2.256999661,2.256999661,0,976,125.32,273.2690555,74675.97667,0,0,0,1,0,0,0,0,1,130.5416667,93.58333333,167.5,0,0,0,0,0,0,12,1123,12,2010,29200,230,7,32,0.0,0.0,0,0,0.0,0.0,0,0,Benign
500,17,21/02/2018 09:52:06,89479828,6,0,3000,0,500,500,500.0,0.0,0,0,0.0,0.0,33.5271096,0.067054219,17900000.0,15300000.0,42000000,4000310,89500000,17900000.0,15300000.0,42000000,4000310,0,0.0,0.0,0,0,0,0,0,0,48,0,0.067054219,0.0,500,500,500.0,0.0,0.0,0,0,0,0,0,0,0,0,0,583.3333333,500.0,0.0,0,0,0,0,0,0,6,3000,0,0,-1,-1,5,8,4000310.0,0.0,4000310,4000310,21400000.0,15300000.0,42000000,7200255,Benign
500,17,21/02/2018 09:52:06,89479828,6,0,3000,0,500,500,500.0,0.0,0,0,0.0,0.0,33.5271096,0.067054219,17900000.0,15300000.0,42000000,4000309,89500000,17900000.0,15300000.0,42000000,4000309,0,0.0,0.0,0,0,0,0,0,0,48,0,0.067054219,0.0,500,500,500.0,0.0,0.0,0,0,0,0,0,0,0,0,0,583.3333333,500.0,0.0,0,0,0,0,0,0,6,3000,0,0,-1,-1,5,8,4000309.0,0.0,4000309,4000309,21400000.0,15300000.0,42000000,7200255,Benign
0,0,21/02/2018 09:52:26,112641421,3,0,0,0,0,0,0.0,0.0,0,0,0.0,0.0,0.0,0.026633187,56300000.0,4.949747468,56300000,56300000,113000000,56300000.0,4.949747468,56300000,56300000,0,0.0,0.0,0,0,0,0,0,0,0,0,0.026633187,0.0,0,0,0.0,0.0,0.0,0,0,0,0,0,0,0,0,0,0.0,0.0,0.0,0,0,0,0,0,0,3,0,0,0,-1,-1,0,0,0.0,0.0,0,0,56300000.0,4.949747468,56300000,56300000,Benign
500,17,21/02/2018 09:52:54,89479938,6,0,3000,0,500,500,500.0,0.0,0,0,0.0,0.0,33.52706838,0.067054137,17900000.0,15300000.0,42000000,4000391,89500000,17900000.0,15300000.0,42000000,4000391,0,0.0,0.0,0,0,0,0,0,0,48,0,0.067054137,0.0,500,500,500.0,0.0,0.0,0,0,0,0,0,0,0,0,0,583.3333333,500.0,0.0,0,0,0,0,0,0,6,3000,0,0,-1,-1,5,8,4000391.0,0.0,4000391,4000391,21400000.0,15300000.0,42000000,7200372,Benign
500,17,21/02/2018 09:52:54,89479936,6,0,3000,0,500,500,500.0,0.0,0,0,0.0,0.0,33.52706913,0.067054138,17900000.0,15300000.0,42000000,4000389,89500000,17900000.0,15300000.0,42000000,4000389,0,0.0,0.0,0,0,0,0,0,0,48,0,0.067054138,0.0,500,500,500.0,0.0,0.0,0,0,0,0,0,0,0,0,0,583.3333333,500.0,0.0,0,0,0,0,0,0,6,3000,0,0,-1,-1,5,8,4000389.0,0.0,4000389,4000389,21400000.0,15300000.0,42000000,7200383,Benign
500,17,21/02/2018 09:54:13,89480129,6,0,3000,0,500,500,500.0,0.0,0,0,0.0,0.0,33.52699682,0.067053994,17900000.0,15300000.0,42000000,4000475,89500000,17900000.0,15300000.0,42000000,4000475,0,0.0,0.0,0,0,0,0,0,0,48,0,0.067053994,0.0,500,500,500.0,0.0,0.0,0,0,0,0,0,0,0,0,0,583.3333333,500.0,0.0,0,0,0,0,0,0,6,3000,0,0,-1,-1,5,8,4000475.0,0.0,4000475,4000475,21400000.0,15300000.0,42000000,7200423,Benign
500,17,21/02/2018 09:54:13,89480110,6,0,3000,0,500,500,500.0,0.0,0,0,0.0,0.0,33.52700393,0.067054008,17900000.0,15300000.0,42000000,4000455,89500000,17900000.0,15300000.0,42000000,4000455,0,0.0,0.0,0,0,0,0,0,0,48,0,0.067054008,0.0,500,500,500.0,0.0,0.0,0,0,0,0,0,0,0,0,0,583.3333333,500.0,0.0,0,0,0,0,0,0,6,3000,0,0,-1,-1,5,8,4000455.0,0.0,4000455,4000455,21400000.0,15300000.0,42000000,7200423,Benign
500,17,21/02/2018 09:54:51,89479751,6,0,3000,0,500,500,500.0,0.0,0,0,0.0,0.0,33.52713845,0.067054277,17900000.0,15300000.0,42000000,4000321,89500000,17900000.0,15300000.0,42000000,4000321,0,0.0,0.0,0,0,0,0,0,0,48,0,0.067054277,0.0,500,500,500.0,0.0,0.0,0,0,0,0,0,0,0,0,0,583.3333333,500.0,0.0,0,0,0,0,0,0,6,3000,0,0,-1,-1,5,8,4000321.0,0.0,4000321,4000321,21400000.0,15300000.0,42000000,7200422,Benign
500,17,21/02/2018 09:54:51,89479752,6,0,3000,0,500,500,500.0,0.0,0,0,0.0,0.0,33.52713807,0.067054276,17900000.0,15300000.0,42000000,4000320,89500000,17900000.0,15300000.0,42000000,4000320,0,0.0,0.0,0,0,0,0,0,0,48,0,0.067054276,0.0,500,500,500.0,0.0,0.0,0,0,0,0,0,0,0,0,0,583.3333333,500.0,0.0,0,0,0,0,0,0,6,3000,0,0,-1,-1,5,8,4000320.0,0.0,4000320,4000320,21400000.0,15300000.0,42000000,7200424,Benign
0,0,21/02/2018 09:55:15,112641349,3,0,0,0,0,0,0.0,0.0,0,0,0.0,0.0,0.0,0.026633204,56300000.0,19.09188309,56300000,56300000,113000000,56300000.0,19.09188309,56300000,56300000,0,0.0,0.0,0,0,0,0,0,0,0,0,0.026633204,0.0,0,0,0.0,0.0,0.0,0,0,0,0,0,0,0,0,0,0.0,0.0,0.0,0,0,0,0,0,0,3,0,0,0,-1,-1,0,0,0.0,0.0,0,0,56300000.0,19.09188309,56300000,56300000,Benign
500,17,21/02/2018 09:55:39,89479269,6,0,3000,0,500,500,500.0,0.0,0,0,0.0,0.0,33.52731905,0.067054638,17900000.0,15300000.0,42000000,4000278,89500000,17900000.0,15300000.0,42000000,4000278,0,0.0,0.0,0,0,0,0,0,0,48,0,0.067054638,0.0,500,500,500.0,0.0,0.0,0,0,0,0,0,0,0,0,0,583.3333333,500.0,0.0,0,0,0,0,0,0,6,3000,0,0,-1,-1,5,8,4000278.0,0.0,4000278,4000278,21400000.0,15300000.0,42000000,7200135,Benign
500,17,21/02/2018 09:55:39,89479267,6,0,3000,0,500,500,500.0,0.0,0,0,0.0,0.0,33.5273198,0.06705464,17900000.0,15300000.0,42000000,4000279,89500000,17900000.0,15300000.0,42000000,4000279,0,0.0,0.0,0,0,0,0,0,0,48,0,0.06705464,0.0,500,500,500.0,0.0,0.0,0,0,0,0,0,0,0,0,0,583.3333333,500.0,0.0,0,0,0,0,0,0,6,3000,0,0,-1,-1,5,8,4000279.0,0.0,4000279,4000279,21400000.0,15300000.0,42000000,7200133,Benign
500,17,21/02/2018 09:56:58,89479844,6,0,3000,0,500,500,500.0,0.0,0,0,0.0,0.0,33.5271036,0.067054207,17900000.0,15300000.0,42000000,4000451,89500000,17900000.0,15300000.0,42000000,4000451,0,0.0,0.0,0,0,0,0,0,0,48,0,0.067054207,0.0,500,500,500.0,0.0,0.0,0,0,0,0,0,0,0,0,0,583.3333333,500.0,0.0,0,0,0,0,0,0,6,3000,0,0,-1,-1,5,8,4000451.0,0.0,4000451,4000451,21400000.0,15300000.0,42000000,7200278,Benign
500,17,21/02/2018 09:56:58,89479843,6,0,3000,0,500,500,500.0,0.0,0,0,0.0,0.0,33.52710398,0.067054208,17900000.0,15300000.0,42000000,4000451,89500000,17900000.0,15300000.0,42000000,4000451,0,0.0,0.0,0,0,0,0,0,0,48,0,0.067054208,0.0,500,500,500.0,0.0,0.0,0,0,0,0,0,0,0,0,0,583.3333333,500.0,0.0,0,0,0,0,0,0,6,3000,0,0,-1,-1,5,8,4000451.0,0.0,4000451,4000451,21400000.0,15300000.0,42000000,7200277,Benign
500,17,21/02/2018 09:57:36,89480014,6,0,3000,0,500,500,500.0,0.0,0,0,0.0,0.0,33.5270399,0.06705408,17900000.0,15300000.0,42000000,4000568,89500000,17900000.0,15300000.0,42000000,4000568,0,0.0,0.0,0,0,0,0,0,0,48,0,0.06705408,0.0,500,500,500.0,0.0,0.0,0,0,0,0,0,0,0,0,0,583.3333333,500.0,0.0,0,0,0,0,0,0,6,3000,0,0,-1,-1,5,8,4000568.0,0.0,4000568,4000568,21400000.0,15300000.0,42000000,7200318,Benign
500,17,21/02/2018 09:57:36,89480012,6,0,3000,0,500,500,500.0,0.0,0,0,0.0,0.0,33.52704065,0.067054081,17900000.0,15300000.0,42000000,4000565,89500000,17900000.0,15300000.0,42000000,4000565,0,0.0,0.0,0,0,0,0,0,0,48,0,0.067054081,0.0,500,500,500.0,0.0,0.0,0,0,0,0,0,0,0,0,0,583.3333333,500.0,0.0,0,0,0,0,0,0,6,3000,0,0,-1,-1,5,8,4000565.0,0.0,4000565,4000565,21400000.0,15300000.0,42000000,7200319,Benign
0,0,21/02/2018 09:58:04,112641489,3,0,0,0,0,0,0.0,0.0,0,0,0.0,0.0,0.0,0.026633171,56300000.0,54.44722215,56300000,56300000,113000000,56300000.0,54.44722215,56300000,56300000,0,0.0,0.0,0,0,0,0,0,0,0,0,0.026633171,0.0,0,0,0.0,0.0,0.0,0,0,0,0,0,0,0,0,0,0.0,0.0,0.0,0,0,0,0,0,0,3,0,0,0,-1,-1,0,0,0.0,0.0,0,0,56300000.0,54.44722215,56300000,56300000,Benign
500,17,21/02/2018 09:58:25,89479948,6,0,3000,0,500,500,500.0,0.0,0,0,0.0,0.0,33.52706463,0.067054129,17900000.0,15300000.0,42000000,4000089,89500000,17900000.0,15300000.0,42000000,4000089,0,0.0,0.0,0,0,0,0,0,0,48,0,0.067054129,0.0,500,500,500.0,0.0,0.0,0,0,0,0,0,0,0,0,0,583.3333333,500.0,0.0,0,0,0,0,0,0,6,3000,0,0,-1,-1,5,8,4000089.0,0.0,4000089,4000089,21400000.0,15300000.0,42000000,7200446,Benign
500,17,21/02/2018 09:58:25,89479948,6,0,3000,0,500,500,500.0,0.0,0,0,0.0,0.0,33.52706463,0.067054129,17900000.0,15300000.0,42000000,4000091,89500000,17900000.0,15300000.0,42000000,4000091,0,0.0,0.0,0,0,0,0,0,0,48,0,0.067054129,0.0,500,500,500.0,0.0,0.0,0,0,0,0,0,0,0,0,0,583.3333333,500.0,0.0,0,0,0,0,0,0,6,3000,0,0,-1,-1,5,8,4000091.0,0.0,4000091,4000091,21400000.0,15300000.0,42000000,7200446,Benign
500,17,21/02/2018 09:59:43,89479934,6,0,3000,0,500,500,500.0,0.0,0,0,0.0,0.0,33.52706988,0.06705414,17900000.0,15300000.0,42000000,4000271,89500000,17900000.0,15300000.0,42000000,4000271,0,0.0,0.0,0,0,0,0,0,0,48,0,0.06705414,0.0,500,500,500.0,0.0,0.0,0,0,0,0,0,0,0,0,0,583.3333333,500.0,0.0,0,0,0,0,0,0,6,3000,0,0,-1,-1,5,8,4000271.0,0.0,4000271,4000271,21400000.0,15300000.0,42000000,7200508,Benign
500,17,21/02/2018 09:59:43,89479943,6,0,3000,0,500,500,500.0,0.0,0,0,0.0,0.0,33.52706651,0.067054133,17900000.0,15300000.0,42000000,4000269,89500000,17900000.0,15300000.0,42000000,4000269,0,0.0,0.0,0,0,0,0,0,0,48,0,0.067054133,0.0,500,500,500.0,0.0,0.0,0,0,0,0,0,0,0,0,0,583.3333333,500.0,0.0,0,0,0,0,0,0,6,3000,0,0,-1,-1,5,8,4000269.0,0.0,4000269,4000269,21400000.0,15300000.0,42000000,7200509,Benign
500,17,21/02/2018 10:00:21,89479589,6,0,3000,0,500,500,500.0,0.0,0,0,0.0,0.0,33.52719915,0.067054398,17900000.0,15300000.0,42000000,4000125,89500000,17900000.0,15300000.0,42000000,4000125,0,0.0,0.0,0,0,0,0,0,0,48,0,0.067054398,0.0,500,500,500.0,0.0,0.0,0,0,0,0,0,0,0,0,0,583.3333333,500.0,0.0,0,0,0,0,0,0,6,3000,0,0,-1,-1,5,8,4000125.0,0.0,4000125,4000125,21400000.0,15300000.0,42000000,7200353,Benign
500,17,21/02/2018 10:00:21,89479585,6,0,3000,0,500,500,500.0,0.0,0,0,0.0,0.0,33.52720065,0.067054401,17900000.0,15300000.0,42000000,4000125,89500000,17900000.0,15300000.0,42000000,4000125,0,0.0,0.0,0,0,0,0,0,0,48,0,0.067054401,0.0,500,500,500.0,0.0,0.0,0,0,0,0,0,0,0,0,0,583.3333333,500.0,0.0,0,0,0,0,0,0,6,3000,0,0,-1,-1,5,8,4000125.0,0.0,4000125,4000125,21400000.0,15300000.0,42000000,7200349,Benign
0,0,21/02/2018 10:00:53,112641490,3,0,0,0,0,0,0.0,0.0,0,0,0.0,0.0,0.0,0.02663317,56300000.0,113.137085,56300000,56300000,113000000,56300000.0,113.137085,56300000,56300000,0,0.0,0.0,0,0,0,0,0,0,0,0,0.02663317,0.0,0,0,0.0,0.0,0.0,0,0,0,0,0,0,0,0,0,0.0,0.0,0.0,0,0,0,0,0,0,3,0,0,0,-1,-1,0,0,0.0,0.0,0,0,56300000.0,113.137085,56300000,56300000,Benign
500,17,21/02/2018 10:01:10,89479400,6,0,3000,0,500,500,500.0,0.0,0,0,0.0,0.0,33.52726996,0.06705454,17900000.0,15300000.0,42000000,4000245,89500000,17900000.0,15300000.0,42000000,4000245,0,0.0,0.0,0,0,0,0,0,0,48,0,0.06705454,0.0,500,500,500.0,0.0,0.0,0,0,0,0,0,0,0,0,0,583.3333333,500.0,0.0,0,0,0,0,0,0,6,3000,0,0,-1,-1,5,8,4000245.0,0.0,4000245,4000245,21400000.0,15300000.0,42000000,7200274,Benign
500,17,21/02/2018 10:01:10,89479401,6,0,3000,0,500,500,500.0,0.0,0,0,0.0,0.0,33.52726959,0.067054539,17900000.0,15300000.0,42000000,4000245,89500000,17900000.0,15300000.0,42000000,4000245,0,0.0,0.0,0,0,0,0,0,0,48,0,0.067054539,0.0,500,500,500.0,0.0,0.0,0,0,0,0,0,0,0,0,0,583.3333333,500.0,0.0,0,0,0,0,0,0,6,3000,0,0,-1,-1,5,8,4000245.0,0.0,4000245,4000245,21400000.0,15300000.0,42000000,7200276,Benign
500,17,21/02/2018 10:02:28,89480084,6,0,3000,0,500,500,500.0,0.0,0,0,0.0,0.0,33.52701368,0.067054027,17900000.0,15300000.0,42000000,4000336,89500000,17900000.0,15300000.0,42000000,4000336,0,0.0,0.0,0,0,0,0,0,0,48,0,0.067054027,0.0,500,500,500.0,0.0,0.0,0,0,0,0,0,0,0,0,0,583.3333333,500.0,0.0,0,0,0,0,0,0,6,3000,0,0,-1,-1,5,8,4000336.0,0.0,4000336,4000336,21400000.0,15300000.0,42000000,7200447,Benign
500,17,21/02/2018 10:02:28,89480081,6,0,3000,0,500,500,500.0,0.0,0,0,0.0,0.0,33.5270148,0.06705403,17900000.0,15300000.0,42000000,4000334,89500000,17900000.0,15300000.0,42000000,4000334,0,0.0,0.0,0,0,0,0,0,0,48,0,0.06705403,0.0,500,500,500.0,0.0,0.0,0,0,0,0,0,0,0,0,0,583.3333333,500.0,0.0,0,0,0,0,0,0,6,3000,0,0,-1,-1,5,8,4000334.0,0.0,4000334,4000334,21400000.0,15300000.0,42000000,7200449,Benign
20388,6,21/02/2018 09:30:34,320585,5,5,3488,672,1168,0,697.6,452.9158862,560,0,134.4,239.6263758,12976.27774,31.19297534,35620.55556,30763.19192,82823,134,320585,80146.25,68643.38077,153742,134,239232,59808.0,32796.06364,88840,29179,1,0,0,0,100,100,15.59648767,15.59648767,0,1168,445.0909091,440.0330566,193629.0909,0,1,0,0,1,0,0,0,1,489.6,697.6,134.4,0,0,0,0,0,0,5,3488,5,672,252,256,3,20,0.0,0.0,0,0,0.0,0.0,0,0,Benign
500,17,21/02/2018 10:03:06,89479739,6,0,3000,0,500,500,500.0,0.0,0,0,0.0,0.0,33.52714294,0.067054286,17900000.0,15300000.0,42000000,4000351,89500000,17900000.0,15300000.0,42000000,4000351,0,0.0,0.0,0,0,0,0,0,0,48,0,0.067054286,0.0,500,500,500.0,0.0,0.0,0,0,0,0,0,0,0,0,0,583.3333333,500.0,0.0,0,0,0,0,0,0,6,3000,0,0,-1,-1,5,8,4000351.0,0.0,4000351,4000351,21400000.0,15300000.0,42000000,7200628,Benign
500,17,21/02/2018 10:03:06,89479736,6,0,3000,0,500,500,500.0,0.0,0,0,0.0,0.0,33.52714407,0.067054288,17900000.0,15300000.0,42000000,4000348,89500000,17900000.0,15300000.0,42000000,4000348,0,0.0,0.0,0,0,0,0,0,0,48,0,0.067054288,0.0,500,500,500.0,0.0,0.0,0,0,0,0,0,0,0,0,0,583.3333333,500.0,0.0,0,0,0,0,0,0,6,3000,0,0,-1,-1,5,8,4000348.0,0.0,4000348,4000348,21400000.0,15300000.0,42000000,7200629,Benign
0,0,21/02/2018 10:03:42,112641432,3,0,0,0,0,0,0.0,0.0,0,0,0.0,0.0,0.0,0.026633184,56300000.0,5.656854249,56300000,56300000,113000000,56300000.0,5.656854249,56300000,56300000,0,0.0,0.0,0,0,0,0,0,0,0,0,0.026633184,0.0,0,0,0.0,0.0,0.0,0,0,0,0,0,0,0,0,0,0.0,0.0,0.0,0,0,0,0,0,0,3,0,0,0,-1,-1,0,0,0.0,0.0,0,0,56300000.0,5.656854249,56300000,56300000,Benign
500,17,21/02/2018 10:03:55,89479386,6,0,3000,0,500,500,500.0,0.0,0,0,0.0,0.0,33.52727521,0.06705455,17900000.0,15300000.0,42000000,4000289,89500000,17900000.0,15300000.0,42000000,4000289,0,0.0,0.0,0,0,0,0,0,0,48,0,0.06705455,0.0,500,500,500.0,0.0,0.0,0,0,0,0,0,0,0,0,0,583.3333333,500.0,0.0,0,0,0,0,0,0,6,3000,0,0,-1,-1,5,8,4000289.0,0.0,4000289,4000289,21400000.0,15300000.0,42000000,7200200,Benign
500,17,21/02/2018 10:03:55,89479387,6,0,3000,0,500,500,500.0,0.0,0,0,0.0,0.0,33.52727483,0.06705455,17900000.0,15300000.0,42000000,4000293,89500000,17900000.0,15300000.0,42000000,4000293,0,0.0,0.0,0,0,0,0,0,0,48,0,0.06705455,0.0,500,500,500.0,0.0,0.0,0,0,0,0,0,0,0,0,0,583.3333333,500.0,0.0,0,0,0,0,0,0,6,3000,0,0,-1,-1,5,8,4000293.0,0.0,4000293,4000293,21400000.0,15300000.0,42000000,7200197,Benign
500,17,21/02/2018 10:05:13,89478648,6,0,3000,0,500,500,500.0,0.0,0,0,0.0,0.0,33.52755174,0.067055103,17900000.0,15300000.0,42000000,3999127,89500000,17900000.0,15300000.0,42000000,3999127,0,0.0,0.0,0,0,0,0,0,0,48,0,0.067055103,0.0,500,500,500.0,0.0,0.0,0,0,0,0,0,0,0,0,0,583.3333333,500.0,0.0,0,0,0,0,0,0,6,3000,0,0,-1,-1,5,8,3999127.0,0.0,3999127,3999127,21400000.0,15300000.0,42000000,7200338,Benign
500,17,21/02/2018 10:05:13,89478648,6,0,3000,0,500,500,500.0,0.0,0,0,0.0,0.0,33.52755174,0.067055103,17900000.0,15300000.0,42000000,3999129,89500000,17900000.0,15300000.0,42000000,3999129,0,0.0,0.0,0,0,0,0,0,0,48,0,0.067055103,0.0,500,500,500.0,0.0,0.0,0,0,0,0,0,0,0,0,0,583.3333333,500.0,0.0,0,0,0,0,0,0,6,3000,0,0,-1,-1,5,8,3999129.0,0.0,3999129,3999129,21400000.0,15300000.0,42000000,7200335,Benign
500,17,21/02/2018 10:05:51,89479723,6,0,3000,0,500,500,500.0,0.0,0,0,0.0,0.0,33.52714894,0.067054298,17900000.0,15300000.0,42000000,4000267,89500000,17900000.0,15300000.0,42000000,4000267,0,0.0,0.0,0,0,0,0,0,0,48,0,0.067054298,0.0,500,500,500.0,0.0,0.0,0,0,0,0,0,0,0,0,0,583.3333333,500.0,0.0,0,0,0,0,0,0,6,3000,0,0,-1,-1,5,8,4000267.0,0.0,4000267,4000267,21400000.0,15300000.0,42000000,7200403,Benign
500,17,21/02/2018 10:05:51,89479720,6,0,3000,0,500,500,500.0,0.0,0,0,0.0,0.0,33.52715006,0.0670543,17900000.0,15300000.0,42000000,4000264,89500000,17900000.0,15300000.0,42000000,4000264,0,0.0,0.0,0,0,0,0,0,0,48,0,0.0670543,0.0,500,500,500.0,0.0,0.0,0,0,0,0,0,0,0,0,0,583.3333333,500.0,0.0,0,0,0,0,0,0,6,3000,0,0,-1,-1,5,8,4000264.0,0.0,4000264,4000264,21400000.0,15300000.0,42000000,7200404,Benign
22,6,21/02/2018 10:08:38,271075,4,5,583,1017,560,0,145.75,276.3794192,976,0,203.4,432.2612636,5902.425528,33.20114359,33884.375,61024.97088,132727,10,270108,90036.0,77979.20664,137322,32,271048,67762.0,75068.03299,132769,938,0,0,0,0,92,112,14.75606382,18.44507977,0,976,160.0,335.3913137,112487.3333,0,0,1,1,0,0,0,1,1,177.7777778,145.75,203.4,0,0,0,0,0,0,4,583,5,1017,8192,219,2,20,0.0,0.0,0,0,0.0,0.0,0,0,Benign
22,6,21/02/2018 10:08:38,25225,3,1,56,0,56,0,18.66666667,32.33161507,0,0,0.0,0.0,2220.019822,158.5728444,8408.333333,14540.27889,25198,8,25225,12612.5,17798.58479,25198,27,0,0.0,0.0,0,0,0,0,0,0,60,20,118.9296333,39.6432111,0,56,11.2,25.04396135,627.2,0,0,0,0,1,0,0,0,0,14.0,18.66666667,0.0,0,0,0,0,0,0,3,56,1,0,252,0,1,20,0.0,0.0,0,0,0.0,0.0,0,0,Benign
0,0,21/02/2018 10:06:31,112641479,3,0,0,0,0,0,0.0,0.0,0,0,0.0,0.0,0.0,0.026633173,56300000.0,55.86143571,56300000,56300000,113000000,56300000.0,55.86143571,56300000,56300000,0,0.0,0.0,0,0,0,0,0,0,0,0,0.026633173,0.0,0,0,0.0,0.0,0.0,0,0,0,0,0,0,0,0,0,0.0,0.0,0.0,0,0,0,0,0,0,3,0,0,0,-1,-1,0,0,0.0,0.0,0,0,56300000.0,55.86143571,56300000,56300000,Benign
500,17,21/02/2018 10:06:40,89479326,6,0,3000,0,500,500,500.0,0.0,0,0,0.0,0.0,33.52729769,0.067054595,17900000.0,15300000.0,42000000,4000359,89500000,17900000.0,15300000.0,42000000,4000359,0,0.0,0.0,0,0,0,0,0,0,48,0,0.067054595,0.0,500,500,500.0,0.0,0.0,0,0,0,0,0,0,0,0,0,583.3333333,500.0,0.0,0,0,0,0,0,0,6,3000,0,0,-1,-1,5,8,4000359.0,0.0,4000359,4000359,21400000.0,15300000.0,42000000,7200172,Benign
500,17,21/02/2018 10:07:58,89481203,6,0,3000,0,500,500,500.0,0.0,0,0,0.0,0.0,33.52659441,0.067053189,17900000.0,15300000.0,42000000,4000383,89500000,17900000.0,15300000.0,42000000,4000383,0,0.0,0.0,0,0,0,0,0,0,48,0,0.067053189,0.0,500,500,500.0,0.0,0.0,0,0,0,0,0,0,0,0,0,583.3333333,500.0,0.0,0,0,0,0,0,0,6,3000,0,0,-1,-1,5,8,4000383.0,0.0,4000383,4000383,21400000.0,15300000.0,42000000,7200370,Benign
80,17,21/02/2018 10:08:51,119893441,309629,0,9908128,0,32,32,32.0,0.0,0,0,0.0,0.0,82641.11796,2582.534936,387.2176967,11125.35538,591274,0,120000000,387.2176967,11125.35538,591274,0,0,0.0,0.0,0,0,0,0,0,0,2477032,0,2582.534936,0.0,32,32,32.0,0.0,0.0,0,0,0,0,0,0,0,0,0,32.00010335,32.0,0.0,0,0,0,0,0,0,309629,9908128,0,0,-1,-1,309628,8,0.0,0.0,0,0,0.0,0.0,0,0,DDOS attack-LOIC-UDP
80,17,21/02/2018 10:08:52,119745803,259444,0,8302208,0,32,32,32.0,0.0,0,0,0.0,0.0,69331.93308,2166.622909,461.5495619,12197.74612,633973,0,120000000,461.5495619,12197.74612,633973,0,0,0.0,0.0,0,0,0,0,0,0,2075552,0,2166.622909,0.0,32,32,32.0,0.0,0.0,0,0,0,0,0,0,0,0,0,32.00012334,32.0,0.0,0,0,0,0,0,0,259444,8302208,0,0,-1,-1,259443,8,0.0,0.0,0,0,0.0,0.0,0,0,DDOS attack-LOIC-UDP
80,17,21/02/2018 10:08:53,119965025,248800,0,7961600,0,32,32,32.0,0.0,0,0,0.0,0.0,66366.00959,2073.9378,482.1764758,12509.82212,591242,0,120000000,482.1764758,12509.82212,591242,0,0,0.0,0.0,0,0,0,0,0,0,1990400,0,2073.9378,0.0,32,32,32.0,0.0,0.0,0,0,0,0,0,0,0,0,0,32.00012862,32.0,0.0,0,0,0,0,0,0,248800,7961600,0,0,-1,-1,248799,8,0.0,0.0,0,0,0.0,0.0,0,0,DDOS attack-LOIC-UDP
80,17,21/02/2018 10:08:54,119999991,272337,0,8714784,0,32,32,32.0,0.0,0,0,0.0,0.0,72623.20545,2269.47517,440.6321272,12541.78585,628681,0,120000000,440.6321272,12541.78585,628681,0,0,0.0,0.0,0,0,0,0,0,0,2178696,0,2269.47517,0.0,32,32,32.0,0.0,0.0,0,0,0,0,0,0,0,0,0,32.0001175,32.0,0.0,0,0,0,0,0,0,272337,8714784,0,0,-1,-1,272336,8,0.0,0.0,0,0,0.0,0.0,0,0,DDOS attack-LOIC-UDP
80,17,21/02/2018 10:08:54,112000516,26,0,832,0,32,32,32.0,0.0,0,0,0.0,0.0,7.428537204,0.232141788,4480020.64,4500062.13,14000000,5,112000000,4480020.64,4500062.13,14000000,5,0,0.0,0.0,0,0,0,0,0,0,208,0,0.232141788,0.0,32,32,32.0,0.0,0.0,0,0,0,0,0,0,0,0,0,33.23076923,32.0,0.0,0,0,0,0,0,0,26,832,0,0,-1,-1,25,8,4398402.6,1670041.183,6991727,2992818,9000850.3,3554356.179,14000000,5000069,Benign
80,17,21/02/2018 10:08:54,119820553,219539,0,7025248,0,32,32,32.0,0.0,0,0,0.0,0.0,58631.41026,1832.23157,545.7850258,13365.10603,591420,0,120000000,545.7850258,13365.10603,591420,0,0,0.0,0.0,0,0,0,0,0,0,1756312,0,1832.23157,0.0,32,32,32.0,0.0,0.0,0,0,0,0,0,0,0,0,0,32.00014576,32.0,0.0,0,0,0,0,0,0,219539,7025248,0,0,-1,-1,219538,8,0.0,0.0,0,0,0.0,0.0,0,0,DDOS attack-LOIC-UDP
80,17,21/02/2018 10:08:55,119815073,222768,0,7128576,0,32,32,32.0,0.0,0,0,0.0,0.0,59496.48756,1859.265236,537.849291,13918.75883,663859,0,120000000,537.849291,13918.75883,663859,0,0,0.0,0.0,0,0,0,0,0,0,1782144,0,1859.265236,0.0,32,32,32.0,0.0,0.0,0,0,0,0,0,0,0,0,0,32.00014365,32.0,0.0,0,0,0,0,0,0,222768,7128576,0,0,-1,-1,222767,8,0.0,0.0,0,0,0.0,0.0,0,0,DDOS attack-LOIC-UDP
80,17,21/02/2018 10:08:55,119764114,225219,0,7207008,0,32,32,32.0,0.0,0,0,0.0,0.0,60176.69032,1880.521573,531.7697253,13181.26701,573931,0,120000000,531.7697253,13181.26701,573931,0,0,0.0,0.0,0,0,0,0,0,0,1801752,0,1880.521573,0.0,32,32,32.0,0.0,0.0,0,0,0,0,0,0,0,0,0,32.00014208,32.0,0.0,0,0,0,0,0,0,225219,7207008,0,0,-1,-1,225218,8,0.0,0.0,0,0,0.0,0.0,0,0,DDOS attack-LOIC-UDP
80,17,21/02/2018 10:08:56,119731988,211680,0,6773760,0,32,32,32.0,0.0,0,0,0.0,0.0,56574.35505,1767.948595,565.6299775,14313.11535,711763,0,120000000,565.6299775,14313.11535,711763,0,0,0.0,0.0,0,0,0,0,0,0,1693440,0,1767.948595,0.0,32,32,32.0,0.0,0.0,0,0,0,0,0,0,0,0,0,32.00015117,32.0,0.0,0,0,0,0,0,0,211680,6773760,0,0,-1,-1,211679,8,0.0,0.0,0,0,0.0,0.0,0,0,DDOS attack-LOIC-UDP
80,17,21/02/2018 10:08:56,119713733,201488,0,6447616,0,32,32,32.0,0.0,0,0,0.0,0.0,53858.6162,1683.081756,594.1511512,14022.3308,689512,0,120000000,594.1511512,14022.3308,689512,0,0,0.0,0.0,0,0,0,0,0,0,1611904,0,1683.081756,0.0,32,32,32.0,0.0,0.0,0,0,0,0,0,0,0,0,0,32.00015882,32.0,0.0,0,0,0,0,0,0,201488,6447616,0,0,-1,-1,201487,8,0.0,0.0,0,0,0.0,0.0,0,0,DDOS attack-LOIC-UDP
80,17,21/02/2018 10:08:51,117009372,19,0,608,0,32,32,32.0,0.0,0,0,0.0,0.0,5.19616497,0.162380155,6500520.667,6271085.014,21000000,6,117000000,6500520.667,6271085.014,21000000,6,0,0.0,0.0,0,0,0,0,0,0,152,0,0.162380155,0.0,32,32,32.0,0.0,0.0,0,0,0,0,0,0,0,0,0,33.68421053,32.0,0.0,0,0,0,0,0,0,19,608,0,0,-1,-1,18,8,3335716.333,580911.5706,4006495,2999839,11600000.0,4798465.716,21000000,6007942,Benign
80,17,21/02/2018 10:08:57,119999863,212082,0,6786624,0,32,32,32.0,0.0,0,0,0.0,0.0,56555.26457,1767.352018,565.8209033,13685.20682,583250,0,120000000,565.8209033,13685.20682,583250,0,0,0.0,0.0,0,0,0,0,0,0,1696656,0,1767.352018,0.0,32,32,32.0,0.0,0.0,0,0,0,0,0,0,0,0,0,32.00015089,32.0,0.0,0,0,0,0,0,0,212082,6786624,0,0,-1,-1,212081,8,0.0,0.0,0,0,0.0,0.0,0,0,DDOS attack-LOIC-UDP
80,17,21/02/2018 10:08:57,119968836,179437,0,5741984,0,32,32,32.0,0.0,0,0,0.0,0.0,47862.29651,1495.696766,668.5884438,15716.11906,862061,0,120000000,668.5884438,15716.11906,862061,0,0,0.0,0.0,0,0,0,0,0,0,1435496,0,1495.696766,0.0,32,32,32.0,0.0,0.0,0,0,0,0,0,0,0,0,0,32.00017834,32.0,0.0,0,0,0,0,0,0,179437,5741984,0,0,-1,-1,179436,8,0.0,0.0,0,0,0.0,0.0,0,0,DDOS attack-LOIC-UDP
80,17,21/02/2018 10:08:58,114000888,12,0,384,0,32,32,32.0,0.0,0,0,0.0,0.0,3.368394815,0.105262338,10400000.0,10900000.0,42000000,1999992,114000000,10400000.0,10900000.0,42000000,1999992,0,0.0,0.0,0,0,0,0,0,0,96,0,0.105262338,0.0,32,32,32.0,0.0,0.0,0,0,0,0,0,0,0,0,0,34.66666667,32.0,0.0,0,0,0,0,0,0,12,384,0,0,-1,-1,11,8,4999997.0,0.0,4999997,4999997,13000000.0,11900000.0,42000000,6000010,Benign
80,17,21/02/2018 10:08:58,119612063,182675,0,5845600,0,32,32,32.0,0.0,0,0,0.0,0.0,48871.32496,1527.228905,654.7842769,15566.15144,650083,0,120000000,654.7842769,15566.15144,650083,0,0,0.0,0.0,0,0,0,0,0,0,1461400,0,1527.228905,0.0,32,32,32.0,0.0,0.0,0,0,0,0,0,0,0,0,0,32.00017517,32.0,0.0,0,0,0,0,0,0,182675,5845600,0,0,-1,-1,182674,8,0.0,0.0,0,0,0.0,0.0,0,0,DDOS attack-LOIC-UDP
80,17,21/02/2018 10:08:58,119738428,185292,0,5929344,0,32,32,32.0,0.0,0,0,0.0,0.0,49519.14017,1547.47313,646.2182621,14621.85055,579434,0,120000000,646.2182621,14621.85055,579434,0,0,0.0,0.0,0,0,0,0,0,0,1482336,0,1547.47313,0.0,32,32,32.0,0.0,0.0,0,0,0,0,0,0,0,0,0,32.0001727,32.0,0.0,0,0,0,0,0,0,185292,5929344,0,0,-1,-1,185291,8,0.0,0.0,0,0,0.0,0.0,0,0,DDOS attack-LOIC-UDP
80,17,21/02/2018 10:08:59,119550630,164378,0,5260096,0,32,32,32.0,0.0,0,0,0.0,0.0,43998.89821,1374.965569,727.2953637,16463.48375,679781,0,120000000,727.2953637,16463.48375,679781,0,0,0.0,0.0,0,0,0,0,0,0,1315024,0,1374.965569,0.0,32,32,32.0,0.0,0.0,0,0,0,0,0,0,0,0,0,32.00019467,32.0,0.0,0,0,0,0,0,0,164378,5260096,0,0,-1,-1,164377,8,0.0,0.0,0,0,0.0,0.0,0,0,DDOS attack-LOIC-UDP
80,17,21/02/2018 10:08:59,119634007,191169,0,6117408,0,32,32,32.0,0.0,0,0,0.0,0.0,51134.35681,1597.94865,625.8056108,14376.49054,634000,0,120000000,625.8056108,14376.49054,634000,0,0,0.0,0.0,0,0,0,0,0,0,1529352,0,1597.94865,0.0,32,32,32.0,0.0,0.0,0,0,0,0,0,0,0,0,0,32.00016739,32.0,0.0,0,0,0,0,0,0,191169,6117408,0,0,-1,-1,191168,8,0.0,0.0,0,0,0.0,0.0,0,0,DDOS attack-LOIC-UDP
80,17,21/02/2018 10:08:59,119853271,230613,0,7379616,0,32,32,32.0,0.0,0,0,0.0,0.0,61572.08676,1924.127711,519.7182757,13220.88783,701838,0,120000000,519.7182757,13220.88783,701838,0,0,0.0,0.0,0,0,0,0,0,0,1844904,0,1924.127711,0.0,32,32,32.0,0.0,0.0,0,0,0,0,0,0,0,0,0,32.00013876,32.0,0.0,0,0,0,0,0,0,230613,7379616,0,0,-1,-1,230612,8,0.0,0.0,0,0,0.0,0.0,0,0,DDOS attack-LOIC-UDP
80,17,21/02/2018 10:08:52,118005063,12,0,384,0,32,32,32.0,0.0,0,0,0.0,0.0,3.254097665,0.101690552,10700000.0,18600000.0,64000000,999990,118000000,10700000.0,18600000.0,64000000,999990,0,0.0,0.0,0,0,0,0,0,0,96,0,0.101690552,0.0,32,32,32.0,0.0,0.0,0,0,0,0,0,0,0,0,0,34.66666667,32.0,0.0,0,0,0,0,0,0,12,384,0,0,-1,-1,11,8,6003963.5,2828477.329,8003999,4003928,25500000.0,26400000.0,64000000,6995907,Benign
80,17,21/02/2018 10:09:00,119740613,176485,0,5647520,0,32,32,32.0,0.0,0,0,0.0,0.0,47164.61573,1473.894242,678.478576,15094.01304,695745,0,120000000,678.478576,15094.01304,695745,0,0,0.0,0.0,0,0,0,0,0,0,1411880,0,1473.894242,0.0,32,32,32.0,0.0,0.0,0,0,0,0,0,0,0,0,0,32.00018132,32.0,0.0,0,0,0,0,0,0,176485,5647520,0,0,-1,-1,176484,8,0.0,0.0,0,0,0.0,0.0,0,0,DDOS attack-LOIC-UDP
80,17,21/02/2018 10:09:00,119899859,169046,0,5409472,0,32,32,32.0,0.0,0,0,0.0,0.0,45116.5835,1409.893234,709.2777604,16265.65764,627574,0,120000000,709.2777604,16265.65764,627574,0,0,0.0,0.0,0,0,0,0,0,0,1352368,0,1409.893234,0.0,32,32,32.0,0.0,0.0,0,0,0,0,0,0,0,0,0,32.0001893,32.0,0.0,0,0,0,0,0,0,169046,5409472,0,0,-1,-1,169045,8,0.0,0.0,0,0,0.0,0.0,0,0,DDOS attack-LOIC-UDP
80,17,21/02/2018 10:09:00,119617838,190016,0,6080512,0,32,32,32.0,0.0,0,0,0.0,0.0,50832.81977,1588.525618,629.5178696,14599.23362,634703,0,120000000,629.5178696,14599.23362,634703,0,0,0.0,0.0,0,0,0,0,0,0,1520128,0,1588.525618,0.0,32,32,32.0,0.0,0.0,0,0,0,0,0,0,0,0,0,32.00016841,32.0,0.0,0,0,0,0,0,0,190016,6080512,0,0,-1,-1,190015,8,0.0,0.0,0,0,0.0,0.0,0,0,DDOS attack-LOIC-UDP
80,17,21/02/2018 10:09:01,119999938,150698,0,4822336,0,32,32,32.0,0.0,0,0,0.0,0.0,40186.1541,1255.817316,796.2994486,17295.4702,636792,0,120000000,796.2994486,17295.4702,636792,0,0,0.0,0.0,0,0,0,0,0,0,1205584,0,1255.817316,0.0,32,32,32.0,0.0,0.0,0,0,0,0,0,0,0,0,0,32.00021235,32.0,0.0,0,0,0,0,0,0,150698,4822336,0,0,-1,-1,150697,8,0.0,0.0,0,0,0.0,0.0,0,0,DDOS attack-LOIC-UDP
80,17,21/02/2018 10:09:01,119509076,189146,0,6052672,0,32,32,32.0,0.0,0,0,0.0,0.0,50646.12833,1582.69151,631.8384097,14707.51216,655921,0,120000000,631.8384097,14707.51216,655921,0,0,0.0,0.0,0,0,0,0,0,0,1513168,0,1582.69151,0.0,32,32,32.0,0.0,0.0,0,0,0,0,0,0,0,0,0,32.00016918,32.0,0.0,0,0,0,0,0,0,189146,6052672,0,0,-1,-1,189145,8,0.0,0.0,0,0,0.0,0.0,0,0,DDOS attack-LOIC-UDP
80,17,21/02/2018 10:09:02,119772894,160956,0,5150592,0,32,32,32.0,0.0,0,0,0.0,0.0,43002.9853,1343.843291,744.1390078,16724.58943,628470,0,120000000,744.1390078,16724.58943,628470,0,0,0.0,0.0,0,0,0,0,0,0,1287648,0,1343.843291,0.0,32,32,32.0,0.0,0.0,0,0,0,0,0,0,0,0,0,32.00019881,32.0,0.0,0,0,0,0,0,0,160956,5150592,0,0,-1,-1,160955,8,0.0,0.0,0,0,0.0,0.0,0,0,DDOS attack-LOIC-UDP
80,17,21/02/2018 10:08:59,119004200,19,0,608,0,32,32,32.0,0.0,0,0,0.0,0.0,5.109063378,0.159658231,6611344.444,8919088.093,36000000,17,119000000,6611344.444,8919088.093,36000000,17,0,0.0,0.0,0,0,0,0,0,0,152,0,0.159658231,0.0,32,32,32.0,0.0,0.0,0,0,0,0,0,0,0,0,0,33.68421053,32.0,0.0,0,0,0,0,0,0,19,608,0,0,-1,-1,18,8,8665631.333,4932110.8,12000000,3000031,15500000.0,10900000.0,36000000,6992152,Benign
80,17,21/02/2018 10:09:03,119584165,165653,0,5300896,0,32,32,32.0,0.0,0,0,0.0,0.0,44327.74189,1385.241934,721.8999167,15786.59723,618996,0,120000000,721.8999167,15786.59723,618996,0,0,0.0,0.0,0,0,0,0,0,0,1325224,0,1385.241934,0.0,32,32,32.0,0.0,0.0,0,0,0,0,0,0,0,0,0,32.00019317,32.0,0.0,0,0,0,0,0,0,165653,5300896,0,0,-1,-1,165652,8,0.0,0.0,0,0,0.0,0.0,0,0,DDOS attack-LOIC-UDP
80,17,21/02/2018 10:09:00,111017855,17,0,544,0,32,32,32.0,0.0,0,0,0.0,0.0,4.900112689,0.153128522,6938615.938,6169304.105,21000000,999994,111000000,6938615.938,6169304.105,21000000,999994,0,0.0,0.0,0,0,0,0,0,0,136,0,0.153128522,0.0,32,32,32.0,0.0,0.0,0,0,0,0,0,0,0,0,0,33.88235294,32.0,0.0,0,0,0,0,0,0,17,544,0,0,-1,-1,16,8,5669289.667,7235481.43,14000000,999994,12600000.0,5256627.157,21000000,6975150,Benign
80,17,21/02/2018 10:09:03,119827659,144743,0,4631776,0,32,32,32.0,0.0,0,0,0.0,0.0,38653.64673,1207.92646,827.8706872,17655.09928,635999,0,120000000,827.8706872,17655.09928,635999,0,0,0.0,0.0,0,0,0,0,0,0,1157944,0,1207.92646,0.0,32,32,32.0,0.0,0.0,0,0,0,0,0,0,0,0,0,32.00022108,32.0,0.0,0,0,0,0,0,0,144743,4631776,0,0,-1,-1,144742,8,0.0,0.0,0,0,0.0,0.0,0,0,DDOS attack-LOIC-UDP
80,17,21/02/2018 10:09:04,119608069,169526,0,5424832,0,32,32,32.0,0.0,0,0,0.0,0.0,45355.06714,1417.345848,705.5482613,15803.63584,782400,0,120000000,705.5482613,15803.63584,782400,0,0,0.0,0.0,0,0,0,0,0,0,1356208,0,1417.345848,0.0,32,32,32.0,0.0,0.0,0,0,0,0,0,0,0,0,0,32.00018876,32.0,0.0,0,0,0,0,0,0,169526,5424832,0,0,-1,-1,169525,8,0.0,0.0,0,0,0.0,0.0,0,0,DDOS attack-LOIC-UDP
80,17,21/02/2018 10:09:03,117004115,9,0,288,0,32,32,32.0,0.0,0,0,0.0,0.0,2.46145189,0.076920372,14600000.0,13600000.0,38000000,1996159,117000000,14600000.0,13600000.0,38000000,1996159,0,0.0,0.0,0,0,0,0,0,0,72,0,0.076920372,0.0,32,32,32.0,0.0,0.0,0,0,0,0,0,0,0,0,0,35.55555556,32.0,0.0,0,0,0,0,0,0,9,288,0,0,-1,-1,8,8,3996111.0,0.0,3996111,3996111,18800000.0,13200000.0,38000000,6991882,Benign
80,17,21/02/2018 10:09:05,119997068,150216,0,4806912,0,32,32,32.0,0.0,0,0,0.0,0.0,40058.57876,1251.830586,798.8354558,16785.22776,698060,0,120000000,798.8354558,16785.22776,698060,0,0,0.0,0.0,0,0,0,0,0,0,1201728,0,1251.830586,0.0,32,32,32.0,0.0,0.0,0,0,0,0,0,0,0,0,0,32.00021303,32.0,0.0,0,0,0,0,0,0,150216,4806912,0,0,-1,-1,150215,8,0.0,0.0,0,0,0.0,0.0,0,0,DDOS attack-LOIC-UDP
67,17,21/02/2018 09:46:08,641,1,1,300,329,300,300,300.0,0.0,329,329,329.0,0.0,981279.2512,3120.124805,641.0,0.0,641,641,0,0.0,0.0,0,0,0,0.0,0.0,0,0,0,0,0,0,8,8,1560.062402,1560.062402,300,329,309.6666667,16.74315781,280.3333333,0,0,0,0,0,0,0,0,1,464.5,300.0,329.0,0,0,0,0,0,0,1,300,1,329,-1,-1,0,8,0.0,0.0,0,0,0.0,0.0,0,0,Benign
80,17,21/02/2018 10:09:05,119777440,142002,0,4544064,0,32,32,32.0,0.0,0,0,0.0,0.0,37937.56153,1185.548798,843.4971585,19276.16489,977007,1,120000000,843.4971585,19276.16489,977007,1,0,0.0,0.0,0,0,0,0,0,0,1136016,0,1185.548798,0.0,32,32,32.0,0.0,0.0,0,0,0,0,0,0,0,0,0,32.00022535,32.0,0.0,0,0,0,0,0,0,142002,4544064,0,0,-1,-1,142001,8,0.0,0.0,0,0,0.0,0.0,0,0,DDOS attack-LOIC-UDP
80,17,21/02/2018 10:09:05,119025247,13,0,416,0,32,32,32.0,0.0,0,0,0.0,0.0,3.495056809,0.109220525,9918770.583,7048651.117,28000000,2997571,119000000,9918770.583,7048651.117,28000000,2997571,0,0.0,0.0,0,0,0,0,0,0,104,0,0.109220525,0.0,32,32,32.0,0.0,0.0,0,0,0,0,0,0,0,0,0,34.46153846,32.0,0.0,0,0,0,0,0,0,13,416,0,0,-1,-1,12,8,5499305.0,720216.5409,6008575,4990035,12000000.0,6959804.539,28000000,5958529,Benign
80,17,21/02/2018 10:09:06,119555617,145086,0,4642752,0,32,32,32.0,0.0,0,0,0.0,0.0,38833.40755,1213.543986,824.0384395,19135.99413,925634,0,120000000,824.0384395,19135.99413,925634,0,0,0.0,0.0,0,0,0,0,0,0,1160688,0,1213.543986,0.0,32,32,32.0,0.0,0.0,0,0,0,0,0,0,0,0,0,32.00022056,32.0,0.0,0,0,0,0,0,0,145086,4642752,0,0,-1,-1,145085,8,0.0,0.0,0,0,0.0,0.0,0,0,DDOS attack-LOIC-UDP
80,17,21/02/2018 10:09:06,119772597,163698,0,5238336,0,32,32,32.0,0.0,0,0,0.0,0.0,43735.68021,1366.740006,731.672523,16082.26735,636855,0,120000000,731.672523,16082.26735,636855,0,0,0.0,0.0,0,0,0,0,0,0,1309584,0,1366.740006,0.0,32,32,32.0,0.0,0.0,0,0,0,0,0,0,0,0,0,32.00019548,32.0,0.0,0,0,0,0,0,0,163698,5238336,0,0,-1,-1,163697,8,0.0,0.0,0,0,0.0,0.0,0,0,DDOS attack-LOIC-UDP
80,17,21/02/2018 10:09:05,108048142,15,0,480,0,32,32,32.0,0.0,0,0,0.0,0.0,4.442464175,0.138827005,7717724.429,8842385.851,33000000,1980513,108000000,7717724.429,8842385.851,33000000,1980513,0,0.0,0.0,0,0,0,0,0,0,120,0,0.138827005,0.0,32,32,32.0,0.0,0.0,0,0,0,0,0,0,0,0,0,34.13333333,32.0,0.0,0,0,0,0,0,0,15,480,0,0,-1,-1,14,8,8488262.5,7761561.119,14000000,3000010,13000000.0,10200000.0,33000000,6009011,Benign
80,17,21/02/2018 10:09:07,119697031,147733,0,4727456,0,32,32,32.0,0.0,0,0,0.0,0.0,39495.1818,1234.224431,810.2308978,16915.9491,663284,0,120000000,810.2308978,16915.9491,663284,0,0,0.0,0.0,0,0,0,0,0,0,1181864,0,1234.224431,0.0,32,32,32.0,0.0,0.0,0,0,0,0,0,0,0,0,0,32.00021661,32.0,0.0,0,0,0,0,0,0,147733,4727456,0,0,-1,-1,147732,8,0.0,0.0,0,0,0.0,0.0,0,0,DDOS attack-LOIC-UDP
80,17,21/02/2018 10:09:07,119733701,127872,0,4091904,0,32,32,32.0,0.0,0,0,0.0,0.0,34175.03982,1067.969995,936.3632176,20471.61,1012670,0,120000000,936.3632176,20471.61,1012670,0,0,0.0,0.0,0,0,0,0,0,0,1022976,0,1067.969995,0.0,32,32,32.0,0.0,0.0,0,0,0,0,0,0,0,0,0,32.00025025,32.0,0.0,0,0,0,0,0,0,127872,4091904,0,0,-1,-1,127871,8,0.0,0.0,0,0,0.0,0.0,0,0,DDOS attack-LOIC-UDP
80,17,21/02/2018 10:09:08,119992447,157080,0,5026560,0,32,32,32.0,0.0,0,0,0.0,0.0,41890.63667,1309.082396,763.8987198,16521.45154,1054296,0,120000000,763.8987198,16521.45154,1054296,0,0,0.0,0.0,0,0,0,0,0,0,1256640,0,1309.082396,0.0,32,32,32.0,0.0,0.0,0,0,0,0,0,0,0,0,0,32.00020372,32.0,0.0,0,0,0,0,0,0,157080,5026560,0,0,-1,-1,157079,8,0.0,0.0,0,0,0.0,0.0,0,0,DDOS attack-LOIC-UDP
80,17,21/02/2018 10:09:08,119798926,134798,0,4313536,0,32,32,32.0,0.0,0,0,0.0,0.0,36006.46637,1125.202074,888.7358472,19992.21266,942511,1,120000000,888.7358472,19992.21266,942511,1,0,0.0,0.0,0,0,0,0,0,0,1078384,0,1125.202074,0.0,32,32,32.0,0.0,0.0,0,0,0,0,0,0,0,0,0,32.00023739,32.0,0.0,0,0,0,0,0,0,134798,4313536,0,0,-1,-1,134797,8,0.0,0.0,0,0,0.0,0.0,0,0,DDOS attack-LOIC-UDP
80,17,21/02/2018 10:09:09,119999976,144005,0,4608160,0,32,32,32.0,0.0,0,0,0.0,0.0,38401.34101,1200.041907,833.3100192,17273.56417,1138109,0,120000000,833.3100192,17273.56417,1138109,0,0,0.0,0.0,0,0,0,0,0,0,1152040,0,1200.041907,0.0,32,32,32.0,0.0,0.0,0,0,0,0,0,0,0,0,0,32.00022221,32.0,0.0,0,0,0,0,0,0,144005,4608160,0,0,-1,-1,144004,8,0.0,0.0,0,0,0.0,0.0,0,0,DDOS attack-LOIC-UDP
80,17,21/02/2018 10:09:09,119583652,114505,0,3664160,0,32,32,32.0,0.0,0,0,0.0,0.0,30640.97758,957.5305494,1044.362223,21833.62491,919684,1,120000000,1044.362223,21833.62491,919684,1,0,0.0,0.0,0,0,0,0,0,0,916040,0,957.5305494,0.0,32,32,32.0,0.0,0.0,0,0,0,0,0,0,0,0,0,32.00027946,32.0,0.0,0,0,0,0,0,0,114505,3664160,0,0,-1,-1,114504,8,0.0,0.0,0,0,0.0,0.0,0,0,DDOS attack-LOIC-UDP
80,17,21/02/2018 10:09:02,112012045,14,0,448,0,32,32,32.0,0.0,0,0,0.0,0.0,3.999569868,0.124986558,8616311.154,7365080.267,31000000,2974944,112000000,8616311.154,7365080.267,31000000,2974944,0,0.0,0.0,0,0,0,0,0,0,112,0,0.124986558,0.0,32,32,32.0,0.0,0.0,0,0,0,0,0,0,0,0,0,34.28571429,32.0,0.0,0,0,0,0,0,0,14,448,0,0,-1,-1,13,8,4993818.5,2819844.97,6987750,2999887,10200000.0,7754663.917,31000000,5011896,Benign
80,17,21/02/2018 10:09:08,114015725,12,0,384,0,32,32,32.0,0.0,0,0,0.0,0.0,3.367956481,0.10524864,10400000.0,10200000.0,37000000,1011931,114000000,10400000.0,10200000.0,37000000,1011931,0,0.0,0.0,0,0,0,0,0,0,96,0,0.10524864,0.0,32,32,32.0,0.0,0.0,0,0,0,0,0,0,0,0,0,34.66666667,32.0,0.0,0,0,0,0,0,0,12,384,0,0,-1,-1,11,8,2999263.0,2648584.149,6006106,1011931,15000000.0,10300000.0,37000000,6992917,Benign
80,17,21/02/2018 10:09:10,119659100,131887,0,4220384,0,32,32,32.0,0.0,0,0,0.0,0.0,35270.06304,1102.18947,907.2919036,20316.62767,911816,0,120000000,907.2919036,20316.62767,911816,0,0,0.0,0.0,0,0,0,0,0,0,1055096,0,1102.18947,0.0,32,32,32.0,0.0,0.0,0,0,0,0,0,0,0,0,0,32.00024263,32.0,0.0,0,0,0,0,0,0,131887,4220384,0,0,-1,-1,131886,8,0.0,0.0,0,0,0.0,0.0,0,0,DDOS attack-LOIC-UDP
80,17,21/02/2018 10:09:11,119828921,180310,0,5769920,0,32,32,32.0,0.0,0,0,0.0,0.0,48151.31399,1504.728562,664.5753734,15607.4214,653971,0,120000000,664.5753734,15607.4214,653971,0,0,0.0,0.0,0,0,0,0,0,0,1442480,0,1504.728562,0.0,32,32,32.0,0.0,0.0,0,0,0,0,0,0,0,0,0,32.00017747,32.0,0.0,0,0,0,0,0,0,180310,5769920,0,0,-1,-1,180309,8,0.0,0.0,0,0,0.0,0.0,0,0,DDOS attack-LOIC-UDP
80,17,21/02/2018 10:09:11,119920389,112440,0,3598080,0,32,32,32.0,0.0,0,0,0.0,0.0,30003.90534,937.6220419,1066.537314,22084.39458,930366,0,120000000,1066.537314,22084.39458,930366,0,0,0.0,0.0,0,0,0,0,0,0,899520,0,937.6220419,0.0,32,32,32.0,0.0,0.0,0,0,0,0,0,0,0,0,0,32.0002846,32.0,0.0,0,0,0,0,0,0,112440,3598080,0,0,-1,-1,112439,8,0.0,0.0,0,0,0.0,0.0,0,0,DDOS attack-LOIC-UDP
80,17,21/02/2018 10:09:07,119007030,15,0,480,0,32,32,32.0,0.0,0,0,0.0,0.0,4.033375171,0.126042974,8500502.143,6724592.84,26000000,988664,119000000,8500502.143,6724592.84,26000000,988664,0,0.0,0.0,0,0,0,0,0,0,120,0,0.126042974,0.0,32,32,32.0,0.0,0.0,0,0,0,0,0,0,0,0,0,34.13333333,32.0,0.0,0,0,0,0,0,0,15,480,0,0,-1,-1,14,8,3391310.8,1672115.342,4997218,988664,11300000.0,6834180.816,26000000,5024096,Benign
80,17,21/02/2018 10:09:12,119638783,140121,0,4483872,0,32,32,32.0,0.0,0,0,0.0,0.0,37478.41534,1171.200479,853.8308807,17622.54342,621422,0,120000000,853.8308807,17622.54342,621422,0,0,0.0,0.0,0,0,0,0,0,0,1120968,0,1171.200479,0.0,32,32,32.0,0.0,0.0,0,0,0,0,0,0,0,0,0,32.00022837,32.0,0.0,0,0,0,0,0,0,140121,4483872,0,0,-1,-1,140120,8,0.0,0.0,0,0,0.0,0.0,0,0,DDOS attack-LOIC-UDP
80,17,21/02/2018 10:09:12,116001650,14,0,448,0,32,32,32.0,0.0,0,0,0.0,0.0,3.862014032,0.120687938,8923203.846,11300000.0,41000000,952145,116000000,8923203.846,11300000.0,41000000,952145,0,0.0,0.0,0,0,0,0,0,0,112,0,0.120687938,0.0,32,32,32.0,0.0,0.0,0,0,0,0,0,0,0,0,0,34.28571429,32.0,0.0,0,0,0,0,0,0,14,448,0,0,-1,-1,13,8,3652392.667,2543902.563,6003984,952145,15000000.0,12600000.0,41000000,5997485,Benign
80,17,21/02/2018 10:09:12,119943033,118207,0,3782624,0,32,32,32.0,0.0,0,0,0.0,0.0,31536.83799,985.5261873,1014.694965,21684.41877,1106515,0,120000000,1014.694965,21684.41877,1106515,0,0,0.0,0.0,0,0,0,0,0,0,945656,0,985.5261873,0.0,32,32,32.0,0.0,0.0,0,0,0,0,0,0,0,0,0,32.00027071,32.0,0.0,0,0,0,0,0,0,118207,3782624,0,0,-1,-1,118206,8,0.0,0.0,0,0,0.0,0.0,0,0,DDOS attack-LOIC-UDP
80,17,21/02/2018 10:08:56,104013114,12,0,384,0,32,32,32.0,0.0,0,0,0.0,0.0,3.691842165,0.115370068,9455737.636,7814085.47,27000000,1031048,104000000,9455737.636,7814085.47,27000000,1031048,0,0.0,0.0,0,0,0,0,0,0,96,0,0.115370068,0.0,32,32,32.0,0.0,0.0,0,0,0,0,0,0,0,0,0,34.66666667,32.0,0.0,0,0,0,0,0,0,12,384,0,0,-1,-1,11,8,2330338.667,1125396.702,2999998,1031048,12100000.0,7546376.862,27000000,7000957,Benign
80,17,21/02/2018 10:09:13,119680696,109202,0,3494464,0,32,32,32.0,0.0,0,0,0.0,0.0,29198.22592,912.44456,1095.967033,22381.41454,913729,0,120000000,1095.967033,22381.41454,913729,0,0,0.0,0.0,0,0,0,0,0,0,873616,0,912.44456,0.0,32,32,32.0,0.0,0.0,0,0,0,0,0,0,0,0,0,32.00029303,32.0,0.0,0,0,0,0,0,0,109202,3494464,0,0,-1,-1,109201,8,0.0,0.0,0,0,0.0,0.0,0,0,DDOS attack-LOIC-UDP
80,17,21/02/2018 10:09:13,119851238,148637,0,4756384,0,32,32,32.0,0.0,0,0,0.0,0.0,39685.73107,1240.179096,806.340577,17284.93816,660561,0,120000000,806.340577,17284.93816,660561,0,0,0.0,0.0,0,0,0,0,0,0,1189096,0,1240.179096,0.0,32,32,32.0,0.0,0.0,0,0,0,0,0,0,0,0,0,32.00021529,32.0,0.0,0,0,0,0,0,0,148637,4756384,0,0,-1,-1,148636,8,0.0,0.0,0,0,0.0,0.0,0,0,DDOS attack-LOIC-UDP
80,17,21/02/2018 10:09:09,106004142,13,0,416,0,32,32,32.0,0.0,0,0,0.0,0.0,3.924374955,0.122636717,8833678.5,4170579.221,17000000,2998233,106000000,8833678.5,4170579.221,17000000,2998233,0,0.0,0.0,0,0,0,0,0,0,104,0,0.122636717,0.0,32,32,32.0,0.0,0.0,0,0,0,0,0,0,0,0,0,34.46153846,32.0,0.0,0,0,0,0,0,0,13,416,0,0,-1,-1,12,8,3499097.0,708328.6617,3999961,2998233,9900594.8,3689786.028,17000000,6000015,Benign
80,17,21/02/2018 10:09:13,106004057,12,0,384,0,32,32,32.0,0.0,0,0,0.0,0.0,3.622502863,0.113203214,9636732.455,10100000.0,33000000,987670,106000000,9636732.455,10100000.0,33000000,987670,0,0.0,0.0,0,0,0,0,0,0,96,0,0.113203214,0.0,32,32,32.0,0.0,0.0,0,0,0,0,0,0,0,0,0,34.66666667,32.0,0.0,0,0,0,0,0,0,12,384,0,0,-1,-1,11,8,6026964.0,0.0,6026964,6026964,16700000.0,8465594.903,33000000,9012017,Benign
80,17,21/02/2018 10:09:14,119728217,115787,0,3705184,0,32,32,32.0,0.0,0,0,0.0,0.0,30946.62305,967.0819703,1034.047441,21736.80598,978757,0,120000000,1034.047441,21736.80598,978757,0,0,0.0,0.0,0,0,0,0,0,0,926296,0,967.0819703,0.0,32,32,32.0,0.0,0.0,0,0,0,0,0,0,0,0,0,32.00027637,32.0,0.0,0,0,0,0,0,0,115787,3705184,0,0,-1,-1,115786,8,0.0,0.0,0,0,0.0,0.0,0,0,DDOS attack-LOIC-UDP
80,17,21/02/2018 10:09:12,106984158,12,0,384,0,32,32,32.0,0.0,0,0,0.0,0.0,3.589316467,0.11216614,9725832.545,11600000.0,42000000,2002782,107000000,9725832.545,11600000.0,42000000,2002782,0,0.0,0.0,0,0,0,0,0,0,96,0,0.11216614,0.0,32,32,32.0,0.0,0.0,0,0,0,0,0,0,0,0,0,34.66666667,32.0,0.0,0,0,0,0,0,0,12,384,0,0,-1,-1,11,8,13000000.0,5657980.671,17000000,8986597,19800000.0,15300000.0,42000000,6985295,Benign
80,17,21/02/2018 10:09:14,119919003,130369,0,4171808,0,32,32,32.0,0.0,0,0,0.0,0.0,34788.54807,1087.142127,919.8499862,18649.83961,660844,0,120000000,919.8499862,18649.83961,660844,0,0,0.0,0.0,0,0,0,0,0,0,1042952,0,1087.142127,0.0,32,32,32.0,0.0,0.0,0,0,0,0,0,0,0,0,0,32.00024546,32.0,0.0,0,0,0,0,0,0,130369,4171808,0,0,-1,-1,130368,8,0.0,0.0,0,0,0.0,0.0,0,0,DDOS attack-LOIC-UDP
80,17,21/02/2018 10:08:59,106013865,17,0,544,0,32,32,32.0,0.0,0,0,0.0,0.0,5.131404274,0.160356384,6625866.563,6495381.678,23000000,999956,106000000,6625866.563,6495381.678,23000000,999956,0,0.0,0.0,0,0,0,0,0,0,136,0,0.160356384,0.0,32,32,32.0,0.0,0.0,0,0,0,0,0,0,0,0,0,33.88235294,32.0,0.0,0,0,0,0,0,0,17,544,0,0,-1,-1,16,8,3500775.0,999502.201,5000025,2999130,11500000.0,5916288.514,23000000,5990155,Benign
80,17,21/02/2018 10:09:15,119672897,153688,0,4918016,0,32,32,32.0,0.0,0,0,0.0,0.0,41095.48714,1284.233973,778.6793743,16985.15245,605845,0,120000000,778.6793743,16985.15245,605845,0,0,0.0,0.0,0,0,0,0,0,0,1229504,0,1284.233973,0.0,32,32,32.0,0.0,0.0,0,0,0,0,0,0,0,0,0,32.00020821,32.0,0.0,0,0,0,0,0,0,153688,4918016,0,0,-1,-1,153687,8,0.0,0.0,0,0,0.0,0.0,0,0,DDOS attack-LOIC-UDP
80,17,21/02/2018 10:09:02,109004745,8,0,256,0,32,32,32.0,0.0,0,0,0.0,0.0,2.348521617,0.073391301,15600000.0,13100000.0,37000000,1000007,109000000,15600000.0,13100000.0,37000000,1000007,0,0.0,0.0,0,0,0,0,0,0,64,0,0.073391301,0.0,32,32,32.0,0.0,0.0,0,0,0,0,0,0,0,0,0,36.0,32.0,0.0,0,0,0,0,0,0,8,256,0,0,-1,-1,7,8,2001622.0,1416497.517,3003237,1000007,21000000.0,11300000.0,37000000,7989129,Benign
80,17,21/02/2018 10:09:16,119865163,124261,0,3976352,0,32,32,32.0,0.0,0,0,0.0,0.0,33173.54184,1036.673183,964.631925,19156.60812,825680,0,120000000,964.631925,19156.60812,825680,0,0,0.0,0.0,0,0,0,0,0,0,994088,0,1036.673183,0.0,32,32,32.0,0.0,0.0,0,0,0,0,0,0,0,0,0,32.00025752,32.0,0.0,0,0,0,0,0,0,124261,3976352,0,0,-1,-1,124260,8,0.0,0.0,0,0,0.0,0.0,0,0,DDOS attack-LOIC-UDP
80,17,21/02/2018 10:09:16,119989665,156575,0,5010400,0,32,32,32.0,0.0,0,0,0.0,0.0,41756.92965,1304.904052,766.3447635,16838.84999,809913,0,120000000,766.3447635,16838.84999,809913,0,0,0.0,0.0,0,0,0,0,0,0,1252600,0,1304.904052,0.0,32,32,32.0,0.0,0.0,0,0,0,0,0,0,0,0,0,32.00020437,32.0,0.0,0,0,0,0,0,0,156575,5010400,0,0,-1,-1,156574,8,0.0,0.0,0,0,0.0,0.0,0,0,DDOS attack-LOIC-UDP
80,17,21/02/2018 10:09:16,114013402,8,0,256,0,32,32,32.0,0.0,0,0,0.0,0.0,2.245350069,0.07016719,16300000.0,10200000.0,29000000,3021131,114000000,16300000.0,10200000.0,29000000,3021131,0,0.0,0.0,0,0,0,0,0,0,64,0,0.07016719,0.0,32,32,32.0,0.0,0.0,0,0,0,0,0,0,0,0,0,36.0,32.0,0.0,0,0,0,0,0,0,8,256,0,0,-1,-1,7,8,3021131.0,0.0,3021131,3021131,18500000.0,9118178.739,29000000,5988870,Benign
80,17,21/02/2018 10:09:06,119023735,17,0,544,0,32,32,32.0,0.0,0,0,0.0,0.0,4.570516965,0.142828655,7438983.437,4127121.953,17000000,3006768,119000000,7438983.437,4127121.953,17000000,3006768,0,0.0,0.0,0,0,0,0,0,0,136,0,0.142828655,0.0,32,32,32.0,0.0,0.0,0,0,0,0,0,0,0,0,0,33.88235294,32.0,0.0,0,0,0,0,0,0,17,544,0,0,-1,-1,16,8,4009262.25,1416676.986,6017109,3007935,9362426.0,3528350.02,17000000,5989122,Benign
80,17,21/02/2018 10:09:05,119027486,19,0,608,0,32,32,32.0,0.0,0,0,0.0,0.0,5.108063864,0.159626996,6612638.111,8370283.828,25000000,22,119000000,6612638.111,8370283.828,25000000,22,0,0.0,0.0,0,0,0,0,0,0,152,0,0.159626996,0.0,32,32,32.0,0.0,0.0,0,0,0,0,0,0,0,0,0,33.68421053,32.0,0.0,0,0,0,0,0,0,19,608,0,0,-1,-1,18,8,5979972.0,5685197.918,10000000,1959930,15300000.0,7101821.352,25000000,6985079,Benign
80,17,21/02/2018 10:09:16,117003514,14,0,448,0,32,32,32.0,0.0,0,0,0.0,0.0,3.82894483,0.119654526,9000270.308,5860289.371,24000000,3999989,117000000,9000270.308,5860289.371,24000000,3999989,0,0.0,0.0,0,0,0,0,0,0,112,0,0.119654526,0.0,32,32,32.0,0.0,0.0,0,0,0,0,0,0,0,0,0,34.28571429,32.0,0.0,0,0,0,0,0,0,14,448,0,0,-1,-1,13,8,12000000.0,0.0,12000000,12000000,10500000.0,5913347.03,24000000,5008480,Benign
80,17,21/02/2018 10:09:17,119999824,143351,0,4587232,0,32,32,32.0,0.0,0,0,0.0,0.0,38226.9894,1194.593419,837.110736,17695.55242,729063,0,120000000,837.110736,17695.55242,729063,0,0,0.0,0.0,0,0,0,0,0,0,1146808,0,1194.593419,0.0,32,32,32.0,0.0,0.0,0,0,0,0,0,0,0,0,0,32.00022323,32.0,0.0,0,0,0,0,0,0,143351,4587232,0,0,-1,-1,143350,8,0.0,0.0,0,0,0.0,0.0,0,0,DDOS attack-LOIC-UDP
80,17,21/02/2018 10:09:17,119999520,128792,0,4121344,0,32,32,32.0,0.0,0,0,0.0,0.0,34344.67071,1073.27096,931.7383979,18850.89709,639883,0,120000000,931.7383979,18850.89709,639883,0,0,0.0,0.0,0,0,0,0,0,0,1030336,0,1073.27096,0.0,32,32,32.0,0.0,0.0,0,0,0,0,0,0,0,0,0,32.00024846,32.0,0.0,0,0,0,0,0,0,128792,4121344,0,0,-1,-1,128791,8,0.0,0.0,0,0,0.0,0.0,0,0,DDOS attack-LOIC-UDP
80,17,21/02/2018 10:09:14,112009140,7,0,224,0,32,32,32.0,0.0,0,0,0.0,0.0,1.999836799,0.0624949,18700000.0,16700000.0,47000000,2000051,112000000,18700000.0,16700000.0,47000000,2000051,0,0.0,0.0,0,0,0,0,0,0,56,0,0.0624949,0.0,32,32,32.0,0.0,0.0,0,0,0,0,0,0,0,0,0,36.57142857,32.0,0.0,0,0,0,0,0,0,7,224,0,0,-1,-1,6,8,2000051.0,0.0,2000051,2000051,22000000.0,16300000.0,47000000,6999934,Benign
80,17,21/02/2018 10:09:18,119662149,145666,0,4661312,0,32,32,32.0,0.0,0,0,0.0,0.0,38953.93856,1217.31058,821.4886829,17741.92776,965648,0,120000000,821.4886829,17741.92776,965648,0,0,0.0,0.0,0,0,0,0,0,0,1165328,0,1217.31058,0.0,32,32,32.0,0.0,0.0,0,0,0,0,0,0,0,0,0,32.00021968,32.0,0.0,0,0,0,0,0,0,145666,4661312,0,0,-1,-1,145665,8,0.0,0.0,0,0,0.0,0.0,0,0,DDOS attack-LOIC-UDP
80,17,21/02/2018 10:09:18,119736545,129166,0,4133312,0,32,32,32.0,0.0,0,0,0.0,0.0,34520.05401,1078.751688,927.0045678,18786.97377,674276,0,120000000,927.0045678,18786.97377,674276,0,0,0.0,0.0,0,0,0,0,0,0,1033328,0,1078.751688,0.0,32,32,32.0,0.0,0.0,0,0,0,0,0,0,0,0,0,32.00024774,32.0,0.0,0,0,0,0,0,0,129166,4133312,0,0,-1,-1,129165,8,0.0,0.0,0,0,0.0,0.0,0,0,DDOS attack-LOIC-UDP
80,17,21/02/2018 10:09:10,119016628,15,0,480,0,32,32,32.0,0.0,0,0,0.0,0.0,4.033049903,0.126032809,8501187.714,8803939.399,35000000,2008014,119000000,8501187.714,8803939.399,35000000,2008014,0,0.0,0.0,0,0,0,0,0,0,120,0,0.126032809,0.0,32,32,32.0,0.0,0.0,0,0,0,0,0,0,0,0,0,34.13333333,32.0,0.0,0,0,0,0,0,0,15,480,0,0,-1,-1,14,8,3670606.333,1151220.203,4999871,2995997,13600000.0,10300000.0,35000000,6000667,Benign
80,17,21/02/2018 10:09:08,113012075,13,0,416,0,32,32,32.0,0.0,0,0,0.0,0.0,3.681022581,0.115031956,9417672.917,7732021.354,30000000,972915,113000000,9417672.917,7732021.354,30000000,972915,0,0.0,0.0,0,0,0,0,0,0,104,0,0.115031956,0.0,32,32,32.0,0.0,0.0,0,0,0,0,0,0,0,0,0,34.46153846,32.0,0.0,0,0,0,0,0,0,13,416,0,0,-1,-1,12,8,2983827.0,22647.21599,2999841,2967813,11900000.0,7372615.409,30000000,6000158,Benign
80,17,21/02/2018 10:09:19,119583517,127904,0,4092928,0,32,32,32.0,0.0,0,0,0.0,0.0,34226.52304,1069.578845,934.954747,18938.35527,943028,0,120000000,934.954747,18938.35527,943028,0,0,0.0,0.0,0,0,0,0,0,0,1023232,0,1069.578845,0.0,32,32,32.0,0.0,0.0,0,0,0,0,0,0,0,0,0,32.00025019,32.0,0.0,0,0,0,0,0,0,127904,4092928,0,0,-1,-1,127903,8,0.0,0.0,0,0,0.0,0.0,0,0,DDOS attack-LOIC-UDP
80,17,21/02/2018 10:09:19,119722057,127589,0,4082848,0,32,32,32.0,0.0,0,0,0.0,0.0,34102.72177,1065.710055,938.3488808,18924.21503,887721,0,120000000,938.3488808,18924.21503,887721,0,0,0.0,0.0,0,0,0,0,0,0,1020712,0,1065.710055,0.0,32,32,32.0,0.0,0.0,0,0,0,0,0,0,0,0,0,32.00025081,32.0,0.0,0,0,0,0,0,0,127589,4082848,0,0,-1,-1,127588,8,0.0,0.0,0,0,0.0,0.0,0,0,DDOS attack-LOIC-UDP
80,17,21/02/2018 10:09:12,115021023,13,0,416,0,32,32,32.0,0.0,0,0,0.0,0.0,3.616730135,0.113022817,9585085.25,6111518.182,23000000,3000003,115000000,9585085.25,6111518.182,23000000,3000003,0,0.0,0.0,0,0,0,0,0,0,104,0,0.113022817,0.0,32,32,32.0,0.0,0.0,0,0,0,0,0,0,0,0,0,34.46153846,32.0,0.0,0,0,0,0,0,0,13,416,0,0,-1,-1,12,8,5002427.5,1410800.358,6000014,4004841,11700000.0,5633908.418,23000000,5000076,Benign
80,17,21/02/2018 10:09:20,119729030,136188,0,4358016,0,32,32,32.0,0.0,0,0,0.0,0.0,36398.99196,1137.468499,879.1516811,18469.26231,1046823,0,120000000,879.1516811,18469.26231,1046823,0,0,0.0,0.0,0,0,0,0,0,0,1089504,0,1137.468499,0.0,32,32,32.0,0.0,0.0,0,0,0,0,0,0,0,0,0,32.00023497,32.0,0.0,0,0,0,0,0,0,136188,4358016,0,0,-1,-1,136187,8,0.0,0.0,0,0,0.0,0.0,0,0,DDOS attack-LOIC-UDP
80,17,21/02/2018 10:09:20,119907581,128913,0,4125216,0,32,32,32.0,0.0,0,0,0.0,0.0,34403.29599,1075.103,930.1506532,18840.54331,756879,0,120000000,930.1506532,18840.54331,756879,0,0,0.0,0.0,0,0,0,0,0,0,1031304,0,1075.103,0.0,32,32,32.0,0.0,0.0,0,0,0,0,0,0,0,0,0,32.00024823,32.0,0.0,0,0,0,0,0,0,128913,4125216,0,0,-1,-1,128912,8,0.0,0.0,0,0,0.0,0.0,0,0,DDOS attack-LOIC-UDP
80,17,21/02/2018 10:09:11,116008125,13,0,416,0,32,32,32.0,0.0,0,0,0.0,0.0,3.585955725,0.112061116,9667343.75,5120981.853,18000000,3000020,116000000,9667343.75,5120981.853,18000000,3000020,0,0.0,0.0,0,0,0,0,0,0,104,0,0.112061116,0.0,32,32,32.0,0.0,0.0,0,0,0,0,0,0,0,0,0,34.46153846,32.0,0.0,0,0,0,0,0,0,13,416,0,0,-1,-1,12,8,4504104.0,2115826.124,6000219,3007989,11900000.0,3721575.259,18000000,7003896,Benign
80,17,21/02/2018 10:09:20,94999965,8,0,256,0,32,32,32.0,0.0,0,0,0.0,0.0,2.694737835,0.084210557,13600000.0,8493749.439,25000000,3020035,95000000,13600000.0,8493749.439,25000000,3020035,0,0.0,0.0,0,0,0,0,0,0,64,0,0.084210557,0.0,32,32,32.0,0.0,0.0,0,0,0,0,0,0,0,0,0,36.0,32.0,0.0,0,0,0,0,0,0,8,256,0,0,-1,-1,7,8,3020035.0,0.0,3020035,3020035,15300000.0,7784286.432,25000000,6000065,Benign
80,17,21/02/2018 10:09:10,105011998,7,0,224,0,32,32,32.0,0.0,0,0,0.0,0.0,2.133089592,0.06665905,17500000.0,13200000.0,40000000,3991951,105000000,17500000.0,13200000.0,40000000,3991951,0,0.0,0.0,0,0,0,0,0,0,56,0,0.06665905,0.0,32,32,32.0,0.0,0.0,0,0,0,0,0,0,0,0,0,36.57142857,32.0,0.0,0,0,0,0,0,0,7,224,0,0,-1,-1,6,8,3991951.0,0.0,3991951,3991951,20200000.0,12800000.0,40000000,5999951,Benign
80,17,21/02/2018 10:09:05,118000653,14,0,448,0,32,32,32.0,0.0,0,0,0.0,0.0,3.79658916,0.118643411,9076973.308,7691701.677,30000000,1000026,118000000,9076973.308,7691701.677,30000000,1000026,0,0.0,0.0,0,0,0,0,0,0,112,0,0.118643411,0.0,32,32,32.0,0.0,0.0,0,0,0,0,0,0,0,0,0,34.28571429,32.0,0.0,0,0,0,0,0,0,14,448,0,0,-1,-1,13,8,2508510.75,1005825.057,3033471,1000026,12000000.0,7563330.558,30000000,5970494,Benign
80,17,21/02/2018 10:09:21,119983977,121273,0,3880736,0,32,32,32.0,0.0,0,0,0.0,0.0,32343.78537,1010.743293,989.379057,19441.44371,698023,0,120000000,989.379057,19441.44371,698023,0,0,0.0,0.0,0,0,0,0,0,0,970184,0,1010.743293,0.0,32,32,32.0,0.0,0.0,0,0,0,0,0,0,0,0,0,32.00026387,32.0,0.0,0,0,0,0,0,0,121273,3880736,0,0,-1,-1,121272,8,0.0,0.0,0,0,0.0,0.0,0,0,DDOS attack-LOIC-UDP
80,17,21/02/2018 10:09:18,117007964,12,0,384,0,32,32,32.0,0.0,0,0,0.0,0.0,3.281827893,0.102557122,10600000.0,11000000.0,39000000,1999996,117000000,10600000.0,11000000.0,39000000,1999996,0,0.0,0.0,0,0,0,0,0,0,96,0,0.102557122,0.0,32,32,32.0,0.0,0.0,0,0,0,0,0,0,0,0,0,34.66666667,32.0,0.0,0,0,0,0,0,0,12,384,0,0,-1,-1,11,8,2667993.667,1156844.821,4003803,1999996,15300000.0,11500000.0,39000000,7003065,Benign
80,17,21/02/2018 10:09:22,119789694,130590,0,4178880,0,32,32,32.0,0.0,0,0,0.0,0.0,34885.13795,1090.160561,917.303096,18834.18112,669069,0,120000000,917.303096,18834.18112,669069,0,0,0.0,0.0,0,0,0,0,0,0,1044720,0,1090.160561,0.0,32,32,32.0,0.0,0.0,0,0,0,0,0,0,0,0,0,32.00024504,32.0,0.0,0,0,0,0,0,0,130590,4178880,0,0,-1,-1,130589,8,0.0,0.0,0,0,0.0,0.0,0,0,DDOS attack-LOIC-UDP
80,17,21/02/2018 10:09:23,119744700,134538,0,4305216,0,32,32,32.0,0.0,0,0,0.0,0.0,35953.29063,1123.540332,890.0503207,18737.18633,695809,0,120000000,890.0503207,18737.18633,695809,0,0,0.0,0.0,0,0,0,0,0,0,1076304,0,1123.540332,0.0,32,32,32.0,0.0,0.0,0,0,0,0,0,0,0,0,0,32.00023785,32.0,0.0,0,0,0,0,0,0,134538,4305216,0,0,-1,-1,134537,8,0.0,0.0,0,0,0.0,0.0,0,0,DDOS attack-LOIC-UDP
80,17,21/02/2018 10:09:15,111962004,15,0,480,0,32,32,32.0,0.0,0,0,0.0,0.0,4.287168708,0.133974022,7997286.0,3498239.765,16000000,4019980,112000000,7997286.0,3498239.765,16000000,4019980,0,0.0,0.0,0,0,0,0,0,0,120,0,0.133974022,0.0,32,32,32.0,0.0,0.0,0,0,0,0,0,0,0,0,0,34.13333333,32.0,0.0,0,0,0,0,0,0,15,480,0,0,-1,-1,14,8,4267842.25,486139.485,4997009,4019980,9489063.5,2990575.201,16000000,5999990,Benign
80,17,21/02/2018 10:09:16,116004013,26,0,832,0,32,32,32.0,0.0,0,0,0.0,0.0,7.172165673,0.224130177,4640160.52,4400173.141,16000000,5,116000000,4640160.52,4400173.141,16000000,5,0,0.0,0.0,0,0,0,0,0,0,208,0,0.224130177,0.0,32,32,32.0,0.0,0.0,0,0,0,0,0,0,0,0,0,33.23076923,32.0,0.0,0,0,0,0,0,0,26,832,0,0,-1,-1,25,8,7736247.25,4561777.137,13000000,3003992,9451002.667,3170142.842,16000000,5000145,Benign
80,17,21/02/2018 10:09:23,119800537,118700,0,3798400,0,32,32,32.0,0.0,0,0,0.0,0.0,31706.03484,990.8135888,1009.280087,19716.74083,1045621,0,120000000,1009.280087,19716.74083,1045621,0,0,0.0,0.0,0,0,0,0,0,0,949600,0,990.8135888,0.0,32,32,32.0,0.0,0.0,0,0,0,0,0,0,0,0,0,32.00026959,32.0,0.0,0,0,0,0,0,0,118700,3798400,0,0,-1,-1,118699,8,0.0,0.0,0,0,0.0,0.0,0,0,DDOS attack-LOIC-UDP
80,17,21/02/2018 10:09:10,118005832,12,0,384,0,32,32,32.0,0.0,0,0,0.0,0.0,3.25407646,0.101689889,10700000.0,9206965.968,25000000,999947,118000000,10700000.0,9206965.968,25000000,999947,0,0.0,0.0,0,0,0,0,0,0,96,0,0.101689889,0.0,32,32,32.0,0.0,0.0,0,0,0,0,0,0,0,0,0,34.66666667,32.0,0.0,0,0,0,0,0,0,12,384,0,0,-1,-1,11,8,2000641.0,1000026.669,2999999,999947,14000000.0,8713768.066,25000000,6009794,Benign
80,17,21/02/2018 10:09:24,119722196,133306,0,4265792,0,32,32,32.0,0.0,0,0,0.0,0.0,35630.75305,1113.461033,898.1073178,18902.50016,954995,0,120000000,898.1073178,18902.50016,954995,0,0,0.0,0.0,0,0,0,0,0,0,1066448,0,1113.461033,0.0,32,32,32.0,0.0,0.0,0,0,0,0,0,0,0,0,0,32.00024005,32.0,0.0,0,0,0,0,0,0,133306,4265792,0,0,-1,-1,133305,8,0.0,0.0,0,0,0.0,0.0,0,0,DDOS attack-LOIC-UDP
80,17,21/02/2018 10:09:18,118024205,12,0,384,0,32,32,32.0,0.0,0,0,0.0,0.0,3.253569893,0.101674059,10700000.0,6589032.524,27000000,3996763,118000000,10700000.0,6589032.524,27000000,3996763,0,0.0,0.0,0,0,0,0,0,0,96,0,0.101674059,0.0,32,32,32.0,0.0,0.0,0,0,0,0,0,0,0,0,0,34.66666667,32.0,0.0,0,0,0,0,0,0,12,384,0,0,-1,-1,11,8,3996763.0,0.0,3996763,3996763,11400000.0,6534448.637,27000000,5999878,Benign
80,17,21/02/2018 10:09:14,94004068,17,0,544,0,32,32,32.0,0.0,0,0,0.0,0.0,5.786983602,0.180843238,5875254.25,7485273.819,26000000,1979954,94000000,5875254.25,7485273.819,26000000,1979954,0,0.0,0.0,0,0,0,0,0,0,136,0,0.180843238,0.0,32,32,32.0,0.0,0.0,0,0,0,0,0,0,0,0,0,33.88235294,32.0,0.0,0,0,0,0,0,0,17,544,0,0,-1,-1,16,8,20000000.0,0.0,20000000,20000000,16500000.0,8792119.123,26000000,6022241,Benign
80,17,21/02/2018 10:09:07,117963716,14,0,448,0,32,32,32.0,0.0,0,0,0.0,0.0,3.797777954,0.118680561,9074132.0,10400000.0,37000000,948471,118000000,9074132.0,10400000.0,37000000,948471,0,0.0,0.0,0,0,0,0,0,0,112,0,0.118680561,0.0,32,32,32.0,0.0,0.0,0,0,0,0,0,0,0,0,0,34.28571429,32.0,0.0,0,0,0,0,0,0,14,448,0,0,-1,-1,13,8,1745824.5,499161.7673,2055103,999999,15900000.0,9926486.347,37000000,6999951,Benign
80,17,21/02/2018 10:09:25,119955387,131744,0,4215808,0,32,32,32.0,0.0,0,0,0.0,0.0,35144.79929,1098.274978,910.5256978,18815.8422,762046,0,120000000,910.5256978,18815.8422,762046,0,0,0.0,0.0,0,0,0,0,0,0,1053952,0,1098.274978,0.0,32,32,32.0,0.0,0.0,0,0,0,0,0,0,0,0,0,32.0002429,32.0,0.0,0,0,0,0,0,0,131744,4215808,0,0,-1,-1,131743,8,0.0,0.0,0,0,0.0,0.0,0,0,DDOS attack-LOIC-UDP
80,17,21/02/2018 10:09:11,91032218,14,0,448,0,32,32,32.0,0.0,0,0,0.0,0.0,4.921334554,0.153791705,7002478.308,9442565.716,32000000,9,91000000,7002478.308,9442565.716,32000000,9,0,0.0,0.0,0,0,0,0,0,0,112,0,0.153791705,0.0,32,32,32.0,0.0,0.0,0,0,0,0,0,0,0,0,0,34.28571429,32.0,0.0,0,0,0,0,0,0,14,448,0,0,-1,-1,13,8,2685432.0,2273575.619,4000057,60134,15600000.0,10400000.0,32000000,5007961,Benign
500,17,21/02/2018 10:08:36,47493914,5,0,2500,0,500,500,500.0,0.0,0,0,0.0,0.0,52.6383233,0.105276647,11900000.0,8489545.53,23300000,4000297,47500000,11900000.0,8489545.53,23300000,4000297,0,0.0,0.0,0,0,0,0,0,0,40,0,0.105276647,0.0,500,500,500.0,0.0,0.0,0,0,0,0,0,0,0,0,0,600.0,500.0,0.0,0,0,0,0,0,0,5,2500,0,0,-1,-1,4,8,4000297.0,0.0,4000297,4000297,14500000.0,8172142.743,23300000,7203704,Benign
80,17,21/02/2018 10:09:25,119940494,118974,0,3807168,0,32,32,32.0,0.0,0,0,0.0,0.0,31742.1404,991.9418874,1008.132047,20199.91047,954309,0,120000000,1008.132047,20199.91047,954309,0,0,0.0,0.0,0,0,0,0,0,0,951792,0,991.9418874,0.0,32,32,32.0,0.0,0.0,0,0,0,0,0,0,0,0,0,32.00026897,32.0,0.0,0,0,0,0,0,0,118974,3807168,0,0,-1,-1,118973,8,0.0,0.0,0,0,0.0,0.0,0,0,DDOS attack-LOIC-UDP
80,17,21/02/2018 10:09:26,119688442,122682,0,3925824,0,32,32,32.0,0.0,0,0,0.0,0.0,32800.36012,1025.011254,975.606997,19498.07513,857342,0,120000000,975.606997,19498.07513,857342,0,0,0.0,0.0,0,0,0,0,0,0,981456,0,1025.011254,0.0,32,32,32.0,0.0,0.0,0,0,0,0,0,0,0,0,0,32.00026084,32.0,0.0,0,0,0,0,0,0,122682,3925824,0,0,-1,-1,122681,8,0.0,0.0,0,0,0.0,0.0,0,0,DDOS attack-LOIC-UDP
80,17,21/02/2018 10:09:25,97999106,10,0,320,0,32,32,32.0,0.0,0,0,0.0,0.0,3.26533591,0.102041747,10900000.0,11000000.0,34000000,1000123,98000000,10900000.0,11000000.0,34000000,1000123,0,0.0,0.0,0,0,0,0,0,0,80,0,0.102041747,0.0,32,32,32.0,0.0,0.0,0,0,0,0,0,0,0,0,0,35.2,32.0,0.0,0,0,0,0,0,0,10,320,0,0,-1,-1,9,8,2996024.333,2641900.959,5991955,1000123,17800000.0,10300000.0,34000000,8999984,Benign
80,17,21/02/2018 10:09:26,119752420,124699,0,3990368,0,32,32,32.0,0.0,0,0,0.0,0.0,33321.81512,1041.306723,960.3395403,19785.13197,923017,0,120000000,960.3395403,19785.13197,923017,0,0,0.0,0.0,0,0,0,0,0,0,997592,0,1041.306723,0.0,32,32,32.0,0.0,0.0,0,0,0,0,0,0,0,0,0,32.00025662,32.0,0.0,0,0,0,0,0,0,124699,3990368,0,0,-1,-1,124698,8,0.0,0.0,0,0,0.0,0.0,0,0,DDOS attack-LOIC-UDP
80,17,21/02/2018 10:09:04,110000020,15,0,480,0,32,32,32.0,0.0,0,0,0.0,0.0,4.36363557,0.136363612,7857144.286,9555970.442,28000000,999985,110000000,7857144.286,9555970.442,28000000,999985,0,0.0,0.0,0,0,0,0,0,0,120,0,0.136363612,0.0,32,32,32.0,0.0,0.0,0,0,0,0,0,0,0,0,0,34.13333333,32.0,0.0,0,0,0,0,0,0,15,480,0,0,-1,-1,14,8,5499975.5,707077.7898,5999955,4999996,15800000.0,10200000.0,28000000,6020031,Benign
80,17,21/02/2018 10:09:26,116002354,12,0,384,0,32,32,32.0,0.0,0,0,0.0,0.0,3.310277652,0.103446177,10500000.0,10800000.0,26000000,994165,116000000,10500000.0,10800000.0,26000000,994165,0,0.0,0.0,0,0,0,0,0,0,96,0,0.103446177,0.0,32,32,32.0,0.0,0.0,0,0,0,0,0,0,0,0,0,34.66666667,32.0,0.0,0,0,0,0,0,0,12,384,0,0,-1,-1,11,8,3327181.0,3213092.043,6992036,994165,20200000.0,8593450.972,26000000,5057934,Benign
80,17,21/02/2018 10:09:17,97979927,15,0,480,0,32,32,32.0,0.0,0,0,0.0,0.0,4.898962621,0.153092582,6998566.214,7997614.598,28000000,895887,98000000,6998566.214,7997614.598,28000000,895887,0,0.0,0.0,0,0,0,0,0,0,120,0,0.153092582,0.0,32,32,32.0,0.0,0.0,0,0,0,0,0,0,0,0,0,34.13333333,32.0,0.0,0,0,0,0,0,0,15,480,0,0,-1,-1,14,8,4000360.75,3448746.567,6997356,1000085,13700000.0,8420975.894,28000000,6997915,Benign
80,17,21/02/2018 10:09:19,112043859,8,0,256,0,32,32,32.0,0.0,0,0,0.0,0.0,2.284819554,0.071400611,16000000.0,14300000.0,41000000,3011593,112000000,16000000.0,14300000.0,41000000,3011593,0,0.0,0.0,0,0,0,0,0,0,64,0,0.071400611,0.0,32,32,32.0,0.0,0.0,0,0,0,0,0,0,0,0,0,36.0,32.0,0.0,0,0,0,0,0,0,8,256,0,0,-1,-1,7,8,5505761.0,3527286.212,7999929,3011593,25300000.0,12000000.0,41000000,15000000,Benign
80,17,21/02/2018 10:09:26,97005027,10,0,320,0,32,32,32.0,0.0,0,0,0.0,0.0,3.298798113,0.103087441,10800000.0,15000000.0,47000000,1008208,97000000,10800000.0,15000000.0,47000000,1008208,0,0.0,0.0,0,0,0,0,0,0,80,0,0.103087441,0.0,32,32,32.0,0.0,0.0,0,0,0,0,0,0,0,0,0,35.2,32.0,0.0,0,0,0,0,0,0,10,320,0,0,-1,-1,9,8,5514075.0,2079029.701,6984171,4043979,26300000.0,18900000.0,47000000,10000000,Benign
80,17,21/02/2018 10:09:27,119913523,115207,0,3686624,0,32,32,32.0,0.0,0,0,0.0,0.0,30744.02209,960.7506903,1040.861787,20643.51416,955015,0,120000000,1040.861787,20643.51416,955015,0,0,0.0,0.0,0,0,0,0,0,0,921656,0,960.7506903,0.0,32,32,32.0,0.0,0.0,0,0,0,0,0,0,0,0,0,32.00027776,32.0,0.0,0,0,0,0,0,0,115207,3686624,0,0,-1,-1,115206,8,0.0,0.0,0,0,0.0,0.0,0,0,DDOS attack-LOIC-UDP
80,17,21/02/2018 10:09:27,119481504,105307,0,3369824,0,32,32,32.0,0.0,0,0,0.0,0.0,28203.72934,881.3665419,1134.612501,25095.92308,864987,0,119000000,1134.612501,25095.92308,864987,0,0,0.0,0.0,0,0,0,0,0,0,842456,0,881.3665419,0.0,32,32,32.0,0.0,0.0,0,0,0,0,0,0,0,0,0,32.00030387,32.0,0.0,0,0,0,0,0,0,105307,3369824,0,0,-1,-1,105306,8,0.0,0.0,0,0,0.0,0.0,0,0,DDOS attack-LOIC-UDP
80,17,21/02/2018 10:09:23,112019909,21,0,672,0,32,32,32.0,0.0,0,0,0.0,0.0,5.998933636,0.187466676,5600995.45,5892202.955,17100000,9,112000000,5600995.45,5892202.955,17100000,9,0,0.0,0.0,0,0,0,0,0,0,168,0,0.187466676,0.0,32,32,32.0,0.0,0.0,0,0,0,0,0,0,0,0,0,33.52380952,32.0,0.0,0,0,0,0,0,0,21,672,0,0,-1,-1,20,8,1987971.6,1424703.485,3999368,943939,11300000.0,3630579.539,17100000,6989900,Benign
80,17,21/02/2018 10:09:09,107012066,17,0,544,0,32,32,32.0,0.0,0,0,0.0,0.0,5.083538897,0.158860591,6688254.125,8745417.612,29000000,979855,107000000,6688254.125,8745417.612,29000000,979855,0,0.0,0.0,0,0,0,0,0,0,136,0,0.158860591,0.0,32,32,32.0,0.0,0.0,0,0,0,0,0,0,0,0,0,33.88235294,32.0,0.0,0,0,0,0,0,0,17,544,0,0,-1,-1,16,8,9524927.5,12000000.0,18000000,1033083,17600000.0,8247447.423,29000000,9004034,Benign
80,17,21/02/2018 10:09:28,119662379,122125,0,3908000,0,32,32,32.0,0.0,0,0,0.0,0.0,32658.55177,1020.579743,979.8432659,20211.53847,1027063,0,120000000,979.8432659,20211.53847,1027063,0,0,0.0,0.0,0,0,0,0,0,0,977000,0,1020.579743,0.0,32,32,32.0,0.0,0.0,0,0,0,0,0,0,0,0,0,32.00026203,32.0,0.0,0,0,0,0,0,0,122125,3908000,0,0,-1,-1,122124,8,0.0,0.0,0,0,0.0,0.0,0,0,DDOS attack-LOIC-UDP
80,17,21/02/2018 10:09:27,111008060,20,0,640,0,32,32,32.0,0.0,0,0,0.0,0.0,5.765347129,0.180167098,5842529.474,6792856.315,22000000,4,111000000,5842529.474,6792856.315,22000000,4,0,0.0,0.0,0,0,0,0,0,0,160,0,0.180167098,0.0,32,32,32.0,0.0,0.0,0,0,0,0,0,0,0,0,0,33.6,32.0,0.0,0,0,0,0,0,0,20,640,0,0,-1,-1,19,8,5608895.0,3902595.938,12000000,2044673,13800000.0,6541530.216,22000000,6991977,Benign
80,17,21/02/2018 10:09:28,119520331,82829,0,2650528,0,32,32,32.0,0.0,0,0,0.0,0.0,22176.37767,693.0118023,1442.994289,28279.66226,838958,0,120000000,1442.994289,28279.66226,838958,0,0,0.0,0.0,0,0,0,0,0,0,662632,0,693.0118023,0.0,32,32,32.0,0.0,0.0,0,0,0,0,0,0,0,0,0,32.00038634,32.0,0.0,0,0,0,0,0,0,82829,2650528,0,0,-1,-1,82828,8,0.0,0.0,0,0,0.0,0.0,0,0,DDOS attack-LOIC-UDP
80,17,21/02/2018 10:09:29,119702001,111303,0,3561696,0,32,32,32.0,0.0,0,0,0.0,0.0,29754.69057,929.8340802,1075.470351,21185.52136,699150,0,120000000,1075.470351,21185.52136,699150,0,0,0.0,0.0,0,0,0,0,0,0,890424,0,929.8340802,0.0,32,32,32.0,0.0,0.0,0,0,0,0,0,0,0,0,0,32.0002875,32.0,0.0,0,0,0,0,0,0,111303,3561696,0,0,-1,-1,111302,8,0.0,0.0,0,0,0.0,0.0,0,0,DDOS attack-LOIC-UDP
80,17,21/02/2018 10:09:29,119371972,90722,0,2903104,0,32,32,32.0,0.0,0,0,0.0,0.0,24319.81269,759.9941467,1315.814111,27220.46961,852689,0,119000000,1315.814111,27220.46961,852689,0,0,0.0,0.0,0,0,0,0,0,0,725776,0,759.9941467,0.0,32,32,32.0,0.0,0.0,0,0,0,0,0,0,0,0,0,32.00035273,32.0,0.0,0,0,0,0,0,0,90722,2903104,0,0,-1,-1,90721,8,0.0,0.0,0,0,0.0,0.0,0,0,DDOS attack-LOIC-UDP
80,17,21/02/2018 10:09:23,114999871,13,0,416,0,32,32,32.0,0.0,0,0,0.0,0.0,3.617395362,0.113043605,9583322.583,7489007.76,27000000,2975064,115000000,9583322.583,7489007.76,27000000,2975064,0,0.0,0.0,0,0,0,0,0,0,104,0,0.113043605,0.0,32,32,32.0,0.0,0.0,0,0,0,0,0,0,0,0,0,34.46153846,32.0,0.0,0,0,0,0,0,0,13,416,0,0,-1,-1,12,8,3975295.0,1414540.246,4975526,2975064,10700000.0,7742069.414,27000000,5995878,Benign
80,17,21/02/2018 10:09:23,112968114,15,0,480,0,32,32,32.0,0.0,0,0,0.0,0.0,4.248986577,0.132780831,8069151.0,10000000.0,38000000,936022,113000000,8069151.0,10000000.0,38000000,936022,0,0.0,0.0,0,0,0,0,0,0,120,0,0.132780831,0.0,32,32,32.0,0.0,0.0,0,0,0,0,0,0,0,0,0,34.13333333,32.0,0.0,0,0,0,0,0,0,15,480,0,0,-1,-1,14,8,2618453.0,2887029.781,5952059,936022,13000000.0,10900000.0,38000000,5008034,Benign
80,17,21/02/2018 10:09:30,111997941,9,0,288,0,32,32,32.0,0.0,0,0,0.0,0.0,2.571475845,0.08035862,14000000.0,13200000.0,44000000,2992264,112000000,14000000.0,13200000.0,44000000,2992264,0,0.0,0.0,0,0,0,0,0,0,72,0,0.08035862,0.0,32,32,32.0,0.0,0.0,0,0,0,0,0,0,0,0,0,35.55555556,32.0,0.0,0,0,0,0,0,0,9,288,0,0,-1,-1,8,8,3994098.5,1416807.937,4995933,2992264,17300000.0,13700000.0,44000000,6994800,Benign
80,17,21/02/2018 10:09:30,119471327,108944,0,3486208,0,32,32,32.0,0.0,0,0,0.0,0.0,29180.29026,911.8840707,1096.640693,21274.51905,695324,0,119000000,1096.640693,21274.51905,695324,0,0,0.0,0.0,0,0,0,0,0,0,871552,0,911.8840707,0.0,32,32,32.0,0.0,0.0,0,0,0,0,0,0,0,0,0,32.00029373,32.0,0.0,0,0,0,0,0,0,108944,3486208,0,0,-1,-1,108943,8,0.0,0.0,0,0,0.0,0.0,0,0,DDOS attack-LOIC-UDP
80,17,21/02/2018 10:09:30,119495963,81010,0,2592320,0,32,32,32.0,0.0,0,0,0.0,0.0,21693.78726,677.9308519,1475.094903,28979.13992,828134,0,119000000,1475.094903,28979.13992,828134,0,0,0.0,0.0,0,0,0,0,0,0,648080,0,677.9308519,0.0,32,32,32.0,0.0,0.0,0,0,0,0,0,0,0,0,0,32.00039501,32.0,0.0,0,0,0,0,0,0,81010,2592320,0,0,-1,-1,81009,8,0.0,0.0,0,0,0.0,0.0,0,0,DDOS attack-LOIC-UDP
80,17,21/02/2018 10:09:25,116018937,12,0,384,0,32,32,32.0,0.0,0,0,0.0,0.0,3.309804502,0.103431391,10500000.0,16000000.0,55000000,944148,116000000,10500000.0,16000000.0,55000000,944148,0,0.0,0.0,0,0,0,0,0,0,96,0,0.103431391,0.0,32,32,32.0,0.0,0.0,0,0,0,0,0,0,0,0,0,34.66666667,32.0,0.0,0,0,0,0,0,0,12,384,0,0,-1,-1,11,8,5468163.0,3495764.806,7940042,2996284,21000000.0,19600000.0,55000000,5068003,Benign
80,17,21/02/2018 10:09:31,119999713,120951,0,3870432,0,32,32,32.0,0.0,0,0,0.0,0.0,32253.67714,1007.927411,992.1431418,20405.40672,1063903,0,120000000,992.1431418,20405.40672,1063903,0,0,0.0,0.0,0,0,0,0,0,0,967608,0,1007.927411,0.0,32,32,32.0,0.0,0.0,0,0,0,0,0,0,0,0,0,32.00026457,32.0,0.0,0,0,0,0,0,0,120951,3870432,0,0,-1,-1,120950,8,0.0,0.0,0,0,0.0,0.0,0,0,DDOS attack-LOIC-UDP
80,17,21/02/2018 10:09:31,119489923,93490,0,2991680,0,32,32,32.0,0.0,0,0,0.0,0.0,25037.09037,782.4090739,1278.117458,26981.85488,807888,0,119000000,1278.117458,26981.85488,807888,0,0,0.0,0.0,0,0,0,0,0,0,747920,0,782.4090739,0.0,32,32,32.0,0.0,0.0,0,0,0,0,0,0,0,0,0,32.00034228,32.0,0.0,0,0,0,0,0,0,93490,2991680,0,0,-1,-1,93489,8,0.0,0.0,0,0,0.0,0.0,0,0,DDOS attack-LOIC-UDP
80,17,21/02/2018 10:09:27,111012174,18,0,576,0,32,32,32.0,0.0,0,0,0.0,0.0,5.188620124,0.162144379,6530127.882,4240721.049,17000000,1989062,111000000,6530127.882,4240721.049,17000000,1989062,0,0.0,0.0,0,0,0,0,0,0,144,0,0.162144379,0.0,32,32,32.0,0.0,0.0,0,0,0,0,0,0,0,0,0,33.77777778,32.0,0.0,0,0,0,0,0,0,18,576,0,0,-1,-1,17,8,9672851.0,8627838.483,19000000,1989062,9997187.625,3776704.719,17000000,5992109,Benign
80,17,21/02/2018 10:09:32,119618742,111422,0,3565504,0,32,32,32.0,0.0,0,0,0.0,0.0,29807.23539,931.476106,1073.574479,21166.40973,694100,0,120000000,1073.574479,21166.40973,694100,0,0,0.0,0.0,0,0,0,0,0,0,891376,0,931.476106,0.0,32,32,32.0,0.0,0.0,0,0,0,0,0,0,0,0,0,32.0002872,32.0,0.0,0,0,0,0,0,0,111422,3565504,0,0,-1,-1,111421,8,0.0,0.0,0,0,0.0,0.0,0,0,DDOS attack-LOIC-UDP
80,17,21/02/2018 10:09:33,119563705,76729,0,2455328,0,32,32,32.0,0.0,0,0,0.0,0.0,20535.7303,641.741572,1558.279963,29902.15711,897763,1,120000000,1558.279963,29902.15711,897763,1,0,0.0,0.0,0,0,0,0,0,0,613832,0,641.741572,0.0,32,32,32.0,0.0,0.0,0,0,0,0,0,0,0,0,0,32.00041705,32.0,0.0,0,0,0,0,0,0,76729,2455328,0,0,-1,-1,76728,8,0.0,0.0,0,0,0.0,0.0,0,0,DDOS attack-LOIC-UDP
80,17,21/02/2018 10:09:22,104001900,14,0,448,0,32,32,32.0,0.0,0,0,0.0,0.0,4.307613611,0.134612925,8000146.154,5521462.218,20000000,996793,104000000,8000146.154,5521462.218,20000000,996793,0,0.0,0.0,0,0,0,0,0,0,112,0,0.134612925,0.0,32,32,32.0,0.0,0.0,0,0,0,0,0,0,0,0,0,34.28571429,32.0,0.0,0,0,0,0,0,0,14,448,0,0,-1,-1,13,8,5998950.333,4360740.248,8999901,996793,10800000.0,5335389.053,20000000,5999947,Benign
80,17,21/02/2018 10:09:29,113984872,10,0,320,0,32,32,32.0,0.0,0,0,0.0,0.0,2.807390089,0.08773094,12700000.0,12900000.0,39000000,980054,114000000,12700000.0,12900000.0,39000000,980054,0,0.0,0.0,0,0,0,0,0,0,80,0,0.08773094,0.0,32,32,32.0,0.0,0.0,0,0,0,0,0,0,0,0,0,35.2,32.0,0.0,0,0,0,0,0,0,10,320,0,0,-1,-1,9,8,2326990.667,2307970.351,4991953,980054,17800000.0,12900000.0,39000000,6992380,Benign
80,17,21/02/2018 10:09:34,119409517,75657,0,2421024,0,32,32,32.0,0.0,0,0,0.0,0.0,20274.96686,633.5927144,1578.321838,30397.80946,880863,0,119000000,1578.321838,30397.80946,880863,0,0,0.0,0.0,0,0,0,0,0,0,605256,0,633.5927144,0.0,32,32,32.0,0.0,0.0,0,0,0,0,0,0,0,0,0,32.00042296,32.0,0.0,0,0,0,0,0,0,75657,2421024,0,0,-1,-1,75656,8,0.0,0.0,0,0,0.0,0.0,0,0,DDOS attack-LOIC-UDP
80,17,21/02/2018 10:09:21,119002621,10,0,320,0,32,32,32.0,0.0,0,0,0.0,0.0,2.689016404,0.084031763,13200000.0,10100000.0,32000000,2000094,119000000,13200000.0,10100000.0,32000000,2000094,0,0.0,0.0,0,0,0,0,0,0,80,0,0.084031763,0.0,32,32,32.0,0.0,0.0,0,0,0,0,0,0,0,0,0,35.2,32.0,0.0,0,0,0,0,0,0,10,320,0,0,-1,-1,9,8,2994246.5,1405943.949,3988399,2000094,16100000.0,9591100.456,32000000,7000171,Benign
80,17,21/02/2018 10:09:34,119715729,131983,0,4223456,0,32,32,32.0,0.0,0,0,0.0,0.0,35279.04007,1102.470002,907.061031,18687.16575,651935,0,120000000,907.061031,18687.16575,651935,0,0,0.0,0.0,0,0,0,0,0,0,1055864,0,1102.470002,0.0,32,32,32.0,0.0,0.0,0,0,0,0,0,0,0,0,0,32.00024246,32.0,0.0,0,0,0,0,0,0,131983,4223456,0,0,-1,-1,131982,8,0.0,0.0,0,0,0.0,0.0,0,0,DDOS attack-LOIC-UDP
80,17,21/02/2018 10:09:35,119843426,87796,0,2809472,0,32,32,32.0,0.0,0,0,0.0,0.0,23442.85451,732.5892035,1365.037029,28112.60489,854575,0,120000000,1365.037029,28112.60489,854575,0,0,0.0,0.0,0,0,0,0,0,0,702368,0,732.5892035,0.0,32,32,32.0,0.0,0.0,0,0,0,0,0,0,0,0,0,32.00036448,32.0,0.0,0,0,0,0,0,0,87796,2809472,0,0,-1,-1,87795,8,0.0,0.0,0,0,0.0,0.0,0,0,DDOS attack-LOIC-UDP
80,17,21/02/2018 10:09:35,119778081,135054,0,4321728,0,32,32,32.0,0.0,0,0,0.0,0.0,36081.12573,1127.535179,886.8968553,18568.27899,664857,0,120000000,886.8968553,18568.27899,664857,0,0,0.0,0.0,0,0,0,0,0,0,1080432,0,1127.535179,0.0,32,32,32.0,0.0,0.0,0,0,0,0,0,0,0,0,0,32.00023694,32.0,0.0,0,0,0,0,0,0,135054,4321728,0,0,-1,-1,135053,8,0.0,0.0,0,0,0.0,0.0,0,0,DDOS attack-LOIC-UDP
80,17,21/02/2018 10:09:27,117991985,15,0,480,0,32,32,32.0,0.0,0,0,0.0,0.0,4.068072929,0.127127279,8427998.929,9919043.919,34000000,986419,118000000,8427998.929,9919043.919,34000000,986419,0,0.0,0.0,0,0,0,0,0,0,120,0,0.127127279,0.0,32,32,32.0,0.0,0.0,0,0,0,0,0,0,0,0,0,34.13333333,32.0,0.0,0,0,0,0,0,0,15,480,0,0,-1,-1,14,8,3358268.667,3201006.616,7005064,1013233,15300000.0,10100000.0,34000000,5931433,Benign
80,17,21/02/2018 10:09:36,119675757,78192,0,2502144,0,32,32,32.0,0.0,0,0,0.0,0.0,20907.69311,653.3654097,1530.556675,29952.82471,831210,0,120000000,1530.556675,29952.82471,831210,0,0,0.0,0.0,0,0,0,0,0,0,625536,0,653.3654097,0.0,32,32,32.0,0.0,0.0,0,0,0,0,0,0,0,0,0,32.00040925,32.0,0.0,0,0,0,0,0,0,78192,2502144,0,0,-1,-1,78191,8,0.0,0.0,0,0,0.0,0.0,0,0,DDOS attack-LOIC-UDP
80,17,21/02/2018 10:09:31,103960480,14,0,448,0,32,32,32.0,0.0,0,0,0.0,0.0,4.309329853,0.134666558,7996960.0,5490111.81,18000000,1996173,104000000,7996960.0,5490111.81,18000000,1996173,0,0.0,0.0,0,0,0,0,0,0,112,0,0.134666558,0.0,32,32,32.0,0.0,0.0,0,0,0,0,0,0,0,0,0,34.28571429,32.0,0.0,0,0,0,0,0,0,14,448,0,0,-1,-1,13,8,4196089.4,3336992.199,9980084,1996173,11900000.0,4593786.863,18000000,5015805,Benign
80,17,21/02/2018 10:09:36,119880381,114376,0,3660032,0,32,32,32.0,0.0,0,0,0.0,0.0,30530.70043,954.0843885,1048.134479,20232.00246,651848,0,120000000,1048.134479,20232.00246,651848,0,0,0.0,0.0,0,0,0,0,0,0,915008,0,954.0843885,0.0,32,32,32.0,0.0,0.0,0,0,0,0,0,0,0,0,0,32.00027978,32.0,0.0,0,0,0,0,0,0,114376,3660032,0,0,-1,-1,114375,8,0.0,0.0,0,0,0.0,0.0,0,0,DDOS attack-LOIC-UDP
80,17,21/02/2018 10:09:37,119961579,84781,0,2712992,0,32,32,32.0,0.0,0,0,0.0,0.0,22615.50759,706.7346121,1414.974982,28689.31867,945245,0,120000000,1414.974982,28689.31867,945245,0,0,0.0,0.0,0,0,0,0,0,0,678248,0,706.7346121,0.0,32,32,32.0,0.0,0.0,0,0,0,0,0,0,0,0,0,32.00037744,32.0,0.0,0,0,0,0,0,0,84781,2712992,0,0,-1,-1,84780,8,0.0,0.0,0,0,0.0,0.0,0,0,DDOS attack-LOIC-UDP
80,17,21/02/2018 10:09:38,119725872,126799,0,4057568,0,32,32,32.0,0.0,0,0,0.0,0.0,33890.48609,1059.07769,944.2252401,19421.02553,832945,0,120000000,944.2252401,19421.02553,832945,0,0,0.0,0.0,0,0,0,0,0,0,1014392,0,1059.07769,0.0,32,32,32.0,0.0,0.0,0,0,0,0,0,0,0,0,0,32.00025237,32.0,0.0,0,0,0,0,0,0,126799,4057568,0,0,-1,-1,126798,8,0.0,0.0,0,0,0.0,0.0,0,0,DDOS attack-LOIC-UDP
80,17,21/02/2018 10:09:19,113012174,11,0,352,0,32,32,32.0,0.0,0,0,0.0,0.0,3.114708686,0.097334646,11300000.0,11000000.0,30000000,972296,113000000,11300000.0,11000000.0,30000000,972296,0,0.0,0.0,0,0,0,0,0,0,88,0,0.097334646,0.0,32,32,32.0,0.0,0.0,0,0,0,0,0,0,0,0,0,34.90909091,32.0,0.0,0,0,0,0,0,0,11,352,0,0,-1,-1,10,8,1979682.0,1402570.342,2971449,987915,17500000.0,9993095.15,30000000,5039989,Benign
80,17,21/02/2018 10:09:35,110992388,15,0,480,0,32,32,32.0,0.0,0,0,0.0,0.0,4.324620892,0.135144403,7928027.714,5072731.296,18000000,3980072,111000000,7928027.714,5072731.296,18000000,3980072,0,0.0,0.0,0,0,0,0,0,0,120,0,0.135144403,0.0,32,32,32.0,0.0,0.0,0,0,0,0,0,0,0,0,0,34.13333333,32.0,0.0,0,0,0,0,0,0,15,480,0,0,-1,-1,14,8,6005538.25,3997624.138,12000000,3980072,10900000.0,4968723.582,18000000,5000227,Benign
80,17,21/02/2018 10:09:25,105004080,10,0,320,0,32,32,32.0,0.0,0,0,0.0,0.0,3.04750063,0.095234395,11700000.0,10100000.0,34000000,1996396,105000000,11700000.0,10100000.0,34000000,1996396,0,0.0,0.0,0,0,0,0,0,0,80,0,0.095234395,0.0,32,32,32.0,0.0,0.0,0,0,0,0,0,0,0,0,0,35.2,32.0,0.0,0,0,0,0,0,0,10,320,0,0,-1,-1,9,8,2998220.0,1416793.088,4000044,1996396,14100000.0,10200000.0,34000000,6995619,Benign
80,17,21/02/2018 10:09:36,118988733,8,0,256,0,32,32,32.0,0.0,0,0,0.0,0.0,2.151464206,0.067233256,17000000.0,15700000.0,48000000,3972117,119000000,17000000.0,15700000.0,48000000,3972117,0,0.0,0.0,0,0,0,0,0,0,64,0,0.067233256,0.0,32,32,32.0,0.0,0.0,0,0,0,0,0,0,0,0,0,36.0,32.0,0.0,0,0,0,0,0,0,8,256,0,0,-1,-1,7,8,0.0,0.0,0,0,19200000.0,15900000.0,48000000,5008064,Benign
80,17,21/02/2018 10:09:39,119830941,111508,0,3568256,0,32,32,32.0,0.0,0,0,0.0,0.0,29777.41784,930.5443074,1074.649493,20637.81127,645707,0,120000000,1074.649493,20637.81127,645707,0,0,0.0,0.0,0,0,0,0,0,0,892064,0,930.5443074,0.0,32,32,32.0,0.0,0.0,0,0,0,0,0,0,0,0,0,32.00028697,32.0,0.0,0,0,0,0,0,0,111508,3568256,0,0,-1,-1,111507,8,0.0,0.0,0,0,0.0,0.0,0,0,DDOS attack-LOIC-UDP
80,17,21/02/2018 10:09:37,114984391,13,0,416,0,32,32,32.0,0.0,0,0,0.0,0.0,3.617882361,0.113058824,9582032.583,6442952.641,26000000,1017299,115000000,9582032.583,6442952.641,26000000,1017299,0,0.0,0.0,0,0,0,0,0,0,104,0,0.113058824,0.0,32,32,32.0,0.0,0.0,0,0,0,0,0,0,0,0,0,34.46153846,32.0,0.0,0,0,0,0,0,0,13,416,0,0,-1,-1,12,8,3000479.333,1981318.133,4979930,1017299,11800000.0,5868447.519,26000000,6990676,Benign
80,17,21/02/2018 10:09:38,106000113,10,0,320,0,32,32,32.0,0.0,0,0,0.0,0.0,3.018864706,0.094339522,11800000.0,5516065.192,18000000,4011311,106000000,11800000.0,5516065.192,18000000,4011311,0,0.0,0.0,0,0,0,0,0,0,80,0,0.094339522,0.0,32,32,32.0,0.0,0.0,0,0,0,0,0,0,0,0,0,35.2,32.0,0.0,0,0,0,0,0,0,10,320,0,0,-1,-1,9,8,4503519.5,696087.9362,4995728,4011311,13900000.0,4220270.111,18000000,7000042,Benign
80,17,21/02/2018 10:09:32,108998840,13,0,416,0,32,32,32.0,0.0,0,0,0.0,0.0,3.816554378,0.119267324,9083236.667,6794663.057,22000000,1979836,109000000,9083236.667,6794663.057,22000000,1979836,0,0.0,0.0,0,0,0,0,0,0,104,0,0.119267324,0.0,32,32,32.0,0.0,0.0,0,0,0,0,0,0,0,0,0,34.46153846,32.0,0.0,0,0,0,0,0,0,13,416,0,0,-1,-1,12,8,8000155.0,0.0,8000155,8000155,12400000.0,5914577.549,22000000,7007779,Benign
80,17,21/02/2018 10:09:40,119816440,122444,0,3918208,0,32,32,32.0,0.0,0,0,0.0,0.0,32701.75612,1021.929879,978.5487125,19822.78901,647965,0,120000000,978.5487125,19822.78901,647965,0,0,0.0,0.0,0,0,0,0,0,0,979552,0,1021.929879,0.0,32,32,32.0,0.0,0.0,0,0,0,0,0,0,0,0,0,32.00026134,32.0,0.0,0,0,0,0,0,0,122444,3918208,0,0,-1,-1,122443,8,0.0,0.0,0,0,0.0,0.0,0,0,DDOS attack-LOIC-UDP
80,17,21/02/2018 10:09:38,115004180,10,0,320,0,32,32,32.0,0.0,0,0,0.0,0.0,2.782507558,0.086953361,12800000.0,13500000.0,47000000,2006444,115000000,12800000.0,13500000.0,47000000,2006444,0,0.0,0.0,0,0,0,0,0,0,80,0,0.086953361,0.0,32,32,32.0,0.0,0.0,0,0,0,0,0,0,0,0,0,35.2,32.0,0.0,0,0,0,0,0,0,10,320,0,0,-1,-1,9,8,5997437.0,0.0,5997437,5997437,15600000.0,14200000.0,47000000,5003931,Benign
80,17,21/02/2018 10:09:13,116980943,9,0,288,0,32,32,32.0,0.0,0,0,0.0,0.0,2.461939463,0.076935608,14600000.0,9947931.041,32000000,1982406,117000000,14600000.0,9947931.041,32000000,1982406,0,0.0,0.0,0,0,0,0,0,0,72,0,0.076935608,0.0,32,32,32.0,0.0,0.0,0,0,0,0,0,0,0,0,0,35.55555556,32.0,0.0,0,0,0,0,0,0,9,288,0,0,-1,-1,8,8,0.0,0.0,0,0,16400000.0,9220713.764,32000000,6988019,Benign
80,17,21/02/2018 10:09:34,111014797,15,0,480,0,32,32,32.0,0.0,0,0,0.0,0.0,4.323747941,0.135117123,7929628.357,11400000.0,43000000,5,111000000,7929628.357,11400000.0,43000000,5,0,0.0,0.0,0,0,0,0,0,0,120,0,0.135117123,0.0,32,32,32.0,0.0,0.0,0,0,0,0,0,0,0,0,0,34.13333333,32.0,0.0,0,0,0,0,0,0,15,480,0,0,-1,-1,14,8,9490229.5,720722.1223,9999857,8980602,18400000.0,13900000.0,43000000,9019567,Benign
80,17,21/02/2018 10:09:41,119895806,111730,0,3575360,0,32,32,32.0,0.0,0,0,0.0,0.0,29820.55936,931.89248,1073.094774,20658.4113,836284,0,120000000,1073.094774,20658.4113,836284,0,0,0.0,0.0,0,0,0,0,0,0,893840,0,931.89248,0.0,32,32,32.0,0.0,0.0,0,0,0,0,0,0,0,0,0,32.0002864,32.0,0.0,0,0,0,0,0,0,111730,3575360,0,0,-1,-1,111729,8,0.0,0.0,0,0,0.0,0.0,0,0,DDOS attack-LOIC-UDP
80,17,21/02/2018 10:09:33,118016021,14,0,448,0,32,32,32.0,0.0,0,0,0.0,0.0,3.796094769,0.118627962,9078155.462,5869409.912,21000000,3960280,118000000,9078155.462,5869409.912,21000000,3960280,0,0.0,0.0,0,0,0,0,0,0,112,0,0.118627962,0.0,32,32,32.0,0.0,0.0,0,0,0,0,0,0,0,0,0,34.28571429,32.0,0.0,0,0,0,0,0,0,14,448,0,0,-1,-1,13,8,9995459.5,2838972.208,12000000,7988003,12300000.0,5394724.874,21000000,6991992,Benign
80,17,21/02/2018 10:09:28,116997075,14,0,448,0,32,32,32.0,0.0,0,0,0.0,0.0,3.829155558,0.119661111,8999775.0,8501116.863,32000000,988035,117000000,8999775.0,8501116.863,32000000,988035,0,0.0,0.0,0,0,0,0,0,0,112,0,0.119661111,0.0,32,32,32.0,0.0,0.0,0,0,0,0,0,0,0,0,0,34.28571429,32.0,0.0,0,0,0,0,0,0,14,448,0,0,-1,-1,13,8,2497660.5,715072.3391,3003293,1992028,11200000.0,8529243.368,32000000,5004786,Benign
80,17,21/02/2018 10:09:35,117023973,18,0,576,0,32,32,32.0,0.0,0,0,0.0,0.0,4.922068404,0.153814638,6883763.118,5753854.292,20000000,987824,117000000,6883763.118,5753854.292,20000000,987824,0,0.0,0.0,0,0,0,0,0,0,144,0,0.153814638,0.0,32,32,32.0,0.0,0.0,0,0,0,0,0,0,0,0,0,33.77777778,32.0,0.0,0,0,0,0,0,0,18,576,0,0,-1,-1,17,8,5799000.0,2155724.477,8975942,3990071,12600000.0,4462444.882,20000000,5011197,Benign
80,17,21/02/2018 10:09:42,119808736,118556,0,3793792,0,32,32,32.0,0.0,0,0,0.0,0.0,31665.40376,989.5438677,1010.575142,20338.72325,903587,0,120000000,1010.575142,20338.72325,903587,0,0,0.0,0.0,0,0,0,0,0,0,948448,0,989.5438677,0.0,32,32,32.0,0.0,0.0,0,0,0,0,0,0,0,0,0,32.00026991,32.0,0.0,0,0,0,0,0,0,118556,3793792,0,0,-1,-1,118555,8,0.0,0.0,0,0,0.0,0.0,0,0,DDOS attack-LOIC-UDP
80,17,21/02/2018 10:09:34,118023991,18,0,576,0,32,32,32.0,0.0,0,0,0.0,0.0,4.880363688,0.152511365,6942587.706,6147626.506,29000000,3007685,118000000,6942587.706,6147626.506,29000000,3007685,0,0.0,0.0,0,0,0,0,0,0,144,0,0.152511365,0.0,32,32,32.0,0.0,0.0,0,0,0,0,0,0,0,0,0,33.77777778,32.0,0.0,0,0,0,0,0,0,18,576,0,0,-1,-1,17,8,10500000.0,7794911.103,16000000,4959898,11300000.0,7923972.999,29000000,5999446,Benign
80,17,21/02/2018 10:09:40,117014301,16,0,512,0,32,32,32.0,0.0,0,0,0.0,0.0,4.375533551,0.136735423,7800953.4,5099980.048,17000000,1003762,117000000,7800953.4,5099980.048,17000000,1003762,0,0.0,0.0,0,0,0,0,0,0,128,0,0.136735423,0.0,32,32,32.0,0.0,0.0,0,0,0,0,0,0,0,0,0,34.0,32.0,0.0,0,0,0,0,0,0,16,512,0,0,-1,-1,15,8,4014901.5,3840741.399,9027310,1003762,11200000.0,3319566.449,17000000,6969871,Benign
80,17,21/02/2018 10:09:41,113009800,17,0,544,0,32,32,32.0,0.0,0,0,0.0,0.0,4.813741817,0.150429432,7063112.5,6267596.496,21000000,1011038,113000000,7063112.5,6267596.496,21000000,1011038,0,0.0,0.0,0,0,0,0,0,0,136,0,0.150429432,0.0,32,32,32.0,0.0,0.0,0,0,0,0,0,0,0,0,0,33.88235294,32.0,0.0,0,0,0,0,0,0,17,544,0,0,-1,-1,16,8,4005772.333,987479.7903,4991894,3016940,11200000.0,6504776.489,21000000,5012030,Benign
80,17,21/02/2018 10:09:37,112968638,15,0,480,0,32,32,32.0,0.0,0,0,0.0,0.0,4.248966868,0.132780215,8069188.429,7508396.868,26000000,945694,113000000,8069188.429,7508396.868,26000000,945694,0,0.0,0.0,0,0,0,0,0,0,120,0,0.132780215,0.0,32,32,32.0,0.0,0.0,0,0,0,0,0,0,0,0,0,34.13333333,32.0,0.0,0,0,0,0,0,0,15,480,0,0,-1,-1,14,8,3324458.333,1139407.809,3987990,2008800,12900000.0,6530357.96,26000000,5992057,Benign
80,17,21/02/2018 10:09:43,119999788,110806,0,3545792,0,32,32,32.0,0.0,0,0,0.0,0.0,29548.31887,923.3849646,1082.981707,20881.93708,660515,0,120000000,1082.981707,20881.93708,660515,0,0,0.0,0.0,0,0,0,0,0,0,886448,0,923.3849646,0.0,32,32,32.0,0.0,0.0,0,0,0,0,0,0,0,0,0,32.00028879,32.0,0.0,0,0,0,0,0,0,110806,3545792,0,0,-1,-1,110805,8,0.0,0.0,0,0,0.0,0.0,0,0,DDOS attack-LOIC-UDP
80,17,21/02/2018 10:09:21,113987933,17,0,544,0,32,32,32.0,0.0,0,0,0.0,0.0,4.772434991,0.149138593,7124245.813,3911762.844,14000000,1989654,114000000,7124245.813,3911762.844,14000000,1989654,0,0.0,0.0,0,0,0,0,0,0,136,0,0.149138593,0.0,32,32,32.0,0.0,0.0,0,0,0,0,0,0,0,0,0,33.88235294,32.0,0.0,0,0,0,0,0,0,17,544,0,0,-1,-1,16,8,4339847.0,540473.7235,4963775,4015749,9996940.889,2549312.107,14000000,5959985,Benign
80,17,21/02/2018 10:09:44,119636594,122132,0,3908224,0,32,32,32.0,0.0,0,0,0.0,0.0,32667.46293,1020.858217,979.5759799,19747.14322,657935,0,120000000,979.5759799,19747.14322,657935,0,0,0.0,0.0,0,0,0,0,0,0,977056,0,1020.858217,0.0,32,32,32.0,0.0,0.0,0,0,0,0,0,0,0,0,0,32.00026201,32.0,0.0,0,0,0,0,0,0,122132,3908224,0,0,-1,-1,122131,8,0.0,0.0,0,0,0.0,0.0,0,0,DDOS attack-LOIC-UDP
80,17,21/02/2018 10:09:45,112992246,12,0,384,0,32,32,32.0,0.0,0,0,0.0,0.0,3.398463289,0.106201978,10300000.0,10200000.0,30000000,964846,113000000,10300000.0,10200000.0,30000000,964846,0,0.0,0.0,0,0,0,0,0,0,96,0,0.106201978,0.0,32,32,32.0,0.0,0.0,0,0,0,0,0,0,0,0,0,34.66666667,32.0,0.0,0,0,0,0,0,0,12,384,0,0,-1,-1,11,8,5492631.0,6368674.604,9995964,989298,14600000.0,10600000.0,30000000,5988324,Benign
80,17,21/02/2018 10:09:43,112022046,14,0,448,0,32,32,32.0,0.0,0,0,0.0,0.0,3.999212798,0.1249754,8617080.462,7882883.387,30000000,997802,112000000,8617080.462,7882883.387,30000000,997802,0,0.0,0.0,0,0,0,0,0,0,112,0,0.1249754,0.0,32,32,32.0,0.0,0.0,0,0,0,0,0,0,0,0,0,34.28571429,32.0,0.0,0,0,0,0,0,0,14,448,0,0,-1,-1,13,8,4661689.0,573125.5674,4999419,3999948,12300000.0,8139145.115,30000000,5004020,Benign
80,17,21/02/2018 10:09:40,113004650,9,0,288,0,32,32,32.0,0.0,0,0,0.0,0.0,2.548567692,0.07964274,14100000.0,13000000.0,44000000,2969000,113000000,14100000.0,13000000.0,44000000,2969000,0,0.0,0.0,0,0,0,0,0,0,72,0,0.07964274,0.0,32,32,32.0,0.0,0.0,0,0,0,0,0,0,0,0,0,35.55555556,32.0,0.0,0,0,0,0,0,0,9,288,0,0,-1,-1,8,8,2969000.0,0.0,2969000,2969000,15700000.0,13200000.0,44000000,5031704,Benign
80,17,21/02/2018 10:09:51,105992114,11,0,352,0,32,32,32.0,0.0,0,0,0.0,0.0,3.321001787,0.103781306,10600000.0,7491760.245,28000000,3005428,106000000,10600000.0,7491760.245,28000000,3005428,0,0.0,0.0,0,0,0,0,0,0,88,0,0.103781306,0.0,32,32,32.0,0.0,0.0,0,0,0,0,0,0,0,0,0,34.90909091,32.0,0.0,0,0,0,0,0,0,11,352,0,0,-1,-1,10,8,3685796.0,589307.008,4036338,3005428,13600000.0,7066430.323,28000000,7979985,Benign
80,17,21/02/2018 10:09:45,91001163,13,0,416,0,32,32,32.0,0.0,0,0,0.0,0.0,4.571370148,0.142855317,7583430.25,5159623.392,19000000,2001725,91000000,7583430.25,5159623.392,19000000,2001725,0,0.0,0.0,0,0,0,0,0,0,104,0,0.142855317,0.0,32,32,32.0,0.0,0.0,0,0,0,0,0,0,0,0,0,34.46153846,32.0,0.0,0,0,0,0,0,0,13,416,0,0,-1,-1,12,8,4332110.333,2510596.576,6990646,2001725,9750604.0,4978129.459,19000000,5020011,Benign
80,17,21/02/2018 10:09:47,119993980,16,0,512,0,32,32,32.0,0.0,0,0,0.0,0.0,4.266880722,0.133340023,7999598.667,5988252.216,19100000,987135,120000000,7999598.667,5988252.216,19100000,987135,0,0.0,0.0,0,0,0,0,0,0,128,0,0.133340023,0.0,32,32,32.0,0.0,0.0,0,0,0,0,0,0,0,0,0,34.0,32.0,0.0,0,0,0,0,0,0,16,512,0,0,-1,-1,15,8,1982744.0,1140111.896,2992234,987135,11200000.0,4600585.115,19100000,6951572,Benign
80,17,21/02/2018 10:09:24,115012474,13,0,416,0,32,32,32.0,0.0,0,0,0.0,0.0,3.61699897,0.113031218,9584372.833,6738797.095,21000000,1029610,115000000,9584372.833,6738797.095,21000000,1029610,0,0.0,0.0,0,0,0,0,0,0,104,0,0.113031218,0.0,32,32,32.0,0.0,0.0,0,0,0,0,0,0,0,0,0,34.46153846,32.0,0.0,0,0,0,0,0,0,13,416,0,0,-1,-1,12,8,2013880.0,1391967.983,2998150,1029610,14300000.0,4526274.519,21000000,7027583,Benign
80,17,21/02/2018 10:09:47,119028097,13,0,416,0,32,32,32.0,0.0,0,0,0.0,0.0,3.494973124,0.10921791,9919008.083,10700000.0,40000000,1036330,119000000,9919008.083,10700000.0,40000000,1036330,0,0.0,0.0,0,0,0,0,0,0,104,0,0.10921791,0.0,32,32,32.0,0.0,0.0,0,0,0,0,0,0,0,0,0,34.46153846,32.0,0.0,0,0,0,0,0,0,13,416,0,0,-1,-1,12,8,4676304.667,2068782.707,6993635,3015298,15000000.0,11700000.0,40000000,5005964,Benign
80,17,21/02/2018 10:09:48,119023909,12,0,384,0,32,32,32.0,0.0,0,0,0.0,0.0,3.226242553,0.10082008,10800000.0,6263788.796,22000000,3999968,119000000,10800000.0,6263788.796,22000000,3999968,0,0.0,0.0,0,0,0,0,0,0,96,0,0.10082008,0.0,32,32,32.0,0.0,0.0,0,0,0,0,0,0,0,0,0,34.66666667,32.0,0.0,0,0,0,0,0,0,12,384,0,0,-1,-1,11,8,8999913.0,0.0,8999913,8999913,12200000.0,6064252.032,22000000,5003897,Benign
80,17,21/02/2018 10:09:34,113015908,13,0,416,0,32,32,32.0,0.0,0,0,0.0,0.0,3.680897737,0.115028054,9417992.333,5526363.067,24000000,4013396,113000000,9417992.333,5526363.067,24000000,4013396,0,0.0,0.0,0,0,0,0,0,0,104,0,0.115028054,0.0,32,32,32.0,0.0,0.0,0,0,0,0,0,0,0,0,0,34.46153846,32.0,0.0,0,0,0,0,0,0,13,416,0,0,-1,-1,12,8,4655175.667,555957.9344,4989421,4013396,11000000.0,5529372.787,24000000,5000153,Benign
80,17,21/02/2018 10:09:46,110009412,11,0,352,0,32,32,32.0,0.0,0,0,0.0,0.0,3.19972622,0.099991444,11000000.0,7163432.366,23000000,3999900,110000000,11000000.0,7163432.366,23000000,3999900,0,0.0,0.0,0,0,0,0,0,0,88,0,0.099991444,0.0,32,32,32.0,0.0,0.0,0,0,0,0,0,0,0,0,0,34.90909091,32.0,0.0,0,0,0,0,0,0,11,352,0,0,-1,-1,10,8,13000000.0,0.0,13000000,13000000,13900000.0,6716103.088,23000000,5000756,Benign
80,17,21/02/2018 10:10:01,119994216,116294,0,3721408,0,32,32,32.0,0.0,0,0,0.0,0.0,31013.22817,969.1633803,1031.826645,20038.6205,644494,0,120000000,1031.826645,20038.6205,644494,0,0,0.0,0.0,0,0,0,0,0,0,930352,0,969.1633803,0.0,32,32,32.0,0.0,0.0,0,0,0,0,0,0,0,0,0,32.00027516,32.0,0.0,0,0,0,0,0,0,116294,3721408,0,0,-1,-1,116293,8,0.0,0.0,0,0,0.0,0.0,0,0,DDOS attack-LOIC-UDP
80,17,21/02/2018 10:09:43,110994477,13,0,416,0,32,32,32.0,0.0,0,0,0.0,0.0,3.747934233,0.117122945,9249539.75,5774446.723,25000000,4012019,111000000,9249539.75,5774446.723,25000000,4012019,0,0.0,0.0,0,0,0,0,0,0,104,0,0.117122945,0.0,32,32,32.0,0.0,0.0,0,0,0,0,0,0,0,0,0,34.46153846,32.0,0.0,0,0,0,0,0,0,13,416,0,0,-1,-1,12,8,4496085.5,684573.4094,4980152,4012019,10200000.0,5888681.783,25000000,5014102,Benign
80,17,21/02/2018 10:10:02,119809268,121429,0,3885728,0,32,32,32.0,0.0,0,0,0.0,0.0,32432.61615,1013.519255,986.6692031,19811.3323,637870,0,120000000,986.6692031,19811.3323,637870,0,0,0.0,0.0,0,0,0,0,0,0,971432,0,1013.519255,0.0,32,32,32.0,0.0,0.0,0,0,0,0,0,0,0,0,0,32.00026353,32.0,0.0,0,0,0,0,0,0,121429,3885728,0,0,-1,-1,121428,8,0.0,0.0,0,0,0.0,0.0,0,0,DDOS attack-LOIC-UDP
80,17,21/02/2018 10:10:01,115031623,21,0,672,0,32,32,32.0,0.0,0,0,0.0,0.0,5.841871848,0.182558495,5751581.15,5345486.794,16000000,2,115000000,5751581.15,5345486.794,16000000,2,0,0.0,0.0,0,0,0,0,0,0,168,0,0.182558495,0.0,32,32,32.0,0.0,0.0,0,0,0,0,0,0,0,0,0,33.52380952,32.0,0.0,0,0,0,0,0,0,21,672,0,0,-1,-1,20,8,3223888.75,1691986.971,4947979,983631,10200000.0,3579712.111,16000000,5996711,Benign
80,17,21/02/2018 10:10:03,119703022,109269,0,3496608,0,32,32,32.0,0.0,0,0,0.0,0.0,29210.69111,912.834097,1095.499341,20916.16971,667728,0,120000000,1095.499341,20916.16971,667728,0,0,0.0,0.0,0,0,0,0,0,0,874152,0,912.834097,0.0,32,32,32.0,0.0,0.0,0,0,0,0,0,0,0,0,0,32.00029286,32.0,0.0,0,0,0,0,0,0,109269,3496608,0,0,-1,-1,109268,8,0.0,0.0,0,0,0.0,0.0,0,0,DDOS attack-LOIC-UDP
80,17,21/02/2018 10:10:04,119573487,114341,0,3658912,0,32,32,32.0,0.0,0,0,0.0,0.0,30599.69306,956.240408,1045.77127,20460.00583,644499,0,120000000,1045.77127,20460.00583,644499,0,0,0.0,0.0,0,0,0,0,0,0,914728,0,956.240408,0.0,32,32,32.0,0.0,0.0,0,0,0,0,0,0,0,0,0,32.00027986,32.0,0.0,0,0,0,0,0,0,114341,3658912,0,0,-1,-1,114340,8,0.0,0.0,0,0,0.0,0.0,0,0,DDOS attack-LOIC-UDP
20388,6,21/02/2018 10:05:19,1402706,21,20,3712,512,2224,0,176.7619048,469.9882876,64,0,25.6,32.16798016,3011.322401,29.22921838,35067.65,73609.07852,426489,2,1359641,67982.05,121284.6016,513885,24,1316392,69283.78947,94929.51084,426489,2,1,0,0,0,420,400,14.97106307,14.25815531,0,2224,102.0952381,337.6027258,113975.6005,0,1,0,0,1,0,0,0,0,104.5853659,176.7619048,25.6,0,0,0,0,0,0,21,3712,20,512,256,256,19,20,0.0,0.0,0,0,0.0,0.0,0,0,Benign
80,17,21/02/2018 10:10:05,119673036,107261,0,3432352,0,32,32,32.0,0.0,0,0,0.0,0.0,28681.08067,896.2837711,1115.728473,21187.88646,659383,0,120000000,1115.728473,21187.88646,659383,0,0,0.0,0.0,0,0,0,0,0,0,858088,0,896.2837711,0.0,32,32,32.0,0.0,0.0,0,0,0,0,0,0,0,0,0,32.00029834,32.0,0.0,0,0,0,0,0,0,107261,3432352,0,0,-1,-1,107260,8,0.0,0.0,0,0,0.0,0.0,0,0,DDOS attack-LOIC-UDP
80,17,21/02/2018 10:10:06,119916718,115981,0,3711392,0,32,32,32.0,0.0,0,0,0.0,0.0,30949.74631,967.1795721,1033.943076,20394.83735,654850,0,120000000,1033.943076,20394.83735,654850,0,0,0.0,0.0,0,0,0,0,0,0,927848,0,967.1795721,0.0,32,32,32.0,0.0,0.0,0,0,0,0,0,0,0,0,0,32.00027591,32.0,0.0,0,0,0,0,0,0,115981,3711392,0,0,-1,-1,115980,8,0.0,0.0,0,0,0.0,0.0,0,0,DDOS attack-LOIC-UDP
80,17,21/02/2018 10:10:07,119991940,114875,0,3676000,0,32,32,32.0,0.0,0,0,0.0,0.0,30635.39101,957.3559691,1044.55264,20497.92071,666841,0,120000000,1044.55264,20497.92071,666841,0,0,0.0,0.0,0,0,0,0,0,0,919000,0,957.3559691,0.0,32,32,32.0,0.0,0.0,0,0,0,0,0,0,0,0,0,32.00027856,32.0,0.0,0,0,0,0,0,0,114875,3676000,0,0,-1,-1,114874,8,0.0,0.0,0,0,0.0,0.0,0,0,DDOS attack-LOIC-UDP
80,17,21/02/2018 10:10:08,119881086,109847,0,3515104,0,32,32,32.0,0.0,0,0,0.0,0.0,29321.58956,916.2996738,1091.355953,20998.41314,658717,0,120000000,1091.355953,20998.41314,658717,0,0,0.0,0.0,0,0,0,0,0,0,878776,0,916.2996738,0.0,32,32,32.0,0.0,0.0,0,0,0,0,0,0,0,0,0,32.00029131,32.0,0.0,0,0,0,0,0,0,109847,3515104,0,0,-1,-1,109846,8,0.0,0.0,0,0,0.0,0.0,0,0,DDOS attack-LOIC-UDP
0,0,21/02/2018 10:09:20,112680899,3,0,0,0,0,0,0.0,0.0,0,0,0.0,0.0,0.0,0.026623856,56300000.0,21233.70953,56400000,56300000,113000000,56300000.0,21233.70953,56400000,56300000,0,0.0,0.0,0,0,0,0,0,0,0,0,0.026623856,0.0,0,0,0.0,0.0,0.0,0,0,0,0,0,0,0,0,0,0.0,0.0,0.0,0,0,0,0,0,0,3,0,0,0,-1,-1,0,0,0.0,0.0,0,0,56300000.0,21233.70953,56400000,56300000,Benign
80,17,21/02/2018 10:10:09,119720085,126204,0,4038528,0,32,32,32.0,0.0,0,0,0.0,0.0,33733.08664,1054.158958,948.6310547,19604.79883,898920,0,120000000,948.6310547,19604.79883,898920,0,0,0.0,0.0,0,0,0,0,0,0,1009632,0,1054.158958,0.0,32,32,32.0,0.0,0.0,0,0,0,0,0,0,0,0,0,32.00025356,32.0,0.0,0,0,0,0,0,0,126204,4038528,0,0,-1,-1,126203,8,0.0,0.0,0,0,0.0,0.0,0,0,DDOS attack-LOIC-UDP
80,17,21/02/2018 10:10:03,111011694,16,0,512,0,32,32,32.0,0.0,0,0,0.0,0.0,4.612126719,0.14412896,7400779.6,6934197.773,29000000,1011456,111000000,7400779.6,6934197.773,29000000,1011456,0,0.0,0.0,0,0,0,0,0,0,128,0,0.14412896,0.0,32,32,32.0,0.0,0.0,0,0,0,0,0,0,0,0,0,34.0,32.0,0.0,0,0,0,0,0,0,16,512,0,0,-1,-1,15,8,7991196.0,6619559.7,17000000,1011456,13200000.0,8072083.885,29000000,7011700,Benign
80,17,21/02/2018 10:10:10,119855701,107237,0,3431584,0,32,32,32.0,0.0,0,0,0.0,0.0,28630.96183,894.7175571,1117.681571,21476.58638,936177,0,120000000,1117.681571,21476.58638,936177,0,0,0.0,0.0,0,0,0,0,0,0,857896,0,894.7175571,0.0,32,32,32.0,0.0,0.0,0,0,0,0,0,0,0,0,0,32.0002984,32.0,0.0,0,0,0,0,0,0,107237,3431584,0,0,-1,-1,107236,8,0.0,0.0,0,0,0.0,0.0,0,0,DDOS attack-LOIC-UDP
80,17,21/02/2018 10:09:46,119988360,12,0,384,0,32,32,32.0,0.0,0,0,0.0,0.0,3.20031043,0.100009701,10900000.0,8114206.077,28000000,1016246,120000000,10900000.0,8114206.077,28000000,1016246,0,0.0,0.0,0,0,0,0,0,0,96,0,0.100009701,0.0,32,32,32.0,0.0,0.0,0,0,0,0,0,0,0,0,0,34.66666667,32.0,0.0,0,0,0,0,0,0,12,384,0,0,-1,-1,11,8,3040636.0,0.0,3040636,3040636,13000000.0,7436971.174,28000000,6996156,Benign
80,17,21/02/2018 10:10:07,115008052,14,0,448,0,32,32,32.0,0.0,0,0,0.0,0.0,3.89537943,0.121730607,8846773.231,10100000.0,30000000,1021323,115000000,8846773.231,10100000.0,30000000,1021323,0,0.0,0.0,0,0,0,0,0,0,112,0,0.121730607,0.0,32,32,32.0,0.0,0.0,0,0,0,0,0,0,0,0,0,34.28571429,32.0,0.0,0,0,0,0,0,0,14,448,0,0,-1,-1,13,8,4665029.667,3060760.274,8010381,2005074,16500000.0,10500000.0,30000000,5023339,Benign
80,17,21/02/2018 10:10:09,117995423,12,0,384,0,32,32,32.0,0.0,0,0,0.0,0.0,3.254363519,0.10169886,10700000.0,8062082.033,26000000,3000303,118000000,10700000.0,8062082.033,26000000,3000303,0,0.0,0.0,0,0,0,0,0,0,96,0,0.10169886,0.0,32,32,32.0,0.0,0.0,0,0,0,0,0,0,0,0,0,34.66666667,32.0,0.0,0,0,0,0,0,0,12,384,0,0,-1,-1,11,8,4999679.25,2712248.488,9006680,3000303,16300000.0,6828549.893,26000000,6004132,Benign
80,17,21/02/2018 10:10:07,107007503,15,0,480,0,32,32,32.0,0.0,0,0,0.0,0.0,4.485666767,0.140177086,7643393.071,5610326.89,20000000,1999723,107000000,7643393.071,5610326.89,20000000,1999723,0,0.0,0.0,0,0,0,0,0,0,120,0,0.140177086,0.0,32,32,32.0,0.0,0.0,0,0,0,0,0,0,0,0,0,34.13333333,32.0,0.0,0,0,0,0,0,0,15,480,0,0,-1,-1,14,8,7339565.667,4947728.521,13000000,3995870,12100000.0,4343506.405,20000000,7003317,Benign
80,17,21/02/2018 10:10:14,103006727,11,0,352,0,32,32,32.0,0.0,0,0,0.0,0.0,3.417252545,0.106789142,10300000.0,9103229.74,27000000,996556,103000000,10300000.0,9103229.74,27000000,996556,0,0.0,0.0,0,0,0,0,0,0,88,0,0.106789142,0.0,32,32,32.0,0.0,0.0,0,0,0,0,0,0,0,0,0,34.90909091,32.0,0.0,0,0,0,0,0,0,11,352,0,0,-1,-1,10,8,4001732.5,4249961.364,7006909,996556,15800000.0,7494243.519,27000000,9003756,Benign
80,17,21/02/2018 10:10:18,117994313,11,0,352,0,32,32,32.0,0.0,0,0,0.0,0.0,2.983194622,0.093224832,11800000.0,7749191.874,26000000,1007951,118000000,11800000.0,7749191.874,26000000,1007951,0,0.0,0.0,0,0,0,0,0,0,88,0,0.093224832,0.0,32,32,32.0,0.0,0.0,0,0,0,0,0,0,0,0,0,34.90909091,32.0,0.0,0,0,0,0,0,0,11,352,0,0,-1,-1,10,8,5968164.0,0.0,5968164,5968164,14000000.0,6952529.105,26000000,5004107,Benign
80,17,21/02/2018 10:10:26,118003788,15,0,480,0,32,32,32.0,0.0,0,0,0.0,0.0,4.067666031,0.127114563,8428842.0,4587943.975,16000000,3980017,118000000,8428842.0,4587943.975,16000000,3980017,0,0.0,0.0,0,0,0,0,0,0,120,0,0.127114563,0.0,32,32,32.0,0.0,0.0,0,0,0,0,0,0,0,0,0,34.13333333,32.0,0.0,0,0,0,0,0,0,15,480,0,0,-1,-1,14,8,6986809.0,4367390.542,12000000,3980017,10800000.0,4081110.942,16000000,5000040,Benign
80,17,21/02/2018 10:10:22,103999886,10,0,320,0,32,32,32.0,0.0,0,0,0.0,0.0,3.07692645,0.096153952,11600000.0,11200000.0,36000000,3985127,104000000,11600000.0,11200000.0,36000000,3985127,0,0.0,0.0,0,0,0,0,0,0,80,0,0.096153952,0.0,32,32,32.0,0.0,0.0,0,0,0,0,0,0,0,0,0,35.2,32.0,0.0,0,0,0,0,0,0,10,320,0,0,-1,-1,9,8,7996724.0,0.0,7996724,7996724,13700000.0,12000000.0,36000000,5004284,Benign
80,17,21/02/2018 10:10:05,119985565,13,0,416,0,32,32,32.0,0.0,0,0,0.0,0.0,3.467083728,0.108346366,9998797.083,8448830.43,28000000,984067,120000000,9998797.083,8448830.43,28000000,984067,0,0.0,0.0,0,0,0,0,0,0,104,0,0.108346366,0.0,32,32,32.0,0.0,0.0,0,0,0,0,0,0,0,0,0,34.46153846,32.0,0.0,0,0,0,0,0,0,13,416,0,0,-1,-1,12,8,1660126.667,584143.1838,2000184,985624,14300000.0,7070063.595,28000000,6003974,Benign
80,17,21/02/2018 10:10:51,119747582,141350,0,4523200,0,32,32,32.0,0.0,0,0,0.0,0.0,37772.78776,1180.399618,847.1767186,17480.09824,635722,0,120000000,847.1767186,17480.09824,635722,0,0,0.0,0.0,0,0,0,0,0,0,1130800,0,1180.399618,0.0,32,32,32.0,0.0,0.0,0,0,0,0,0,0,0,0,0,32.00022639,32.0,0.0,0,0,0,0,0,0,141350,4523200,0,0,-1,-1,141349,8,0.0,0.0,0,0,0.0,0.0,0,0,DDOS attack-LOIC-UDP
80,17,21/02/2018 10:10:52,119757469,123516,0,3952512,0,32,32,32.0,0.0,0,0,0.0,0.0,33004.30473,1031.384523,969.5783427,18691.79752,648349,0,120000000,969.5783427,18691.79752,648349,0,0,0.0,0.0,0,0,0,0,0,0,988128,0,1031.384523,0.0,32,32,32.0,0.0,0.0,0,0,0,0,0,0,0,0,0,32.00025908,32.0,0.0,0,0,0,0,0,0,123516,3952512,0,0,-1,-1,123515,8,0.0,0.0,0,0,0.0,0.0,0,0,DDOS attack-LOIC-UDP
80,17,21/02/2018 10:10:53,119725503,138180,0,4421760,0,32,32,32.0,0.0,0,0,0.0,0.0,36932.48213,1154.140067,866.4522322,17720.22082,618352,0,120000000,866.4522322,17720.22082,618352,0,0,0.0,0.0,0,0,0,0,0,0,1105440,0,1154.140067,0.0,32,32,32.0,0.0,0.0,0,0,0,0,0,0,0,0,0,32.00023158,32.0,0.0,0,0,0,0,0,0,138180,4421760,0,0,-1,-1,138179,8,0.0,0.0,0,0,0.0,0.0,0,0,DDOS attack-LOIC-UDP
80,17,21/02/2018 10:10:54,119692223,131959,0,4222688,0,32,32,32.0,0.0,0,0,0.0,0.0,35279.55196,1102.485999,907.0478713,18553.86309,655414,0,120000000,907.0478713,18553.86309,655414,0,0,0.0,0.0,0,0,0,0,0,0,1055672,0,1102.485999,0.0,32,32,32.0,0.0,0.0,0,0,0,0,0,0,0,0,0,32.0002425,32.0,0.0,0,0,0,0,0,0,131959,4222688,0,0,-1,-1,131958,8,0.0,0.0,0,0,0.0,0.0,0,0,DDOS attack-LOIC-UDP
80,17,21/02/2018 10:10:54,119734988,121787,0,3897184,0,32,32,32.0,0.0,0,0,0.0,0.0,32548.41434,1017.137948,983.1588853,18849.10114,643695,0,120000000,983.1588853,18849.10114,643695,0,0,0.0,0.0,0,0,0,0,0,0,974296,0,1017.137948,0.0,32,32,32.0,0.0,0.0,0,0,0,0,0,0,0,0,0,32.00026275,32.0,0.0,0,0,0,0,0,0,121787,3897184,0,0,-1,-1,121786,8,0.0,0.0,0,0,0.0,0.0,0,0,DDOS attack-LOIC-UDP
80,17,21/02/2018 10:10:29,117000027,18,0,576,0,32,32,32.0,0.0,0,0,0.0,0.0,4.923075787,0.153846118,6882354.529,3841263.633,16000000,1953577,117000000,6882354.529,3841263.633,16000000,1953577,0,0.0,0.0,0,0,0,0,0,0,144,0,0.153846118,0.0,32,32,32.0,0.0,0.0,0,0,0,0,0,0,0,0,0,33.77777778,32.0,0.0,0,0,0,0,0,0,18,576,0,0,-1,-1,17,8,6190591.4,2396162.946,10000000,3992556,9560785.556,3353592.428,16000000,5024092,Benign
80,17,21/02/2018 10:10:55,119707269,118308,0,3785856,0,32,32,32.0,0.0,0,0,0.0,0.0,31625.94913,988.3109103,1011.835893,19529.70039,650360,0,120000000,1011.835893,19529.70039,650360,0,0,0.0,0.0,0,0,0,0,0,0,946464,0,988.3109103,0.0,32,32,32.0,0.0,0.0,0,0,0,0,0,0,0,0,0,32.00027048,32.0,0.0,0,0,0,0,0,0,118308,3785856,0,0,-1,-1,118307,8,0.0,0.0,0,0,0.0,0.0,0,0,DDOS attack-LOIC-UDP
80,17,21/02/2018 10:10:55,119762792,141772,0,4536704,0,32,32,32.0,0.0,0,0,0.0,0.0,37880.7468,1183.773338,844.7622716,17477.44493,589857,0,120000000,844.7622716,17477.44493,589857,0,0,0.0,0.0,0,0,0,0,0,0,1134176,0,1183.773338,0.0,32,32,32.0,0.0,0.0,0,0,0,0,0,0,0,0,0,32.00022571,32.0,0.0,0,0,0,0,0,0,141772,4536704,0,0,-1,-1,141771,8,0.0,0.0,0,0,0.0,0.0,0,0,DDOS attack-LOIC-UDP
80,17,21/02/2018 10:10:56,119710288,132033,0,4225056,0,32,32,32.0,0.0,0,0,0.0,0.0,35294.00915,1102.937786,906.6763209,18489.22156,637527,0,120000000,906.6763209,18489.22156,637527,0,0,0.0,0.0,0,0,0,0,0,0,1056264,0,1102.937786,0.0,32,32,32.0,0.0,0.0,0,0,0,0,0,0,0,0,0,32.00024236,32.0,0.0,0,0,0,0,0,0,132033,4225056,0,0,-1,-1,132032,8,0.0,0.0,0,0,0.0,0.0,0,0,DDOS attack-LOIC-UDP
80,17,21/02/2018 10:10:56,119759230,123045,0,3937440,0,32,32,32.0,0.0,0,0,0.0,0.0,32877.9669,1027.436466,973.3041026,18801.10061,605959,0,120000000,973.3041026,18801.10061,605959,0,0,0.0,0.0,0,0,0,0,0,0,984360,0,1027.436466,0.0,32,32,32.0,0.0,0.0,0,0,0,0,0,0,0,0,0,32.00026007,32.0,0.0,0,0,0,0,0,0,123045,3937440,0,0,-1,-1,123044,8,0.0,0.0,0,0,0.0,0.0,0,0,DDOS attack-LOIC-UDP
80,17,21/02/2018 10:10:57,119711266,140306,0,4489792,0,32,32,32.0,0.0,0,0,0.0,0.0,37505.17516,1172.036724,853.2216671,17514.61241,620920,0,120000000,853.2216671,17514.61241,620920,0,0,0.0,0.0,0,0,0,0,0,0,1122448,0,1172.036724,0.0,32,32,32.0,0.0,0.0,0,0,0,0,0,0,0,0,0,32.00022807,32.0,0.0,0,0,0,0,0,0,140306,4489792,0,0,-1,-1,140305,8,0.0,0.0,0,0,0.0,0.0,0,0,DDOS attack-LOIC-UDP
80,17,21/02/2018 10:10:57,119695995,118925,0,3805600,0,32,32,32.0,0.0,0,0,0.0,0.0,31793.87915,993.5587235,1006.491499,19471.53919,590168,0,120000000,1006.491499,19471.53919,590168,0,0,0.0,0.0,0,0,0,0,0,0,951400,0,993.5587235,0.0,32,32,32.0,0.0,0.0,0,0,0,0,0,0,0,0,0,32.00026908,32.0,0.0,0,0,0,0,0,0,118925,3805600,0,0,-1,-1,118924,8,0.0,0.0,0,0,0.0,0.0,0,0,DDOS attack-LOIC-UDP
80,17,21/02/2018 10:10:58,119684353,124519,0,3984608,0,32,32,32.0,0.0,0,0,0.0,0.0,33292.63935,1040.39498,961.1811385,18685.11113,604223,0,120000000,961.1811385,18685.11113,604223,0,0,0.0,0.0,0,0,0,0,0,0,996152,0,1040.39498,0.0,32,32,32.0,0.0,0.0,0,0,0,0,0,0,0,0,0,32.00025699,32.0,0.0,0,0,0,0,0,0,124519,3984608,0,0,-1,-1,124518,8,0.0,0.0,0,0,0.0,0.0,0,0,DDOS attack-LOIC-UDP
80,17,21/02/2018 10:10:58,119914771,134897,0,4316704,0,32,32,32.0,0.0,0,0,0.0,0.0,35998.10068,1124.940646,888.9423778,18266.90554,602128,0,120000000,888.9423778,18266.90554,602128,0,0,0.0,0.0,0,0,0,0,0,0,1079176,0,1124.940646,0.0,32,32,32.0,0.0,0.0,0,0,0,0,0,0,0,0,0,32.00023722,32.0,0.0,0,0,0,0,0,0,134897,4316704,0,0,-1,-1,134896,8,0.0,0.0,0,0,0.0,0.0,0,0,DDOS attack-LOIC-UDP
80,17,21/02/2018 10:10:59,119707334,116446,0,3726272,0,32,32,32.0,0.0,0,0,0.0,0.0,31128.18468,972.7557712,1028.016093,19581.67993,623193,0,120000000,1028.016093,19581.67993,623193,0,0,0.0,0.0,0,0,0,0,0,0,931568,0,972.7557712,0.0,32,32,32.0,0.0,0.0,0,0,0,0,0,0,0,0,0,32.00027481,32.0,0.0,0,0,0,0,0,0,116446,3726272,0,0,-1,-1,116445,8,0.0,0.0,0,0,0.0,0.0,0,0,DDOS attack-LOIC-UDP
80,17,21/02/2018 10:10:59,119999964,144614,0,4627648,0,32,32,32.0,0.0,0,0,0.0,0.0,38563.7449,1205.117028,829.800668,17410.39994,1179887,0,120000000,829.800668,17410.39994,1179887,0,0,0.0,0.0,0,0,0,0,0,0,1156912,0,1205.117028,0.0,32,32,32.0,0.0,0.0,0,0,0,0,0,0,0,0,0,32.00022128,32.0,0.0,0,0,0,0,0,0,144614,4627648,0,0,-1,-1,144613,8,0.0,0.0,0,0,0.0,0.0,0,0,DDOS attack-LOIC-UDP
80,17,21/02/2018 10:11:00,119648796,136799,0,4377568,0,32,32,32.0,0.0,0,0,0.0,0.0,36586.81196,1143.337874,874.6384889,17505.7313,652368,0,120000000,874.6384889,17505.7313,652368,0,0,0.0,0.0,0,0,0,0,0,0,1094392,0,1143.337874,0.0,32,32,32.0,0.0,0.0,0,0,0,0,0,0,0,0,0,32.00023392,32.0,0.0,0,0,0,0,0,0,136799,4377568,0,0,-1,-1,136798,8,0.0,0.0,0,0,0.0,0.0,0,0,DDOS attack-LOIC-UDP
80,17,21/02/2018 10:11:00,119546244,130586,0,4178752,0,32,32,32.0,0.0,0,0,0.0,0.0,34955.10909,1092.347159,915.4668913,18444.60355,618606,0,120000000,915.4668913,18444.60355,618606,0,0,0.0,0.0,0,0,0,0,0,0,1044688,0,1092.347159,0.0,32,32,32.0,0.0,0.0,0,0,0,0,0,0,0,0,0,32.00024505,32.0,0.0,0,0,0,0,0,0,130586,4178752,0,0,-1,-1,130585,8,0.0,0.0,0,0,0.0,0.0,0,0,DDOS attack-LOIC-UDP
80,17,21/02/2018 10:11:00,119997179,124265,0,3976480,0,32,32,32.0,0.0,0,0,0.0,0.0,33138.11236,1035.566011,965.6632573,18770.86031,747017,0,120000000,965.6632573,18770.86031,747017,0,0,0.0,0.0,0,0,0,0,0,0,994120,0,1035.566011,0.0,32,32,32.0,0.0,0.0,0,0,0,0,0,0,0,0,0,32.00025751,32.0,0.0,0,0,0,0,0,0,124265,3976480,0,0,-1,-1,124264,8,0.0,0.0,0,0,0.0,0.0,0,0,DDOS attack-LOIC-UDP
80,17,21/02/2018 10:11:01,119800799,123797,0,3961504,0,32,32,32.0,0.0,0,0,0.0,0.0,33067.42554,1033.357048,967.7275437,18336.80378,576837,0,120000000,967.7275437,18336.80378,576837,0,0,0.0,0.0,0,0,0,0,0,0,990376,0,1033.357048,0.0,32,32,32.0,0.0,0.0,0,0,0,0,0,0,0,0,0,32.00025849,32.0,0.0,0,0,0,0,0,0,123797,3961504,0,0,-1,-1,123796,8,0.0,0.0,0,0,0.0,0.0,0,0,DDOS attack-LOIC-UDP
80,17,21/02/2018 10:11:01,119540559,114677,0,3669664,0,32,32,32.0,0.0,0,0,0.0,0.0,30698.06625,959.3145704,1042.420027,19763.1175,613022,0,120000000,1042.420027,19763.1175,613022,0,0,0.0,0.0,0,0,0,0,0,0,917416,0,959.3145704,0.0,32,32,32.0,0.0,0.0,0,0,0,0,0,0,0,0,0,32.00027904,32.0,0.0,0,0,0,0,0,0,114677,3669664,0,0,-1,-1,114676,8,0.0,0.0,0,0,0.0,0.0,0,0,DDOS attack-LOIC-UDP
80,17,21/02/2018 10:11:02,119689748,146556,0,4689792,0,32,32,32.0,0.0,0,0,0.0,0.0,39182.90479,1224.465775,816.6882604,16816.24683,702098,0,120000000,816.6882604,16816.24683,702098,0,0,0.0,0.0,0,0,0,0,0,0,1172448,0,1224.465775,0.0,32,32,32.0,0.0,0.0,0,0,0,0,0,0,0,0,0,32.00021835,32.0,0.0,0,0,0,0,0,0,146556,4689792,0,0,-1,-1,146555,8,0.0,0.0,0,0,0.0,0.0,0,0,DDOS attack-LOIC-UDP
80,17,21/02/2018 10:11:02,119564206,131639,0,4212448,0,32,32,32.0,0.0,0,0,0.0,0.0,35231.68129,1100.99004,908.2803294,18404.8756,631263,0,120000000,908.2803294,18404.8756,631263,0,0,0.0,0.0,0,0,0,0,0,0,1053112,0,1100.99004,0.0,32,32,32.0,0.0,0.0,0,0,0,0,0,0,0,0,0,32.00024309,32.0,0.0,0,0,0,0,0,0,131639,4212448,0,0,-1,-1,131638,8,0.0,0.0,0,0,0.0,0.0,0,0,DDOS attack-LOIC-UDP
80,17,21/02/2018 10:11:03,119884144,125227,0,4007264,0,32,32,32.0,0.0,0,0,0.0,0.0,33426.13849,1044.566828,957.3422772,18237.32903,593249,0,120000000,957.3422772,18237.32903,593249,0,0,0.0,0.0,0,0,0,0,0,0,1001816,0,1044.566828,0.0,32,32,32.0,0.0,0.0,0,0,0,0,0,0,0,0,0,32.00025554,32.0,0.0,0,0,0,0,0,0,125227,4007264,0,0,-1,-1,125226,8,0.0,0.0,0,0,0.0,0.0,0,0,DDOS attack-LOIC-UDP
80,17,21/02/2018 10:11:03,119532040,115629,0,3700128,0,32,32,32.0,0.0,0,0,0.0,0.0,30955.11463,967.3473321,1033.763794,19611.23511,635242,0,120000000,1033.763794,19611.23511,635242,0,0,0.0,0.0,0,0,0,0,0,0,925032,0,967.3473321,0.0,32,32,32.0,0.0,0.0,0,0,0,0,0,0,0,0,0,32.00027675,32.0,0.0,0,0,0,0,0,0,115629,3700128,0,0,-1,-1,115628,8,0.0,0.0,0,0,0.0,0.0,0,0,DDOS attack-LOIC-UDP
80,17,21/02/2018 10:10:54,106988012,10,0,320,0,32,32,32.0,0.0,0,0,0.0,0.0,2.990989308,0.093468416,11900000.0,7526133.31,28000000,4000557,107000000,11900000.0,7526133.31,28000000,4000557,0,0.0,0.0,0,0,0,0,0,0,80,0,0.093468416,0.0,32,32,32.0,0.0,0.0,0,0,0,0,0,0,0,0,0,35.2,32.0,0.0,0,0,0,0,0,0,10,320,0,0,-1,-1,9,8,4500227.0,706640.0907,4999897,4000557,14000000.0,7214712.6,28000000,6989969,Benign
80,17,21/02/2018 10:11:04,119988413,146008,0,4672256,0,32,32,32.0,0.0,0,0,0.0,0.0,38939.22657,1216.85083,821.7990439,16999.2854,750965,0,120000000,821.7990439,16999.2854,750965,0,0,0.0,0.0,0,0,0,0,0,0,1168064,0,1216.85083,0.0,32,32,32.0,0.0,0.0,0,0,0,0,0,0,0,0,0,32.00021917,32.0,0.0,0,0,0,0,0,0,146008,4672256,0,0,-1,-1,146007,8,0.0,0.0,0,0,0.0,0.0,0,0,DDOS attack-LOIC-UDP
80,17,21/02/2018 10:11:00,116955862,14,0,448,0,32,32,32.0,0.0,0,0,0.0,0.0,3.830504879,0.119703277,8996604.769,6048099.458,18000000,1999969,117000000,8996604.769,6048099.458,18000000,1999969,0,0.0,0.0,0,0,0,0,0,0,112,0,0.119703277,0.0,32,32,32.0,0.0,0.0,0,0,0,0,0,0,0,0,0,34.28571429,32.0,0.0,0,0,0,0,0,0,14,448,0,0,-1,-1,13,8,4340079.333,2084937.242,6000134,2000043,13000000.0,3886077.729,18000000,7987873,Benign
80,17,21/02/2018 10:11:05,119923997,126463,0,4046816,0,32,32,32.0,0.0,0,0,0.0,0.0,33744.83924,1054.526226,948.3006516,18219.04251,595261,0,120000000,948.3006516,18219.04251,595261,0,0,0.0,0.0,0,0,0,0,0,0,1011704,0,1054.526226,0.0,32,32,32.0,0.0,0.0,0,0,0,0,0,0,0,0,0,32.00025304,32.0,0.0,0,0,0,0,0,0,126463,4046816,0,0,-1,-1,126462,8,0.0,0.0,0,0,0.0,0.0,0,0,DDOS attack-LOIC-UDP
80,17,21/02/2018 10:11:05,119452440,103389,0,3308448,0,32,32,32.0,0.0,0,0,0.0,0.0,27696.78041,865.5243878,1155.380121,22256.05291,833148,0,119000000,1155.380121,22256.05291,833148,0,0,0.0,0.0,0,0,0,0,0,0,827112,0,865.5243878,0.0,32,32,32.0,0.0,0.0,0,0,0,0,0,0,0,0,0,32.00030951,32.0,0.0,0,0,0,0,0,0,103389,3308448,0,0,-1,-1,103388,8,0.0,0.0,0,0,0.0,0.0,0,0,DDOS attack-LOIC-UDP
80,17,21/02/2018 10:11:06,119766987,117738,0,3767616,0,32,32,32.0,0.0,0,0,0.0,0.0,31457.88413,983.0588792,1017.241708,20953.1814,846586,1,120000000,1017.241708,20953.1814,846586,1,0,0.0,0.0,0,0,0,0,0,0,941904,0,983.0588792,0.0,32,32,32.0,0.0,0.0,0,0,0,0,0,0,0,0,0,32.00027179,32.0,0.0,0,0,0,0,0,0,117738,3767616,0,0,-1,-1,117737,8,0.0,0.0,0,0,0.0,0.0,0,0,DDOS attack-LOIC-UDP
80,17,21/02/2018 10:11:06,119999065,143395,0,4588640,0,32,32,32.0,0.0,0,0,0.0,0.0,38238.96461,1194.967644,836.848578,17054.43055,592161,0,120000000,836.848578,17054.43055,592161,0,0,0.0,0.0,0,0,0,0,0,0,1147160,0,1194.967644,0.0,32,32,32.0,0.0,0.0,0,0,0,0,0,0,0,0,0,32.00022316,32.0,0.0,0,0,0,0,0,0,143395,4588640,0,0,-1,-1,143394,8,0.0,0.0,0,0,0.0,0.0,0,0,DDOS attack-LOIC-UDP
80,17,21/02/2018 10:11:02,115987208,15,0,480,0,32,32,32.0,0.0,0,0,0.0,0.0,4.138387399,0.129324606,8284800.571,9307451.231,28000000,979956,116000000,8284800.571,9307451.231,28000000,979956,0,0.0,0.0,0,0,0,0,0,0,120,0,0.129324606,0.0,32,32,32.0,0.0,0.0,0,0,0,0,0,0,0,0,0,34.13333333,32.0,0.0,0,0,0,0,0,0,15,480,0,0,-1,-1,14,8,4499945.5,4357332.491,11000000,1999690,18400000.0,8929653.987,28000000,7012129,Benign
80,17,21/02/2018 10:11:07,119614326,128321,0,4106272,0,32,32,32.0,0.0,0,0,0.0,0.0,34329.26588,1072.789559,932.1565305,18017.34513,596958,0,120000000,932.1565305,18017.34513,596958,0,0,0.0,0.0,0,0,0,0,0,0,1026568,0,1072.789559,0.0,32,32,32.0,0.0,0.0,0,0,0,0,0,0,0,0,0,32.00024937,32.0,0.0,0,0,0,0,0,0,128321,4106272,0,0,-1,-1,128320,8,0.0,0.0,0,0,0.0,0.0,0,0,DDOS attack-LOIC-UDP
80,17,21/02/2018 10:11:07,119843973,103711,0,3318752,0,32,32,32.0,0.0,0,0,0.0,0.0,27692.27285,865.3835266,1155.568152,22342.42521,840955,1,120000000,1155.568152,22342.42521,840955,1,0,0.0,0.0,0,0,0,0,0,0,829688,0,865.3835266,0.0,32,32,32.0,0.0,0.0,0,0,0,0,0,0,0,0,0,32.00030855,32.0,0.0,0,0,0,0,0,0,103711,3318752,0,0,-1,-1,103710,8,0.0,0.0,0,0,0.0,0.0,0,0,DDOS attack-LOIC-UDP
80,17,21/02/2018 10:11:08,119632254,115511,0,3696352,0,32,32,32.0,0.0,0,0,0.0,0.0,30897.62064,965.5506449,1035.687421,21145.15254,843128,1,120000000,1035.687421,21145.15254,843128,1,0,0.0,0.0,0,0,0,0,0,0,924088,0,965.5506449,0.0,32,32,32.0,0.0,0.0,0,0,0,0,0,0,0,0,0,32.00027703,32.0,0.0,0,0,0,0,0,0,115511,3696352,0,0,-1,-1,115510,8,0.0,0.0,0,0,0.0,0.0,0,0,DDOS attack-LOIC-UDP
80,17,21/02/2018 10:11:08,119872384,138856,0,4443392,0,32,32,32.0,0.0,0,0,0.0,0.0,37067.68692,1158.365216,863.291808,17457.96162,739879,0,120000000,863.291808,17457.96162,739879,0,0,0.0,0.0,0,0,0,0,0,0,1110848,0,1158.365216,0.0,32,32,32.0,0.0,0.0,0,0,0,0,0,0,0,0,0,32.00023045,32.0,0.0,0,0,0,0,0,0,138856,4443392,0,0,-1,-1,138855,8,0.0,0.0,0,0,0.0,0.0,0,0,DDOS attack-LOIC-UDP
80,17,21/02/2018 10:11:09,119894656,128660,0,4117120,0,32,32,32.0,0.0,0,0,0.0,0.0,34339.47882,1073.108713,931.8792778,18021.85399,593931,0,120000000,931.8792778,18021.85399,593931,0,0,0.0,0.0,0,0,0,0,0,0,1029280,0,1073.108713,0.0,32,32,32.0,0.0,0.0,0,0,0,0,0,0,0,0,0,32.00024872,32.0,0.0,0,0,0,0,0,0,128660,4117120,0,0,-1,-1,128659,8,0.0,0.0,0,0,0.0,0.0,0,0,DDOS attack-LOIC-UDP
80,17,21/02/2018 10:11:09,119617704,104741,0,3351712,0,32,32,32.0,0.0,0,0,0.0,0.0,28020.20009,875.6312527,1142.044147,22185.4338,850666,1,120000000,1142.044147,22185.4338,850666,1,0,0.0,0.0,0,0,0,0,0,0,837928,0,875.6312527,0.0,32,32,32.0,0.0,0.0,0,0,0,0,0,0,0,0,0,32.00030552,32.0,0.0,0,0,0,0,0,0,104741,3351712,0,0,-1,-1,104740,8,0.0,0.0,0,0,0.0,0.0,0,0,DDOS attack-LOIC-UDP
80,17,21/02/2018 10:11:03,117987975,16,0,512,0,32,32,32.0,0.0,0,0,0.0,0.0,4.339425268,0.13560704,7865865.0,7459530.353,25000000,1992640,118000000,7865865.0,7459530.353,25000000,1992640,0,0.0,0.0,0,0,0,0,0,0,128,0,0.13560704,0.0,32,32,32.0,0.0,0.0,0,0,0,0,0,0,0,0,0,34.0,32.0,0.0,0,0,0,0,0,0,16,512,0,0,-1,-1,15,8,6513317.5,566526.5598,7007910,6021415,15300000.0,6514076.06,25000000,7969606,Benign
80,17,21/02/2018 10:11:10,119685883,119272,0,3816704,0,32,32,32.0,0.0,0,0,0.0,0.0,31889.34154,996.541923,1003.47849,20842.89695,843407,1,120000000,1003.47849,20842.89695,843407,1,0,0.0,0.0,0,0,0,0,0,0,954176,0,996.541923,0.0,32,32,32.0,0.0,0.0,0,0,0,0,0,0,0,0,0,32.00026829,32.0,0.0,0,0,0,0,0,0,119272,3816704,0,0,-1,-1,119271,8,0.0,0.0,0,0,0.0,0.0,0,0,DDOS attack-LOIC-UDP
80,17,21/02/2018 10:11:11,119816281,131080,0,4194560,0,32,32,32.0,0.0,0,0,0.0,0.0,35008.26403,1094.008251,914.076862,18573.18858,582428,0,120000000,914.076862,18573.18858,582428,0,0,0.0,0.0,0,0,0,0,0,0,1048640,0,1094.008251,0.0,32,32,32.0,0.0,0.0,0,0,0,0,0,0,0,0,0,32.00024413,32.0,0.0,0,0,0,0,0,0,131080,4194560,0,0,-1,-1,131079,8,0.0,0.0,0,0,0.0,0.0,0,0,DDOS attack-LOIC-UDP
80,17,21/02/2018 10:11:11,119844201,103337,0,3306784,0,32,32,32.0,0.0,0,0,0.0,0.0,27592.35718,862.2611619,1159.752661,22378.93095,839078,0,120000000,1159.752661,22378.93095,839078,0,0,0.0,0.0,0,0,0,0,0,0,826696,0,862.2611619,0.0,32,32,32.0,0.0,0.0,0,0,0,0,0,0,0,0,0,32.00030967,32.0,0.0,0,0,0,0,0,0,103337,3306784,0,0,-1,-1,103336,8,0.0,0.0,0,0,0.0,0.0,0,0,DDOS attack-LOIC-UDP
80,17,21/02/2018 10:11:12,119774901,120934,0,3869888,0,32,32,32.0,0.0,0,0,0.0,0.0,32309.67396,1009.677311,990.4236313,19320.88977,572897,0,120000000,990.4236313,19320.88977,572897,0,0,0.0,0.0,0,0,0,0,0,0,967472,0,1009.677311,0.0,32,32,32.0,0.0,0.0,0,0,0,0,0,0,0,0,0,32.00026461,32.0,0.0,0,0,0,0,0,0,120934,3869888,0,0,-1,-1,120933,8,0.0,0.0,0,0,0.0,0.0,0,0,DDOS attack-LOIC-UDP
80,17,21/02/2018 10:11:12,119845541,118593,0,3794976,0,32,32,32.0,0.0,0,0,0.0,0.0,31665.55859,989.5487059,1010.570199,20914.20971,837925,0,120000000,1010.570199,20914.20971,837925,0,0,0.0,0.0,0,0,0,0,0,0,948744,0,989.5487059,0.0,32,32,32.0,0.0,0.0,0,0,0,0,0,0,0,0,0,32.00026983,32.0,0.0,0,0,0,0,0,0,118593,3794976,0,0,-1,-1,118592,8,0.0,0.0,0,0,0.0,0.0,0,0,DDOS attack-LOIC-UDP
80,17,21/02/2018 10:11:13,119759002,137484,0,4399488,0,32,32,32.0,0.0,0,0,0.0,0.0,36736.17788,1148.005559,871.0822574,18098.14516,573898,0,120000000,871.0822574,18098.14516,573898,0,0,0.0,0.0,0,0,0,0,0,0,1099872,0,1148.005559,0.0,32,32,32.0,0.0,0.0,0,0,0,0,0,0,0,0,0,32.00023275,32.0,0.0,0,0,0,0,0,0,137484,4399488,0,0,-1,-1,137483,8,0.0,0.0,0,0,0.0,0.0,0,0,DDOS attack-LOIC-UDP
80,17,21/02/2018 10:11:13,119801536,103453,0,3310496,0,32,32,32.0,0.0,0,0,0.0,0.0,27633.16824,863.5365076,1158.039825,22391.02442,842425,1,120000000,1158.039825,22391.02442,842425,1,0,0.0,0.0,0,0,0,0,0,0,827624,0,863.5365076,0.0,32,32,32.0,0.0,0.0,0,0,0,0,0,0,0,0,0,32.00030932,32.0,0.0,0,0,0,0,0,0,103453,3310496,0,0,-1,-1,103452,8,0.0,0.0,0,0,0.0,0.0,0,0,DDOS attack-LOIC-UDP
80,17,21/02/2018 10:11:14,119875873,121303,0,3881696,0,32,32,32.0,0.0,0,0,0.0,0.0,32380.96126,1011.905039,988.2431699,20656.42286,835120,0,120000000,988.2431699,20656.42286,835120,0,0,0.0,0.0,0,0,0,0,0,0,970424,0,1011.905039,0.0,32,32,32.0,0.0,0.0,0,0,0,0,0,0,0,0,0,32.0002638,32.0,0.0,0,0,0,0,0,0,121303,3881696,0,0,-1,-1,121302,8,0.0,0.0,0,0,0.0,0.0,0,0,DDOS attack-LOIC-UDP
80,17,21/02/2018 10:11:14,119764340,123570,0,3954240,0,32,32,32.0,0.0,0,0,0.0,0.0,33016.83957,1031.776237,969.2102388,19112.73197,582143,0,120000000,969.2102388,19112.73197,582143,0,0,0.0,0.0,0,0,0,0,0,0,988560,0,1031.776237,0.0,32,32,32.0,0.0,0.0,0,0,0,0,0,0,0,0,0,32.00025896,32.0,0.0,0,0,0,0,0,0,123570,3954240,0,0,-1,-1,123569,8,0.0,0.0,0,0,0.0,0.0,0,0,DDOS attack-LOIC-UDP
80,17,21/02/2018 10:11:15,117000427,9,0,288,0,32,32,32.0,0.0,0,0,0.0,0.0,2.461529478,0.076922796,14600000.0,10800000.0,30000000,2998986,117000000,14600000.0,10800000.0,30000000,2998986,0,0.0,0.0,0,0,0,0,0,0,72,0,0.076922796,0.0,32,32,32.0,0.0,0.0,0,0,0,0,0,0,0,0,0,35.55555556,32.0,0.0,0,0,0,0,0,0,9,288,0,0,-1,-1,8,8,0.0,0.0,0,0,18500000.0,9520073.14,30000000,7012860,Benign
80,17,21/02/2018 10:10:58,119995783,10,0,320,0,32,32,32.0,0.0,0,0,0.0,0.0,2.666760381,0.083336262,13300000.0,11900000.0,42000000,2999981,120000000,13300000.0,11900000.0,42000000,2999981,0,0.0,0.0,0,0,0,0,0,0,80,0,0.083336262,0.0,32,32,32.0,0.0,0.0,0,0,0,0,0,0,0,0,0,35.2,32.0,0.0,0,0,0,0,0,0,10,320,0,0,-1,-1,9,8,6000011.0,0.0,6000011,6000011,16300000.0,11900000.0,42000000,6023944,Benign
80,17,21/02/2018 10:11:15,119784060,137149,0,4388768,0,32,32,32.0,0.0,0,0,0.0,0.0,36638.99854,1144.968705,873.3926853,18097.09806,574731,0,120000000,873.3926853,18097.09806,574731,0,0,0.0,0.0,0,0,0,0,0,0,1097192,0,1144.968705,0.0,32,32,32.0,0.0,0.0,0,0,0,0,0,0,0,0,0,32.00023332,32.0,0.0,0,0,0,0,0,0,137149,4388768,0,0,-1,-1,137148,8,0.0,0.0,0,0,0.0,0.0,0,0,DDOS attack-LOIC-UDP
80,17,21/02/2018 10:11:13,114029800,12,0,384,0,32,32,32.0,0.0,0,0,0.0,0.0,3.367540766,0.105235649,10400000.0,9676532.421,36000000,2971984,114000000,10400000.0,9676532.421,36000000,2971984,0,0.0,0.0,0,0,0,0,0,0,96,0,0.105235649,0.0,32,32,32.0,0.0,0.0,0,0,0,0,0,0,0,0,0,34.66666667,32.0,0.0,0,0,0,0,0,0,12,384,0,0,-1,-1,11,8,2992591.0,14626.83645,3004055,2971984,14600000.0,9954761.813,36000000,7001492,Benign
80,17,21/02/2018 10:11:16,119813699,117179,0,3749728,0,32,32,32.0,0.0,0,0,0.0,0.0,31296.32113,978.0100354,1022.493122,19630.99102,572029,0,120000000,1022.493122,19630.99102,572029,0,0,0.0,0.0,0,0,0,0,0,0,937432,0,978.0100354,0.0,32,32,32.0,0.0,0.0,0,0,0,0,0,0,0,0,0,32.00027309,32.0,0.0,0,0,0,0,0,0,117179,3749728,0,0,-1,-1,117178,8,0.0,0.0,0,0,0.0,0.0,0,0,DDOS attack-LOIC-UDP
80,17,21/02/2018 10:11:17,119702718,105787,0,3385184,0,32,32,32.0,0.0,0,0,0.0,0.0,28279.92594,883.7476857,1131.555385,22002.08359,645094,0,120000000,1131.555385,22002.08359,645094,0,0,0.0,0.0,0,0,0,0,0,0,846296,0,883.7476857,0.0,32,32,32.0,0.0,0.0,0,0,0,0,0,0,0,0,0,32.00030249,32.0,0.0,0,0,0,0,0,0,105787,3385184,0,0,-1,-1,105786,8,0.0,0.0,0,0,0.0,0.0,0,0,DDOS attack-LOIC-UDP
80,17,21/02/2018 10:11:17,119664913,105082,0,3362624,0,32,32,32.0,0.0,0,0,0.0,0.0,28100.3338,878.1354314,1138.787345,22106.28614,649862,0,120000000,1138.787345,22106.28614,649862,0,0,0.0,0.0,0,0,0,0,0,0,840656,0,878.1354314,0.0,32,32,32.0,0.0,0.0,0,0,0,0,0,0,0,0,0,32.00030452,32.0,0.0,0,0,0,0,0,0,105082,3362624,0,0,-1,-1,105081,8,0.0,0.0,0,0,0.0,0.0,0,0,DDOS attack-LOIC-UDP
80,17,21/02/2018 10:11:17,119783126,116258,0,3720256,0,32,32,32.0,0.0,0,0,0.0,0.0,31058.26442,970.570763,1030.33044,19733.12276,583580,0,120000000,1030.33044,19733.12276,583580,0,0,0.0,0.0,0,0,0,0,0,0,930064,0,970.570763,0.0,32,32,32.0,0.0,0.0,0,0,0,0,0,0,0,0,0,32.00027525,32.0,0.0,0,0,0,0,0,0,116258,3720256,0,0,-1,-1,116257,8,0.0,0.0,0,0,0.0,0.0,0,0,DDOS attack-LOIC-UDP
80,17,21/02/2018 10:11:14,107996243,14,0,448,0,32,32,32.0,0.0,0,0,0.0,0.0,4.148292455,0.129634139,8307403.308,4557353.216,18000000,1988005,108000000,8307403.308,4557353.216,18000000,1988005,0,0.0,0.0,0,0,0,0,0,0,112,0,0.129634139,0.0,32,32,32.0,0.0,0.0,0,0,0,0,0,0,0,0,0,34.28571429,32.0,0.0,0,0,0,0,0,0,14,448,0,0,-1,-1,13,8,2654508.333,577222.4984,2991734,1988005,10000000.0,3710972.98,18000000,5999991,Benign
80,17,21/02/2018 10:11:18,119712809,116680,0,3733760,0,32,32,32.0,0.0,0,0,0.0,0.0,31189.31074,974.6659608,1026.001328,20950.19074,668045,0,120000000,1026.001328,20950.19074,668045,0,0,0.0,0.0,0,0,0,0,0,0,933440,0,974.6659608,0.0,32,32,32.0,0.0,0.0,0,0,0,0,0,0,0,0,0,32.00027425,32.0,0.0,0,0,0,0,0,0,116680,3733760,0,0,-1,-1,116679,8,0.0,0.0,0,0,0.0,0.0,0,0,DDOS attack-LOIC-UDP
80,17,21/02/2018 10:11:18,119901764,138039,0,4417248,0,32,32,32.0,0.0,0,0,0.0,0.0,36840.55891,1151.267466,868.6141787,18064.24317,574959,0,120000000,868.6141787,18064.24317,574959,0,0,0.0,0.0,0,0,0,0,0,0,1104312,0,1151.267466,0.0,32,32,32.0,0.0,0.0,0,0,0,0,0,0,0,0,0,32.00023182,32.0,0.0,0,0,0,0,0,0,138039,4417248,0,0,-1,-1,138038,8,0.0,0.0,0,0,0.0,0.0,0,0,DDOS attack-LOIC-UDP
80,17,21/02/2018 10:11:17,113000017,13,0,416,0,32,32,32.0,0.0,0,0,0.0,0.0,3.681415375,0.11504423,9416668.083,12400000.0,46000000,983922,113000000,9416668.083,12400000.0,46000000,983922,0,0.0,0.0,0,0,0,0,0,0,104,0,0.11504423,0.0,32,32,32.0,0.0,0.0,0,0,0,0,0,0,0,0,0,34.46153846,32.0,0.0,0,0,0,0,0,0,13,416,0,0,-1,-1,12,8,2599859.0,1525724.235,4015757,983922,14300000.0,14600000.0,46000000,5004057,Benign
80,17,21/02/2018 10:11:19,119508081,112248,0,3591936,0,32,32,32.0,0.0,0,0,0.0,0.0,30056.00935,939.2502922,1064.688419,20059.70557,581262,0,120000000,1064.688419,20059.70557,581262,0,0,0.0,0.0,0,0,0,0,0,0,897984,0,939.2502922,0.0,32,32,32.0,0.0,0.0,0,0,0,0,0,0,0,0,0,32.00028508,32.0,0.0,0,0,0,0,0,0,112248,3591936,0,0,-1,-1,112247,8,0.0,0.0,0,0,0.0,0.0,0,0,DDOS attack-LOIC-UDP
80,17,21/02/2018 10:11:19,119703983,108825,0,3482400,0,32,32,32.0,0.0,0,0,0.0,0.0,29091.76381,909.1176189,1099.97779,21711.22832,684957,0,120000000,1099.97779,21711.22832,684957,0,0,0.0,0.0,0,0,0,0,0,0,870600,0,909.1176189,0.0,32,32,32.0,0.0,0.0,0,0,0,0,0,0,0,0,0,32.00029405,32.0,0.0,0,0,0,0,0,0,108825,3482400,0,0,-1,-1,108824,8,0.0,0.0,0,0,0.0,0.0,0,0,DDOS attack-LOIC-UDP
80,17,21/02/2018 10:11:17,118967256,19,0,608,0,32,32,32.0,0.0,0,0,0.0,0.0,5.110649942,0.159707811,6609292.0,4244767.04,15000000,960038,119000000,6609292.0,4244767.04,15000000,960038,0,0.0,0.0,0,0,0,0,0,0,152,0,0.159707811,0.0,32,32,32.0,0.0,0.0,0,0,0,0,0,0,0,0,0,33.68421053,32.0,0.0,0,0,0,0,0,0,19,608,0,0,-1,-1,18,8,4790217.8,2496607.731,9003915,2979897,9501616.7,3495567.012,15000000,5000022,Benign
80,17,21/02/2018 10:11:21,119657169,116827,0,3738464,0,32,32,32.0,0.0,0,0,0.0,0.0,31243.12593,976.3476854,1024.234066,20966.58306,652356,0,120000000,1024.234066,20966.58306,652356,0,0,0.0,0.0,0,0,0,0,0,0,934616,0,976.3476854,0.0,32,32,32.0,0.0,0.0,0,0,0,0,0,0,0,0,0,32.00027391,32.0,0.0,0,0,0,0,0,0,116827,3738464,0,0,-1,-1,116826,8,0.0,0.0,0,0,0.0,0.0,0,0,DDOS attack-LOIC-UDP
80,17,21/02/2018 10:11:10,83987906,7,0,224,0,32,32,32.0,0.0,0,0,0.0,0.0,2.667050658,0.083345333,14000000.0,10800000.0,26000000,1027936,84000000,14000000.0,10800000.0,26000000,1027936,0,0.0,0.0,0,0,0,0,0,0,56,0,0.083345333,0.0,32,32,32.0,0.0,0.0,0,0,0,0,0,0,0,0,0,36.57142857,32.0,0.0,0,0,0,0,0,0,7,224,0,0,-1,-1,6,8,2988460.0,0.0,2988460,2988460,20200000.0,6135179.062,26000000,14000000,Benign
80,17,21/02/2018 10:11:21,119797915,130933,0,4189856,0,32,32,32.0,0.0,0,0,0.0,0.0,34974.36495,1092.948905,914.9628433,18600.8654,567998,0,120000000,914.9628433,18600.8654,567998,0,0,0.0,0.0,0,0,0,0,0,0,1047464,0,1092.948905,0.0,32,32,32.0,0.0,0.0,0,0,0,0,0,0,0,0,0,32.0002444,32.0,0.0,0,0,0,0,0,0,130933,4189856,0,0,-1,-1,130932,8,0.0,0.0,0,0,0.0,0.0,0,0,DDOS attack-LOIC-UDP
80,17,21/02/2018 10:11:19,117988038,20,0,640,0,32,32,32.0,0.0,0,0,0.0,0.0,5.424278688,0.169508709,6209896.737,3550012.186,12000000,2997016,118000000,6209896.737,3550012.186,12000000,2997016,0,0.0,0.0,0,0,0,0,0,0,160,0,0.169508709,0.0,32,32,32.0,0.0,0.0,0,0,0,0,0,0,0,0,0,33.6,32.0,0.0,0,0,0,0,0,0,20,640,0,0,-1,-1,19,8,7601403.6,7793026.1,21000000,2997016,9997627.5,1850197.615,12000000,6000003,Benign
80,17,21/02/2018 10:11:10,112987688,14,0,448,0,32,32,32.0,0.0,0,0,0.0,0.0,3.965033783,0.123907306,8691360.615,5583108.391,17000000,1952068,113000000,8691360.615,5583108.391,17000000,1952068,0,0.0,0.0,0,0,0,0,0,0,112,0,0.123907306,0.0,32,32,32.0,0.0,0.0,0,0,0,0,0,0,0,0,0,34.28571429,32.0,0.0,0,0,0,0,0,0,14,448,0,0,-1,-1,13,8,2786329.6,848255.7261,3991796,1952068,12400000.0,3542824.465,17000000,7007969,Benign
80,17,21/02/2018 10:11:22,119681853,112165,0,3589280,0,32,32,32.0,0.0,0,0,0.0,0.0,29990.17737,937.193043,1067.025543,21390.75179,677099,0,120000000,1067.025543,21390.75179,677099,0,0,0.0,0.0,0,0,0,0,0,0,897320,0,937.193043,0.0,32,32,32.0,0.0,0.0,0,0,0,0,0,0,0,0,0,32.00028529,32.0,0.0,0,0,0,0,0,0,112165,3589280,0,0,-1,-1,112164,8,0.0,0.0,0,0,0.0,0.0,0,0,DDOS attack-LOIC-UDP
80,17,21/02/2018 10:11:23,119717119,115884,0,3708288,0,32,32,32.0,0.0,0,0,0.0,0.0,30975.41965,967.981864,1033.086121,21033.5973,686380,0,120000000,1033.086121,21033.5973,686380,0,0,0.0,0.0,0,0,0,0,0,0,927072,0,967.981864,0.0,32,32,32.0,0.0,0.0,0,0,0,0,0,0,0,0,0,32.00027614,32.0,0.0,0,0,0,0,0,0,115884,3708288,0,0,-1,-1,115883,8,0.0,0.0,0,0,0.0,0.0,0,0,DDOS attack-LOIC-UDP
80,17,21/02/2018 10:11:14,93004035,7,0,224,0,32,32,32.0,0.0,0,0,0.0,0.0,2.408497653,0.075265552,15500000.0,9127719.399,26000000,960026,93000000,15500000.0,9127719.399,26000000,960026,0,0.0,0.0,0,0,0,0,0,0,56,0,0.075265552,0.0,32,32,32.0,0.0,0.0,0,0,0,0,0,0,0,0,0,36.57142857,32.0,0.0,0,0,0,0,0,0,7,224,0,0,-1,-1,6,8,960026.0,0.0,960026,960026,18400000.0,6380827.266,26000000,11000000,Benign
80,17,21/02/2018 10:11:23,119758239,113571,0,3634272,0,32,32,32.0,0.0,0,0,0.0,0.0,30346.73882,948.335588,1054.488324,20751.34726,694824,0,120000000,1054.488324,20751.34726,694824,0,0,0.0,0.0,0,0,0,0,0,0,908568,0,948.335588,0.0,32,32,32.0,0.0,0.0,0,0,0,0,0,0,0,0,0,32.00028176,32.0,0.0,0,0,0,0,0,0,113571,3634272,0,0,-1,-1,113570,8,0.0,0.0,0,0,0.0,0.0,0,0,DDOS attack-LOIC-UDP
80,17,21/02/2018 10:11:21,119981902,13,0,416,0,32,32,32.0,0.0,0,0,0.0,0.0,3.467189577,0.108349674,9998491.833,7054007.886,26000000,1000006,120000000,9998491.833,7054007.886,26000000,1000006,0,0.0,0.0,0,0,0,0,0,0,104,0,0.108349674,0.0,32,32,32.0,0.0,0.0,0,0,0,0,0,0,0,0,0,34.46153846,32.0,0.0,0,0,0,0,0,0,13,416,0,0,-1,-1,12,8,3000057.0,0.0,3000057,3000057,12800000.0,5798880.659,26000000,5999964,Benign
80,17,21/02/2018 10:11:16,116971991,11,0,352,0,32,32,32.0,0.0,0,0,0.0,0.0,3.009267407,0.094039606,11700000.0,8121984.222,29000000,3000489,117000000,11700000.0,8121984.222,29000000,3000489,0,0.0,0.0,0,0,0,0,0,0,88,0,0.094039606,0.0,32,32,32.0,0.0,0.0,0,0,0,0,0,0,0,0,0,34.90909091,32.0,0.0,0,0,0,0,0,0,11,352,0,0,-1,-1,10,8,3006898.667,5959.468293,3012272,3000489,15400000.0,6708660.712,29000000,7991983,Benign
80,17,21/02/2018 10:11:24,119770695,110453,0,3534496,0,32,32,32.0,0.0,0,0,0.0,0.0,29510.52426,922.203883,1084.36873,21565.56501,651781,0,120000000,1084.36873,21565.56501,651781,0,0,0.0,0.0,0,0,0,0,0,0,883624,0,922.203883,0.0,32,32,32.0,0.0,0.0,0,0,0,0,0,0,0,0,0,32.00028972,32.0,0.0,0,0,0,0,0,0,110453,3534496,0,0,-1,-1,110452,8,0.0,0.0,0,0,0.0,0.0,0,0,DDOS attack-LOIC-UDP
80,17,21/02/2018 10:11:24,119737807,119788,0,3833216,0,32,32,32.0,0.0,0,0,0.0,0.0,32013.41411,1000.419191,999.5893294,20199.55101,695401,0,120000000,999.5893294,20199.55101,695401,0,0,0.0,0.0,0,0,0,0,0,0,958304,0,1000.419191,0.0,32,32,32.0,0.0,0.0,0,0,0,0,0,0,0,0,0,32.00026714,32.0,0.0,0,0,0,0,0,0,119788,3833216,0,0,-1,-1,119787,8,0.0,0.0,0,0,0.0,0.0,0,0,DDOS attack-LOIC-UDP
80,17,21/02/2018 10:11:12,104958305,13,0,416,0,32,32,32.0,0.0,0,0,0.0,0.0,3.96347864,0.123858708,8746525.417,8691475.815,35000000,3987720,105000000,8746525.417,8691475.815,35000000,3987720,0,0.0,0.0,0,0,0,0,0,0,104,0,0.123858708,0.0,32,32,32.0,0.0,0.0,0,0,0,0,0,0,0,0,0,34.46153846,32.0,0.0,0,0,0,0,0,0,13,416,0,0,-1,-1,12,8,7317406.0,2869572.095,9000032,4004045,13200000.0,10900000.0,35000000,7010339,Benign
80,17,21/02/2018 10:11:22,119993338,12,0,384,0,32,32,32.0,0.0,0,0,0.0,0.0,3.200177663,0.100005552,10900000.0,12200000.0,40000000,1999979,120000000,10900000.0,12200000.0,40000000,1999979,0,0.0,0.0,0,0,0,0,0,0,96,0,0.100005552,0.0,32,32,32.0,0.0,0.0,0,0,0,0,0,0,0,0,0,34.66666667,32.0,0.0,0,0,0,0,0,0,12,384,0,0,-1,-1,11,8,2000030.0,0.0,2000030,2000030,16000000.0,12800000.0,40000000,5988019,Benign
80,17,21/02/2018 10:11:25,119761429,117054,0,3745728,0,32,32,32.0,0.0,0,0,0.0,0.0,31276.58071,977.3931472,1023.138484,20915.1742,662597,0,120000000,1023.138484,20915.1742,662597,0,0,0.0,0.0,0,0,0,0,0,0,936432,0,977.3931472,0.0,32,32,32.0,0.0,0.0,0,0,0,0,0,0,0,0,0,32.00027338,32.0,0.0,0,0,0,0,0,0,117054,3745728,0,0,-1,-1,117053,8,0.0,0.0,0,0,0.0,0.0,0,0,DDOS attack-LOIC-UDP
80,17,21/02/2018 10:11:24,98990651,14,0,448,0,32,32,32.0,0.0,0,0,0.0,0.0,4.525679905,0.141427497,7614665.462,7641248.669,32000000,1979987,99000000,7614665.462,7641248.669,32000000,1979987,0,0.0,0.0,0,0,0,0,0,0,112,0,0.141427497,0.0,32,32,32.0,0.0,0.0,0,0,0,0,0,0,0,0,0,34.28571429,32.0,0.0,0,0,0,0,0,0,14,448,0,0,-1,-1,13,8,4334533.333,576156.7525,4999818,3999932,10200000.0,8857433.188,32000000,5000101,Benign
80,17,21/02/2018 10:11:14,102991511,13,0,416,0,32,32,32.0,0.0,0,0,0.0,0.0,4.039167849,0.126223995,8582625.917,10300000.0,29000000,1995017,103000000,8582625.917,10300000.0,29000000,1995017,0,0.0,0.0,0,0,0,0,0,0,104,0,0.126223995,0.0,32,32,32.0,0.0,0.0,0,0,0,0,0,0,0,0,0,34.46153846,32.0,0.0,0,0,0,0,0,0,13,416,0,0,-1,-1,12,8,4347839.333,2093393.519,6004320,1995017,21500000.0,7347448.989,29000000,12900000,Benign
80,17,21/02/2018 10:11:25,119907897,112130,0,3588160,0,32,32,32.0,0.0,0,0,0.0,0.0,29924.30098,935.1344057,1069.374533,20826.83829,723988,0,120000000,1069.374533,20826.83829,723988,0,0,0.0,0.0,0,0,0,0,0,0,897040,0,935.1344057,0.0,32,32,32.0,0.0,0.0,0,0,0,0,0,0,0,0,0,32.00028538,32.0,0.0,0,0,0,0,0,0,112130,3588160,0,0,-1,-1,112129,8,0.0,0.0,0,0,0.0,0.0,0,0,DDOS attack-LOIC-UDP
80,17,21/02/2018 10:11:26,119710289,111010,0,3552320,0,32,32,32.0,0.0,0,0,0.0,0.0,29674.30811,927.3221285,1078.383636,21496.34966,677450,0,120000000,1078.383636,21496.34966,677450,0,0,0.0,0.0,0,0,0,0,0,0,888080,0,927.3221285,0.0,32,32,32.0,0.0,0.0,0,0,0,0,0,0,0,0,0,32.00028826,32.0,0.0,0,0,0,0,0,0,111010,3552320,0,0,-1,-1,111009,8,0.0,0.0,0,0,0.0,0.0,0,0,DDOS attack-LOIC-UDP
80,17,21/02/2018 10:11:17,113999873,17,0,544,0,32,32,32.0,0.0,0,0,0.0,0.0,4.771935141,0.149122973,7124992.063,5952915.215,23000000,999981,114000000,7124992.063,5952915.215,23000000,999981,0,0.0,0.0,0,0,0,0,0,0,136,0,0.149122973,0.0,32,32,32.0,0.0,0.0,0,0,0,0,0,0,0,0,0,33.88235294,32.0,0.0,0,0,0,0,0,0,17,544,0,0,-1,-1,16,8,3661345.333,1162848.957,5004038,2979999,11600000.0,5313546.196,23000000,7005258,Benign
80,17,21/02/2018 10:11:17,114979841,16,0,512,0,32,32,32.0,0.0,0,0,0.0,0.0,4.452954497,0.139154828,7665322.733,7369502.499,27000000,980132,115000000,7665322.733,7369502.499,27000000,980132,0,0.0,0.0,0,0,0,0,0,0,128,0,0.139154828,0.0,32,32,32.0,0.0,0.0,0,0,0,0,0,0,0,0,0,34.0,32.0,0.0,0,0,0,0,0,0,16,512,0,0,-1,-1,15,8,1662318.667,1134287.243,2972076,1004383,11000000.0,6886970.734,27000000,5029387,Benign
80,17,21/02/2018 10:11:26,119598472,121468,0,3886976,0,32,32,32.0,0.0,0,0,0.0,0.0,32500.21455,1015.631705,984.6169906,19994.42231,733053,0,120000000,984.6169906,19994.42231,733053,0,0,0.0,0.0,0,0,0,0,0,0,971744,0,1015.631705,0.0,32,32,32.0,0.0,0.0,0,0,0,0,0,0,0,0,0,32.00026344,32.0,0.0,0,0,0,0,0,0,121468,3886976,0,0,-1,-1,121467,8,0.0,0.0,0,0,0.0,0.0,0,0,DDOS attack-LOIC-UDP
80,17,21/02/2018 10:11:21,117007161,12,0,384,0,32,32,32.0,0.0,0,0,0.0,0.0,3.281850416,0.102557825,10600000.0,8161573.146,26000000,2995181,117000000,10600000.0,8161573.146,26000000,2995181,0,0.0,0.0,0,0,0,0,0,0,96,0,0.102557825,0.0,32,32,32.0,0.0,0.0,0,0,0,0,0,0,0,0,0,34.66666667,32.0,0.0,0,0,0,0,0,0,12,384,0,0,-1,-1,11,8,7011398.0,0.0,7011398,7011398,12200000.0,8225552.13,26000000,6000019,Benign
80,17,21/02/2018 10:11:23,110011166,15,0,480,0,32,32,32.0,0.0,0,0,0.0,0.0,4.36319346,0.136349796,7857940.429,10600000.0,43000000,1000027,110000000,7857940.429,10600000.0,43000000,1000027,0,0.0,0.0,0,0,0,0,0,0,120,0,0.136349796,0.0,32,32,32.0,0.0,0.0,0,0,0,0,0,0,0,0,0,34.13333333,32.0,0.0,0,0,0,0,0,0,15,480,0,0,-1,-1,14,8,7751041.25,2083187.506,10000000,4963963,15800000.0,15400000.0,43000000,7000057,Benign
80,17,21/02/2018 10:11:27,105007906,12,0,384,0,32,32,32.0,0.0,0,0,0.0,0.0,3.656867512,0.11427711,9546173.273,4921995.931,15100000,1960087,105000000,9546173.273,4921995.931,15100000,1960087,0,0.0,0.0,0,0,0,0,0,0,96,0,0.11427711,0.0,32,32,32.0,0.0,0.0,0,0,0,0,0,0,0,0,0,34.66666667,32.0,0.0,0,0,0,0,0,0,12,384,0,0,-1,-1,11,8,2474480.0,727461.557,2988873,1960087,11100000.0,3864702.35,15100000,5999889,Benign
80,17,21/02/2018 10:11:27,119710850,108980,0,3487360,0,32,32,32.0,0.0,0,0,0.0,0.0,29131.52818,910.3602556,1098.476312,21097.04712,726973,0,120000000,1098.476312,21097.04712,726973,0,0,0.0,0.0,0,0,0,0,0,0,871840,0,910.3602556,0.0,32,32,32.0,0.0,0.0,0,0,0,0,0,0,0,0,0,32.00029363,32.0,0.0,0,0,0,0,0,0,108980,3487360,0,0,-1,-1,108979,8,0.0,0.0,0,0,0.0,0.0,0,0,DDOS attack-LOIC-UDP
80,17,21/02/2018 10:11:27,119517066,89913,0,2877216,0,32,32,32.0,0.0,0,0,0.0,0.0,24073.68333,752.3026042,1329.267128,28066.98841,807993,0,120000000,1329.267128,28066.98841,807993,0,0,0.0,0.0,0,0,0,0,0,0,719304,0,752.3026042,0.0,32,32,32.0,0.0,0.0,0,0,0,0,0,0,0,0,0,32.0003559,32.0,0.0,0,0,0,0,0,0,89913,2877216,0,0,-1,-1,89912,8,0.0,0.0,0,0,0.0,0.0,0,0,DDOS attack-LOIC-UDP
80,17,21/02/2018 10:11:18,115988120,24,0,768,0,32,32,32.0,0.0,0,0,0.0,0.0,6.621367775,0.206917743,5042961.739,6450409.486,26000000,979890,116000000,5042961.739,6450409.486,26000000,979890,0,0.0,0.0,0,0,0,0,0,0,192,0,0.206917743,0.0,32,32,32.0,0.0,0.0,0,0,0,0,0,0,0,0,0,33.33333333,32.0,0.0,0,0,0,0,0,0,24,768,0,0,-1,-1,23,8,4389916.0,2960150.671,8968018,979901,13300000.0,6033830.667,26000000,6968044,Benign
80,17,21/02/2018 10:11:28,119921321,123581,0,3954592,0,32,32,32.0,0.0,0,0,0.0,0.0,32976.55469,1030.517334,970.3942466,19761.98,728506,0,120000000,970.3942466,19761.98,728506,0,0,0.0,0.0,0,0,0,0,0,0,988648,0,1030.517334,0.0,32,32,32.0,0.0,0.0,0,0,0,0,0,0,0,0,0,32.00025894,32.0,0.0,0,0,0,0,0,0,123581,3954592,0,0,-1,-1,123580,8,0.0,0.0,0,0,0.0,0.0,0,0,DDOS attack-LOIC-UDP
80,17,21/02/2018 10:11:26,115006494,10,0,320,0,32,32,32.0,0.0,0,0,0.0,0.0,2.782451572,0.086951612,12800000.0,8793955.136,26000000,999984,115000000,12800000.0,8793955.136,26000000,999984,0,0.0,0.0,0,0,0,0,0,0,80,0,0.086951612,0.0,32,32,32.0,0.0,0.0,0,0,0,0,0,0,0,0,0,35.2,32.0,0.0,0,0,0,0,0,0,10,320,0,0,-1,-1,9,8,1490070.5,693086.975,1980157,999984,16000000.0,6958390.587,26000000,7000080,Benign
80,17,21/02/2018 10:11:25,111000104,26,0,832,0,32,32,32.0,0.0,0,0,0.0,0.0,7.495488473,0.234234015,4440004.16,5413650.192,22000000,967709,111000000,4440004.16,5413650.192,22000000,967709,0,0.0,0.0,0,0,0,0,0,0,208,0,0.234234015,0.0,32,32,32.0,0.0,0.0,0,0,0,0,0,0,0,0,0,33.23076923,32.0,0.0,0,0,0,0,0,0,26,832,0,0,-1,-1,25,8,3156577.167,3052424.953,7972073,967709,10900000.0,5233416.696,22000000,5011788,Benign
80,17,21/02/2018 10:11:29,119511793,76035,0,2433120,0,32,32,32.0,0.0,0,0,0.0,0.0,20358.82768,636.2133652,1571.820409,30473.25929,821275,0,120000000,1571.820409,30473.25929,821275,0,0,0.0,0.0,0,0,0,0,0,0,608280,0,636.2133652,0.0,32,32,32.0,0.0,0.0,0,0,0,0,0,0,0,0,0,32.00042086,32.0,0.0,0,0,0,0,0,0,76035,2433120,0,0,-1,-1,76034,8,0.0,0.0,0,0,0.0,0.0,0,0,DDOS attack-LOIC-UDP
80,17,21/02/2018 10:11:29,119999959,112871,0,3611872,0,32,32,32.0,0.0,0,0,0.0,0.0,30098.94362,940.591988,1063.169655,20645.18483,696103,0,120000000,1063.169655,20645.18483,696103,0,0,0.0,0.0,0,0,0,0,0,0,902968,0,940.591988,0.0,32,32,32.0,0.0,0.0,0,0,0,0,0,0,0,0,0,32.00028351,32.0,0.0,0,0,0,0,0,0,112871,3611872,0,0,-1,-1,112870,8,0.0,0.0,0,0,0.0,0.0,0,0,DDOS attack-LOIC-UDP
80,17,21/02/2018 10:11:05,114951676,14,0,448,0,32,32,32.0,0.0,0,0,0.0,0.0,3.897289849,0.121790308,8842436.615,9018955.513,30000000,958907,115000000,8842436.615,9018955.513,30000000,958907,0,0.0,0.0,0,0,0,0,0,0,112,0,0.121790308,0.0,32,32,32.0,0.0,0.0,0,0,0,0,0,0,0,0,0,34.28571429,32.0,0.0,0,0,0,0,0,0,14,448,0,0,-1,-1,13,8,3989193.333,2621518.762,6961379,2006165,14700000.0,8674613.579,30000000,8001789,Benign
80,17,21/02/2018 10:11:22,111991823,6,0,192,0,32,32,32.0,0.0,0,0,0.0,0.0,1.714410882,0.05357534,22400000.0,21000000.0,49000000,2988117,112000000,22400000.0,21000000.0,49000000,2988117,0,0.0,0.0,0,0,0,0,0,0,48,0,0.05357534,0.0,32,32,32.0,0.0,0.0,0,0,0,0,0,0,0,0,0,37.33333333,32.0,0.0,0,0,0,0,0,0,6,192,0,0,-1,-1,5,8,0.0,0.0,0,0,35300000.0,15800000.0,49000000,18000000,Benign
80,17,21/02/2018 10:11:29,119525275,87639,0,2804448,0,32,32,32.0,0.0,0,0,0.0,0.0,23463.22148,733.2256713,1363.852153,28427.93086,817523,0,120000000,1363.852153,28427.93086,817523,0,0,0.0,0.0,0,0,0,0,0,0,701112,0,733.2256713,0.0,32,32,32.0,0.0,0.0,0,0,0,0,0,0,0,0,0,32.00036513,32.0,0.0,0,0,0,0,0,0,87639,2804448,0,0,-1,-1,87638,8,0.0,0.0,0,0,0.0,0.0,0,0,DDOS attack-LOIC-UDP
80,17,21/02/2018 10:11:06,105000128,12,0,384,0,32,32,32.0,0.0,0,0,0.0,0.0,3.657138399,0.114285575,9545466.182,5909038.141,18000000,988763,105000000,9545466.182,5909038.141,18000000,988763,0,0.0,0.0,0,0,0,0,0,0,96,0,0.114285575,0.0,32,32,32.0,0.0,0.0,0,0,0,0,0,0,0,0,0,34.66666667,32.0,0.0,0,0,0,0,0,0,12,384,0,0,-1,-1,11,8,1995900.0,1005692.625,3000142,988763,12400000.0,4000646.204,18000000,6984044,Benign
80,17,21/02/2018 10:11:27,110015350,14,0,448,0,32,32,32.0,0.0,0,0,0.0,0.0,4.072159021,0.127254969,8462719.231,7464390.109,22000000,999823,110000000,8462719.231,7464390.109,22000000,999823,0,0.0,0.0,0,0,0,0,0,0,112,0,0.127254969,0.0,32,32,32.0,0.0,0.0,0,0,0,0,0,0,0,0,0,34.28571429,32.0,0.0,0,0,0,0,0,0,14,448,0,0,-1,-1,13,8,1990697.333,16181.10955,2000048,1972013,13000000.0,5838548.244,22000000,5924065,Benign
80,17,21/02/2018 10:11:30,119760907,111183,0,3557856,0,32,32,32.0,0.0,0,0,0.0,0.0,29707.99144,928.3747325,1077.160934,20772.08479,694779,0,120000000,1077.160934,20772.08479,694779,0,0,0.0,0.0,0,0,0,0,0,0,889464,0,928.3747325,0.0,32,32,32.0,0.0,0.0,0,0,0,0,0,0,0,0,0,32.00028781,32.0,0.0,0,0,0,0,0,0,111183,3557856,0,0,-1,-1,111182,8,0.0,0.0,0,0,0.0,0.0,0,0,DDOS attack-LOIC-UDP
80,17,21/02/2018 10:11:28,116995904,13,0,416,0,32,32,32.0,0.0,0,0,0.0,0.0,3.555680035,0.111115001,9749658.667,7345209.023,26000000,2983968,117000000,9749658.667,7345209.023,26000000,2983968,0,0.0,0.0,0,0,0,0,0,0,104,0,0.111115001,0.0,32,32,32.0,0.0,0.0,0,0,0,0,0,0,0,0,0,34.46153846,32.0,0.0,0,0,0,0,0,0,13,416,0,0,-1,-1,12,8,5645301.0,1162885.557,6987989,4960010,13600000.0,7566006.798,26000000,5000122,Benign
80,17,21/02/2018 10:11:12,108985834,7,0,224,0,32,32,32.0,0.0,0,0,0.0,0.0,2.055312987,0.064228531,18200000.0,20400000.0,59000000,3008541,109000000,18200000.0,20400000.0,59000000,3008541,0,0.0,0.0,0,0,0,0,0,0,56,0,0.064228531,0.0,32,32,32.0,0.0,0.0,0,0,0,0,0,0,0,0,0,36.57142857,32.0,0.0,0,0,0,0,0,0,7,224,0,0,-1,-1,6,8,3008541.0,0.0,3008541,3008541,21200000.0,21200000.0,59000000,9991957,Benign
80,17,21/02/2018 10:11:28,111007966,9,0,288,0,32,32,32.0,0.0,0,0,0.0,0.0,2.594408405,0.081075263,13900000.0,15500000.0,49000000,1000034,111000000,13900000.0,15500000.0,49000000,1000034,0,0.0,0.0,0,0,0,0,0,0,72,0,0.081075263,0.0,32,32,32.0,0.0,0.0,0,0,0,0,0,0,0,0,0,35.55555556,32.0,0.0,0,0,0,0,0,0,9,288,0,0,-1,-1,8,8,1007927.0,0.0,1007927,1007927,18200000.0,15700000.0,49000000,6000029,Benign
80,17,21/02/2018 10:11:31,119573348,80311,0,2569952,0,32,32,32.0,0.0,0,0,0.0,0.0,21492.68247,671.6463271,1488.897373,29740.3786,808094,1,120000000,1488.897373,29740.3786,808094,1,0,0.0,0.0,0,0,0,0,0,0,642488,0,671.6463271,0.0,32,32,32.0,0.0,0.0,0,0,0,0,0,0,0,0,0,32.00039845,32.0,0.0,0,0,0,0,0,0,80311,2569952,0,0,-1,-1,80310,8,0.0,0.0,0,0,0.0,0.0,0,0,DDOS attack-LOIC-UDP
80,17,21/02/2018 10:11:31,119979264,119416,0,3821312,0,32,32,32.0,0.0,0,0,0.0,0.0,31849.77031,995.3053221,1004.725236,20029.12537,717147,1,120000000,1004.725236,20029.12537,717147,1,0,0.0,0.0,0,0,0,0,0,0,955328,0,995.3053221,0.0,32,32,32.0,0.0,0.0,0,0,0,0,0,0,0,0,0,32.00026797,32.0,0.0,0,0,0,0,0,0,119416,3821312,0,0,-1,-1,119415,8,0.0,0.0,0,0,0.0,0.0,0,0,DDOS attack-LOIC-UDP
80,17,21/02/2018 10:11:26,107998945,13,0,416,0,32,32,32.0,0.0,0,0,0.0,0.0,3.851889479,0.120371546,8999912.083,8513047.686,25000000,1983816,108000000,8999912.083,8513047.686,25000000,1983816,0,0.0,0.0,0,0,0,0,0,0,104,0,0.120371546,0.0,32,32,32.0,0.0,0.0,0,0,0,0,0,0,0,0,0,34.46153846,32.0,0.0,0,0,0,0,0,0,13,416,0,0,-1,-1,12,8,6005602.0,5631679.834,9987801,2023403,15000000.0,8475462.638,25000000,6024171,Benign
80,17,21/02/2018 10:11:30,115994896,13,0,416,0,32,32,32.0,0.0,0,0,0.0,0.0,3.586364697,0.112073897,9666241.333,10100000.0,39000000,4000041,116000000,9666241.333,10100000.0,39000000,4000041,0,0.0,0.0,0,0,0,0,0,0,104,0,0.112073897,0.0,32,32,32.0,0.0,0.0,0,0,0,0,0,0,0,0,0,34.46153846,32.0,0.0,0,0,0,0,0,0,13,416,0,0,-1,-1,12,8,7007964.333,2615475.223,8975836,4040012,13600000.0,12000000.0,39000000,5000041,Benign
80,17,21/02/2018 10:11:32,119598548,90930,0,2909760,0,32,32,32.0,0.0,0,0,0.0,0.0,24329.39236,760.2935113,1315.295978,27901.36157,806842,0,120000000,1315.295978,27901.36157,806842,0,0,0.0,0.0,0,0,0,0,0,0,727440,0,760.2935113,0.0,32,32,32.0,0.0,0.0,0,0,0,0,0,0,0,0,0,32.00035192,32.0,0.0,0,0,0,0,0,0,90930,2909760,0,0,-1,-1,90929,8,0.0,0.0,0,0,0.0,0.0,0,0,DDOS attack-LOIC-UDP
80,17,21/02/2018 10:11:32,119994879,113889,0,3644448,0,32,32,32.0,0.0,0,0,0.0,0.0,30371.69611,949.1155035,1053.621795,20472.92806,697187,0,120000000,1053.621795,20472.92806,697187,0,0,0.0,0.0,0,0,0,0,0,0,911112,0,949.1155035,0.0,32,32,32.0,0.0,0.0,0,0,0,0,0,0,0,0,0,32.00028098,32.0,0.0,0,0,0,0,0,0,113889,3644448,0,0,-1,-1,113888,8,0.0,0.0,0,0,0.0,0.0,0,0,DDOS attack-LOIC-UDP
80,17,21/02/2018 10:11:27,118003477,15,0,480,0,32,32,32.0,0.0,0,0,0.0,0.0,4.067676752,0.127114898,8428819.786,5571584.537,21000000,980249,118000000,8428819.786,5571584.537,21000000,980249,0,0.0,0.0,0,0,0,0,0,0,120,0,0.127114898,0.0,32,32,32.0,0.0,0.0,0,0,0,0,0,0,0,0,0,34.13333333,32.0,0.0,0,0,0,0,0,0,15,480,0,0,-1,-1,14,8,2980024.0,0.0,2980024,2980024,10500000.0,4387022.347,21000000,6016067,Benign
80,17,21/02/2018 10:11:24,72004031,11,0,352,0,32,32,32.0,0.0,0,0,0.0,0.0,4.888615194,0.152769225,7200403.1,5417840.404,20000000,1986046,72000000,7200403.1,5417840.404,20000000,1986046,0,0.0,0.0,0,0,0,0,0,0,88,0,0.152769225,0.0,32,32,32.0,0.0,0.0,0,0,0,0,0,0,0,0,0,34.90909091,32.0,0.0,0,0,0,0,0,0,11,352,0,0,-1,-1,10,8,1986046.0,0.0,1986046,1986046,9145418.714,5404003.345,20000000,5000062,Benign
80,17,21/02/2018 10:11:33,119605929,78301,0,2505632,0,32,32,32.0,0.0,0,0,0.0,0.0,20949.06181,654.6581817,1527.534215,30061.86553,807883,0,120000000,1527.534215,30061.86553,807883,0,0,0.0,0.0,0,0,0,0,0,0,626408,0,654.6581817,0.0,32,32,32.0,0.0,0.0,0,0,0,0,0,0,0,0,0,32.00040868,32.0,0.0,0,0,0,0,0,0,78301,2505632,0,0,-1,-1,78300,8,0.0,0.0,0,0,0.0,0.0,0,0,DDOS attack-LOIC-UDP
80,17,21/02/2018 10:11:32,115998104,13,0,416,0,32,32,32.0,0.0,0,0,0.0,0.0,3.586265513,0.112070797,9666508.667,6636889.845,22000000,2000054,116000000,9666508.667,6636889.845,22000000,2000054,0,0.0,0.0,0,0,0,0,0,0,104,0,0.112070797,0.0,32,32,32.0,0.0,0.0,0,0,0,0,0,0,0,0,0,34.46153846,32.0,0.0,0,0,0,0,0,0,13,416,0,0,-1,-1,12,8,4748612.75,2979881.063,8988081,2000054,13900000.0,5548137.949,22000000,5999936,Benign
80,17,21/02/2018 10:11:34,119539231,80154,0,2564928,0,32,32,32.0,0.0,0,0,0.0,0.0,21456.78852,670.5246414,1491.388108,29752.31989,808315,1,120000000,1491.388108,29752.31989,808315,1,0,0.0,0.0,0,0,0,0,0,0,641232,0,670.5246414,0.0,32,32,32.0,0.0,0.0,0,0,0,0,0,0,0,0,0,32.00039923,32.0,0.0,0,0,0,0,0,0,80154,2564928,0,0,-1,-1,80153,8,0.0,0.0,0,0,0.0,0.0,0,0,DDOS attack-LOIC-UDP
80,17,21/02/2018 10:11:35,119624671,108107,0,3459424,0,32,32,32.0,0.0,0,0,0.0,0.0,28918.98445,903.7182639,1106.549784,21455.99198,1174039,0,120000000,1106.549784,21455.99198,1174039,0,0,0.0,0.0,0,0,0,0,0,0,864856,0,903.7182639,0.0,32,32,32.0,0.0,0.0,0,0,0,0,0,0,0,0,0,32.000296,32.0,0.0,0,0,0,0,0,0,108107,3459424,0,0,-1,-1,108106,8,0.0,0.0,0,0,0.0,0.0,0,0,DDOS attack-LOIC-UDP
80,17,21/02/2018 10:11:34,103983003,11,0,352,0,32,32,32.0,0.0,0,0,0.0,0.0,3.385168632,0.10578652,10400000.0,10100000.0,30000000,977050,104000000,10400000.0,10100000.0,30000000,977050,0,0.0,0.0,0,0,0,0,0,0,88,0,0.10578652,0.0,32,32,32.0,0.0,0.0,0,0,0,0,0,0,0,0,0,34.90909091,32.0,0.0,0,0,0,0,0,0,11,352,0,0,-1,-1,10,8,3316407.667,4049285.074,7992119,977050,15700000.0,9932586.668,30000000,7008084,Benign
80,17,21/02/2018 10:11:20,112999734,13,0,416,0,32,32,32.0,0.0,0,0,0.0,0.0,3.681424595,0.115044519,9416644.5,5230937.105,19000000,2983967,113000000,9416644.5,5230937.105,19000000,2983967,0,0.0,0.0,0,0,0,0,0,0,104,0,0.115044519,0.0,32,32,32.0,0.0,0.0,0,0,0,0,0,0,0,0,0,34.46153846,32.0,0.0,0,0,0,0,0,0,13,416,0,0,-1,-1,12,8,3497927.0,726849.2025,4011887,2983967,10600000.0,4903360.558,19000000,5000016,Benign
80,17,21/02/2018 10:11:35,119721034,90016,0,2880512,0,32,32,32.0,0.0,0,0,0.0,0.0,24060.19981,751.8812442,1330.012042,28084.10482,822393,0,120000000,1330.012042,28084.10482,822393,0,0,0.0,0.0,0,0,0,0,0,0,720128,0,751.8812442,0.0,32,32,32.0,0.0,0.0,0,0,0,0,0,0,0,0,0,32.00035549,32.0,0.0,0,0,0,0,0,0,90016,2880512,0,0,-1,-1,90015,8,0.0,0.0,0,0,0.0,0.0,0,0,DDOS attack-LOIC-UDP
80,17,21/02/2018 10:11:28,119991905,17,0,544,0,32,32,32.0,0.0,0,0,0.0,0.0,4.533639165,0.141676224,7499494.063,6671267.665,26000000,999819,120000000,7499494.063,6671267.665,26000000,999819,0,0.0,0.0,0,0,0,0,0,0,136,0,0.141676224,0.0,32,32,32.0,0.0,0.0,0,0,0,0,0,0,0,0,0,33.88235294,32.0,0.0,0,0,0,0,0,0,17,544,0,0,-1,-1,16,8,3335877.0,4046007.467,8007804,999896,11000000.0,6090464.153,26000000,6986859,Benign
80,17,21/02/2018 10:10:57,116015819,14,0,448,0,32,32,32.0,0.0,0,0,0.0,0.0,3.861542364,0.120673199,8924293.769,10100000.0,34000000,2004119,116000000,8924293.769,10100000.0,34000000,2004119,0,0.0,0.0,0,0,0,0,0,0,112,0,0.120673199,0.0,32,32,32.0,0.0,0.0,0,0,0,0,0,0,0,0,0,34.28571429,32.0,0.0,0,0,0,0,0,0,14,448,0,0,-1,-1,13,8,8006855.667,7201622.493,16000000,2004119,15300000.0,12300000.0,34000000,5977878,Benign
80,17,21/02/2018 10:11:36,119635837,124233,0,3975456,0,32,32,32.0,0.0,0,0,0.0,0.0,33229.64172,1038.426304,963.0033888,19983.29483,1168452,0,120000000,963.0033888,19983.29483,1168452,0,0,0.0,0.0,0,0,0,0,0,0,993864,0,1038.426304,0.0,32,32,32.0,0.0,0.0,0,0,0,0,0,0,0,0,0,32.00025758,32.0,0.0,0,0,0,0,0,0,124233,3975456,0,0,-1,-1,124232,8,0.0,0.0,0,0,0.0,0.0,0,0,DDOS attack-LOIC-UDP
80,17,21/02/2018 10:11:25,119991827,11,0,352,0,32,32,32.0,0.0,0,0,0.0,0.0,2.933533131,0.09167291,12000000.0,12800000.0,38000000,2980088,120000000,12000000.0,12800000.0,38000000,2980088,0,0.0,0.0,0,0,0,0,0,0,88,0,0.09167291,0.0,32,32,32.0,0.0,0.0,0,0,0,0,0,0,0,0,0,34.90909091,32.0,0.0,0,0,0,0,0,0,11,352,0,0,-1,-1,10,8,6979983.0,0.0,6979983,6979983,17700000.0,14000000.0,38000000,6984042,Benign
80,17,21/02/2018 10:11:36,119283929,77227,0,2471264,0,32,32,32.0,0.0,0,0,0.0,0.0,20717.4933,647.4216657,1544.608409,30295.51138,808006,0,119000000,1544.608409,30295.51138,808006,0,0,0.0,0.0,0,0,0,0,0,0,617816,0,647.4216657,0.0,32,32,32.0,0.0,0.0,0,0,0,0,0,0,0,0,0,32.00041436,32.0,0.0,0,0,0,0,0,0,77227,2471264,0,0,-1,-1,77226,8,0.0,0.0,0,0,0.0,0.0,0,0,DDOS attack-LOIC-UDP
80,17,21/02/2018 10:11:33,119004020,8,0,256,0,32,32,32.0,0.0,0,0,0.0,0.0,2.151187834,0.06722462,17000000.0,12100000.0,36000000,5004081,119000000,17000000.0,12100000.0,36000000,5004081,0,0.0,0.0,0,0,0,0,0,0,64,0,0.06722462,0.0,32,32,32.0,0.0,0.0,0,0,0,0,0,0,0,0,0,36.0,32.0,0.0,0,0,0,0,0,0,8,256,0,0,-1,-1,7,8,0.0,0.0,0,0,17000000.0,12100000.0,36000000,5004081,Benign
80,17,21/02/2018 10:11:37,119999825,111933,0,3581856,0,32,32,32.0,0.0,0,0,0.0,0.0,29848.84353,932.7763603,1072.077913,21119.97298,1098343,0,120000000,1072.077913,21119.97298,1098343,0,0,0.0,0.0,0,0,0,0,0,0,895464,0,932.7763603,0.0,32,32,32.0,0.0,0.0,0,0,0,0,0,0,0,0,0,32.00028589,32.0,0.0,0,0,0,0,0,0,111933,3581856,0,0,-1,-1,111932,8,0.0,0.0,0,0,0.0,0.0,0,0,DDOS attack-LOIC-UDP
80,17,21/02/2018 10:11:36,111015641,11,0,352,0,32,32,32.0,0.0,0,0,0.0,0.0,3.170724385,0.099085137,11100000.0,4586469.088,18000000,4964018,111000000,11100000.0,4586469.088,18000000,4964018,0,0.0,0.0,0,0,0,0,0,0,88,0,0.099085137,0.0,32,32,32.0,0.0,0.0,0,0,0,0,0,0,0,0,0,34.90909091,32.0,0.0,0,0,0,0,0,0,11,352,0,0,-1,-1,10,8,4964018.0,0.0,4964018,4964018,11800000.0,4293400.739,18000000,5024136,Benign
80,17,21/02/2018 10:11:37,119269111,85373,0,2731936,0,32,32,32.0,0.0,0,0,0.0,0.0,22905.6457,715.8014283,1397.051855,28870.78346,815241,1,119000000,1397.051855,28870.78346,815241,1,0,0.0,0.0,0,0,0,0,0,0,682984,0,715.8014283,0.0,32,32,32.0,0.0,0.0,0,0,0,0,0,0,0,0,0,32.00037483,32.0,0.0,0,0,0,0,0,0,85373,2731936,0,0,-1,-1,85372,8,0.0,0.0,0,0,0.0,0.0,0,0,DDOS attack-LOIC-UDP
80,17,21/02/2018 10:11:38,119704722,127615,0,4083680,0,32,32,32.0,0.0,0,0,0.0,0.0,34114.61078,1066.081587,938.0218628,19636.56339,745338,0,120000000,938.0218628,19636.56339,745338,0,0,0.0,0.0,0,0,0,0,0,0,1020920,0,1066.081587,0.0,32,32,32.0,0.0,0.0,0,0,0,0,0,0,0,0,0,32.00025075,32.0,0.0,0,0,0,0,0,0,127615,4083680,0,0,-1,-1,127614,8,0.0,0.0,0,0,0.0,0.0,0,0,DDOS attack-LOIC-UDP
80,17,21/02/2018 10:11:27,112983813,10,0,320,0,32,32,32.0,0.0,0,0,0.0,0.0,2.832264123,0.088508254,12600000.0,5390380.244,20000000,3996006,113000000,12600000.0,5390380.244,20000000,3996006,0,0.0,0.0,0,0,0,0,0,0,80,0,0.088508254,0.0,32,32,32.0,0.0,0.0,0,0,0,0,0,0,0,0,0,35.2,32.0,0.0,0,0,0,0,0,0,10,320,0,0,-1,-1,9,8,3997963.0,2767.615942,3999920,3996006,15000000.0,2714678.366,20000000,12000000,Benign
80,17,21/02/2018 10:11:21,118011478,14,0,448,0,32,32,32.0,0.0,0,0,0.0,0.0,3.796240905,0.118632528,9077806.0,6765804.922,27000000,1000009,118000000,9077806.0,6765804.922,27000000,1000009,0,0.0,0.0,0,0,0,0,0,0,112,0,0.118632528,0.0,32,32,32.0,0.0,0.0,0,0,0,0,0,0,0,0,0,34.28571429,32.0,0.0,0,0,0,0,0,0,14,448,0,0,-1,-1,13,8,2335379.0,1156468.263,3006075,1000009,11100000.0,6406102.143,27000000,5003938,Benign
80,17,21/02/2018 10:11:19,117988032,12,0,384,0,32,32,32.0,0.0,0,0,0.0,0.0,3.254567378,0.101705231,10700000.0,6893498.327,24000000,2997865,118000000,10700000.0,6893498.327,24000000,2997865,0,0.0,0.0,0,0,0,0,0,0,96,0,0.101705231,0.0,32,32,32.0,0.0,0.0,0,0,0,0,0,0,0,0,0,34.66666667,32.0,0.0,0,0,0,0,0,0,12,384,0,0,-1,-1,11,8,2997865.0,0.0,2997865,2997865,11500000.0,6745398.213,24000000,5987976,Benign
80,17,21/02/2018 10:11:39,119862967,107381,0,3436192,0,32,32,32.0,0.0,0,0,0.0,0.0,28667.67014,895.8646919,1116.250391,21573.94979,1160809,0,120000000,1116.250391,21573.94979,1160809,0,0,0.0,0.0,0,0,0,0,0,0,859048,0,895.8646919,0.0,32,32,32.0,0.0,0.0,0,0,0,0,0,0,0,0,0,32.000298,32.0,0.0,0,0,0,0,0,0,107381,3436192,0,0,-1,-1,107380,8,0.0,0.0,0,0,0.0,0.0,0,0,DDOS attack-LOIC-UDP
80,17,21/02/2018 10:11:38,116992065,18,0,576,0,32,32,32.0,0.0,0,0,0.0,0.0,4.923410831,0.153856588,6881886.176,3608613.78,15100000,1975772,117000000,6881886.176,3608613.78,15100000,1975772,0,0.0,0.0,0,0,0,0,0,0,144,0,0.153856588,0.0,32,32,32.0,0.0,0.0,0,0,0,0,0,0,0,0,0,33.77777778,32.0,0.0,0,0,0,0,0,0,18,576,0,0,-1,-1,17,8,2989937.5,1393964.145,3975619,2004256,8156314.308,3054054.797,15100000,5040009,Benign
80,17,21/02/2018 10:11:30,115004741,15,0,480,0,32,32,32.0,0.0,0,0,0.0,0.0,4.173740976,0.130429406,8214624.357,7372437.847,29000000,2999927,115000000,8214624.357,7372437.847,29000000,2999927,0,0.0,0.0,0,0,0,0,0,0,120,0,0.130429406,0.0,32,32,32.0,0.0,0.0,0,0,0,0,0,0,0,0,0,34.13333333,32.0,0.0,0,0,0,0,0,0,15,480,0,0,-1,-1,14,8,7334666.333,5131114.002,13000000,2999927,13300000.0,7590483.045,29000000,7007963,Benign
80,17,21/02/2018 10:11:31,113996052,9,0,288,0,32,32,32.0,0.0,0,0,0.0,0.0,2.526403283,0.078950103,14200000.0,13700000.0,39100000,980055,114000000,14200000.0,13700000.0,39100000,980055,0,0.0,0.0,0,0,0,0,0,0,72,0,0.078950103,0.0,32,32,32.0,0.0,0.0,0,0,0,0,0,0,0,0,0,35.55555556,32.0,0.0,0,0,0,0,0,0,9,288,0,0,-1,-1,8,8,1309348.333,563582.8155,1960102,980055,22000000.0,11200000.0,39100000,10000000,Benign
80,17,21/02/2018 10:11:40,119851621,123154,0,3940928,0,32,32,32.0,0.0,0,0,0.0,0.0,32881.72465,1027.553895,973.1928658,20141.96835,1120747,0,120000000,973.1928658,20141.96835,1120747,0,0,0.0,0.0,0,0,0,0,0,0,985232,0,1027.553895,0.0,32,32,32.0,0.0,0.0,0,0,0,0,0,0,0,0,0,32.00025984,32.0,0.0,0,0,0,0,0,0,123154,3940928,0,0,-1,-1,123153,8,0.0,0.0,0,0,0.0,0.0,0,0,DDOS attack-LOIC-UDP
80,17,21/02/2018 10:11:40,114999577,11,0,352,0,32,32,32.0,0.0,0,0,0.0,0.0,3.060880824,0.095652526,11500000.0,7947384.629,28000000,4039997,115000000,11500000.0,7947384.629,28000000,4039997,0,0.0,0.0,0,0,0,0,0,0,88,0,0.095652526,0.0,32,32,32.0,0.0,0.0,0,0,0,0,0,0,0,0,0,34.90909091,32.0,0.0,0,0,0,0,0,0,11,352,0,0,-1,-1,10,8,4509969.0,664640.7763,4979941,4039997,13200000.0,7980840.446,28000000,5004029,Benign
80,17,21/02/2018 10:11:40,111988055,14,0,448,0,32,32,32.0,0.0,0,0,0.0,0.0,4.000426653,0.125013333,8614465.769,7851035.963,30000000,979931,112000000,8614465.769,7851035.963,30000000,979931,0,0.0,0.0,0,0,0,0,0,0,112,0,0.125013333,0.0,32,32,32.0,0.0,0.0,0,0,0,0,0,0,0,0,0,34.28571429,32.0,0.0,0,0,0,0,0,0,14,448,0,0,-1,-1,13,8,2330685.333,2304920.074,4992077,979931,11700000.0,7620062.107,30000000,6992057,Benign
80,17,21/02/2018 10:11:34,118979666,16,0,512,0,32,32,32.0,0.0,0,0,0.0,0.0,4.303256323,0.13447676,7931977.733,5830094.422,18000000,1000037,119000000,7931977.733,5830094.422,18000000,1000037,0,0.0,0.0,0,0,0,0,0,0,128,0,0.13447676,0.0,32,32,32.0,0.0,0.0,0,0,0,0,0,0,0,0,0,34.0,32.0,0.0,0,0,0,0,0,0,16,512,0,0,-1,-1,15,8,2799075.0,1302381.925,4008063,1000037,11700000.0,4430215.418,18000000,6020374,Benign
80,17,21/02/2018 10:11:41,115020039,14,0,448,0,32,32,32.0,0.0,0,0,0.0,0.0,3.894973466,0.121717921,8847695.308,7070998.043,26000000,983904,115000000,8847695.308,7070998.043,26000000,983904,0,0.0,0.0,0,0,0,0,0,0,112,0,0.121717921,0.0,32,32,32.0,0.0,0.0,0,0,0,0,0,0,0,0,0,34.28571429,32.0,0.0,0,0,0,0,0,0,14,448,0,0,-1,-1,13,8,6485984.0,2146746.489,8003963,4968005,12100000.0,7179384.566,26000000,5004777,Benign
80,17,21/02/2018 10:11:41,119914188,108188,0,3462016,0,32,32,32.0,0.0,0,0,0.0,0.0,28870.77883,902.2118384,1108.397386,21534.13961,1170150,0,120000000,1108.397386,21534.13961,1170150,0,0,0.0,0.0,0,0,0,0,0,0,865504,0,902.2118384,0.0,32,32,32.0,0.0,0.0,0,0,0,0,0,0,0,0,0,32.00029578,32.0,0.0,0,0,0,0,0,0,108188,3462016,0,0,-1,-1,108187,8,0.0,0.0,0,0,0.0,0.0,0,0,DDOS attack-LOIC-UDP
80,17,21/02/2018 10:11:30,68999996,7,0,224,0,32,32,32.0,0.0,0,0,0.0,0.0,3.246377,0.101449281,11500000.0,7771850.638,24000000,2015981,69000000,11500000.0,7771850.638,24000000,2015981,0,0.0,0.0,0,0,0,0,0,0,56,0,0.101449281,0.0,32,32,32.0,0.0,0.0,0,0,0,0,0,0,0,0,0,36.57142857,32.0,0.0,0,0,0,0,0,0,7,224,0,0,-1,-1,6,8,3499992.5,2098709.19,4984004,2015981,15500000.0,5933054.397,24000000,11000000,Benign
80,17,21/02/2018 10:11:42,119512256,123725,0,3959200,0,32,32,32.0,0.0,0,0,0.0,0.0,33127.98313,1035.249473,965.9585529,20076.24909,1167078,0,120000000,965.9585529,20076.24909,1167078,0,0,0.0,0.0,0,0,0,0,0,0,989800,0,1035.249473,0.0,32,32,32.0,0.0,0.0,0,0,0,0,0,0,0,0,0,32.00025864,32.0,0.0,0,0,0,0,0,0,123725,3959200,0,0,-1,-1,123724,8,0.0,0.0,0,0,0.0,0.0,0,0,DDOS attack-LOIC-UDP
80,17,21/02/2018 10:11:41,116994945,10,0,320,0,32,32,32.0,0.0,0,0,0.0,0.0,2.735160908,0.085473778,13000000.0,8711106.408,29000000,1000060,117000000,13000000.0,8711106.408,29000000,1000060,0,0.0,0.0,0,0,0,0,0,0,80,0,0.085473778,0.0,32,32,32.0,0.0,0.0,0,0,0,0,0,0,0,0,0,35.2,32.0,0.0,0,0,0,0,0,0,10,320,0,0,-1,-1,9,8,2484073.0,2098711.311,3968086,1000060,16000000.0,7283910.06,29000000,7988210,Benign
80,17,21/02/2018 10:11:40,112967933,14,0,448,0,32,32,32.0,0.0,0,0,0.0,0.0,3.965727159,0.123928974,8689841.0,7629118.421,28000000,1992044,113000000,8689841.0,7629118.421,28000000,1992044,0,0.0,0.0,0,0,0,0,0,0,112,0,0.123928974,0.0,32,32,32.0,0.0,0.0,0,0,0,0,0,0,0,0,0,34.28571429,32.0,0.0,0,0,0,0,0,0,14,448,0,0,-1,-1,13,8,6333800.667,1172520.661,7021446,4979947,13400000.0,7657400.345,28000000,5999980,Benign
80,17,21/02/2018 10:11:42,109015643,13,0,416,0,32,32,32.0,0.0,0,0,0.0,0.0,3.815966118,0.119248941,9084636.917,5628071.741,20000000,1975995,109000000,9084636.917,5628071.741,20000000,1975995,0,0.0,0.0,0,0,0,0,0,0,104,0,0.119248941,0.0,32,32,32.0,0.0,0.0,0,0,0,0,0,0,0,0,0,34.46153846,32.0,0.0,0,0,0,0,0,0,13,416,0,0,-1,-1,12,8,2663600.667,1163674.447,4007172,1975995,11200000.0,4753945.785,20000000,5032026,Benign
80,17,21/02/2018 10:11:43,119886165,110236,0,3527552,0,32,32,32.0,0.0,0,0,0.0,0.0,29424.17918,919.5055993,1087.550823,21384.63331,1171379,0,120000000,1087.550823,21384.63331,1171379,0,0,0.0,0.0,0,0,0,0,0,0,881888,0,919.5055993,0.0,32,32,32.0,0.0,0.0,0,0,0,0,0,0,0,0,0,32.00029029,32.0,0.0,0,0,0,0,0,0,110236,3527552,0,0,-1,-1,110235,8,0.0,0.0,0,0,0.0,0.0,0,0,DDOS attack-LOIC-UDP
80,17,21/02/2018 10:11:44,119789476,124051,0,3969632,0,32,32,32.0,0.0,0,0,0.0,0.0,33138.40358,1035.575112,965.6547844,20130.13335,1142084,0,120000000,965.6547844,20130.13335,1142084,0,0,0.0,0.0,0,0,0,0,0,0,992408,0,1035.575112,0.0,32,32,32.0,0.0,0.0,0,0,0,0,0,0,0,0,0,32.00025796,32.0,0.0,0,0,0,0,0,0,124051,3969632,0,0,-1,-1,124050,8,0.0,0.0,0,0,0.0,0.0,0,0,DDOS attack-LOIC-UDP
80,17,21/02/2018 10:11:23,103982462,11,0,352,0,32,32,32.0,0.0,0,0,0.0,0.0,3.385186244,0.10578707,10400000.0,6432665.918,23000000,1999992,104000000,10400000.0,6432665.918,23000000,1999992,0,0.0,0.0,0,0,0,0,0,0,88,0,0.10578707,0.0,32,32,32.0,0.0,0.0,0,0,0,0,0,0,0,0,0,34.90909091,32.0,0.0,0,0,0,0,0,0,11,352,0,0,-1,-1,10,8,0.0,0.0,0,0,11300000.0,6062644.867,23000000,5007954,Benign
80,17,21/02/2018 10:11:40,107999962,8,0,256,0,32,32,32.0,0.0,0,0,0.0,0.0,2.370371204,0.0740741,15400000.0,16000000.0,45000000,2004112,108000000,15400000.0,16000000.0,45000000,2004112,0,0.0,0.0,0,0,0,0,0,0,64,0,0.0740741,0.0,32,32,32.0,0.0,0.0,0,0,0,0,0,0,0,0,0,36.0,32.0,0.0,0,0,0,0,0,0,8,256,0,0,-1,-1,7,8,3009964.0,1400041.728,3999943,2019985,25000000.0,15100000.0,45000000,8992033,Benign
80,17,21/02/2018 10:11:42,110035868,11,0,352,0,32,32,32.0,0.0,0,0,0.0,0.0,3.198956907,0.099967403,11000000.0,9925917.468,38000000,4959938,110000000,11000000.0,9925917.468,38000000,4959938,0,0.0,0.0,0,0,0,0,0,0,88,0,0.099967403,0.0,32,32,32.0,0.0,0.0,0,0,0,0,0,0,0,0,0,34.90909091,32.0,0.0,0,0,0,0,0,0,11,352,0,0,-1,-1,10,8,4977297.667,16218.87266,4992063,4959938,13600000.0,11000000.0,38000000,5972096,Benign
80,17,21/02/2018 10:11:40,117995783,11,0,352,0,32,32,32.0,0.0,0,0,0.0,0.0,2.983157457,0.093223671,11800000.0,7082833.509,26000000,4015772,118000000,11800000.0,7082833.509,26000000,4015772,0,0.0,0.0,0,0,0,0,0,0,88,0,0.093223671,0.0,32,32,32.0,0.0,0.0,0,0,0,0,0,0,0,0,0,34.90909091,32.0,0.0,0,0,0,0,0,0,11,352,0,0,-1,-1,10,8,9001211.0,0.0,9001211,9001211,13600000.0,6738388.296,26000000,6004060,Benign
80,17,21/02/2018 10:11:24,97992052,14,0,448,0,32,32,32.0,0.0,0,0,0.0,0.0,4.571799354,0.14286873,7537850.154,6530260.21,21000000,1999905,98000000,7537850.154,6530260.21,21000000,1999905,0,0.0,0.0,0,0,0,0,0,0,112,0,0.14286873,0.0,32,32,32.0,0.0,0.0,0,0,0,0,0,0,0,0,0,34.28571429,32.0,0.0,0,0,0,0,0,0,14,448,0,0,-1,-1,13,8,4341852.333,1524809.996,5999945,2999881,12100000.0,5626562.536,21000000,6004031,Benign
80,17,21/02/2018 10:11:38,115036039,15,0,480,0,32,32,32.0,0.0,0,0,0.0,0.0,4.172605422,0.130393919,8216859.929,4431108.039,17000000,960009,115000000,8216859.929,4431108.039,17000000,960009,0,0.0,0.0,0,0,0,0,0,0,120,0,0.130393919,0.0,32,32,32.0,0.0,0.0,0,0,0,0,0,0,0,0,0,34.13333333,32.0,0.0,0,0,0,0,0,0,15,480,0,0,-1,-1,14,8,3646582.0,2326641.317,4991857,960009,9463299.364,4057989.345,17000000,5000104,Benign
80,17,21/02/2018 10:11:43,96907842,15,0,480,0,32,32,32.0,0.0,0,0,0.0,0.0,4.953159518,0.154786235,6921988.714,4430485.728,14000000,907835,96900000,6921988.714,4430485.728,14000000,907835,0,0.0,0.0,0,0,0,0,0,0,120,0,0.154786235,0.0,32,32,32.0,0.0,0.0,0,0,0,0,0,0,0,0,0,34.13333333,32.0,0.0,0,0,0,0,0,0,15,480,0,0,-1,-1,14,8,2322648.0,1600654.435,4060017,907835,9550213.111,3038900.133,14000000,5024042,Benign
80,17,21/02/2018 10:11:48,119995937,12,0,384,0,32,32,32.0,0.0,0,0,0.0,0.0,3.20010835,0.100003386,10900000.0,8012244.383,23000000,1979935,120000000,10900000.0,8012244.383,23000000,1979935,0,0.0,0.0,0,0,0,0,0,0,96,0,0.100003386,0.0,32,32,32.0,0.0,0.0,0,0,0,0,0,0,0,0,0,34.66666667,32.0,0.0,0,0,0,0,0,0,12,384,0,0,-1,-1,11,8,5013992.0,1400111.025,6004020,4023964,15700000.0,5703643.462,23000000,9995883,Benign
80,17,21/02/2018 10:11:38,116999986,11,0,352,0,32,32,32.0,0.0,0,0,0.0,0.0,3.008547369,0.094017105,11700000.0,8746159.25,30000000,963972,117000000,11700000.0,8746159.25,30000000,963972,0,0.0,0.0,0,0,0,0,0,0,88,0,0.094017105,0.0,32,32,32.0,0.0,0.0,0,0,0,0,0,0,0,0,0,34.90909091,32.0,0.0,0,0,0,0,0,0,11,352,0,0,-1,-1,10,8,2016112.0,1465156.363,3052134,980090,16000000.0,6506801.117,30000000,10000000,Benign
80,17,21/02/2018 10:11:39,115012019,12,0,384,0,32,32,32.0,0.0,0,0,0.0,0.0,3.338781489,0.104336922,10500000.0,4796905.471,19000000,4924152,115000000,10500000.0,4796905.471,19000000,4924152,0,0.0,0.0,0,0,0,0,0,0,96,0,0.104336922,0.0,32,32,32.0,0.0,0.0,0,0,0,0,0,0,0,0,0,34.66666667,32.0,0.0,0,0,0,0,0,0,12,384,0,0,-1,-1,11,8,4954108.5,42364.88858,4984065,4924152,11700000.0,4417516.935,19000000,5019981,Benign
80,17,21/02/2018 10:11:41,115007888,14,0,448,0,32,32,32.0,0.0,0,0,0.0,0.0,3.895384984,0.121730781,8846760.615,5472862.46,19000000,1000017,115000000,8846760.615,5472862.46,19000000,1000017,0,0.0,0.0,0,0,0,0,0,0,112,0,0.121730781,0.0,32,32,32.0,0.0,0.0,0,0,0,0,0,0,0,0,0,34.28571429,32.0,0.0,0,0,0,0,0,0,14,448,0,0,-1,-1,13,8,3501957.5,704223.9068,3999919,3003996,10800000.0,4587093.002,19000000,5023958,Benign
80,17,21/02/2018 10:11:36,103015758,7,0,224,0,32,32,32.0,0.0,0,0,0.0,0.0,2.174424616,0.067950769,17200000.0,8877685.401,27000000,6027794,103000000,17200000.0,8877685.401,27000000,6027794,0,0.0,0.0,0,0,0,0,0,0,56,0,0.067950769,0.0,32,32,32.0,0.0,0.0,0,0,0,0,0,0,0,0,0,36.57142857,32.0,0.0,0,0,0,0,0,0,7,224,0,0,-1,-1,6,8,0.0,0.0,0,0,17200000.0,8877685.401,27000000,6027794,Benign
80,17,21/02/2018 10:11:43,103988021,11,0,352,0,32,32,32.0,0.0,0,0,0.0,0.0,3.385005279,0.105781415,10400000.0,7953360.244,27000000,960014,104000000,10400000.0,7953360.244,27000000,960014,0,0.0,0.0,0,0,0,0,0,0,88,0,0.105781415,0.0,32,32,32.0,0.0,0.0,0,0,0,0,0,0,0,0,0,34.90909091,32.0,0.0,0,0,0,0,0,0,11,352,0,0,-1,-1,10,8,1020257.0,0.0,1020257,1020257,12800000.0,7050776.249,27000000,7000108,Benign
80,17,21/02/2018 10:11:55,113028141,15,0,480,0,32,32,32.0,0.0,0,0,0.0,0.0,4.246730025,0.132710313,8073438.643,6757560.11,22000000,1984073,113000000,8073438.643,6757560.11,22000000,1984073,0,0.0,0.0,0,0,0,0,0,0,120,0,0.132710313,0.0,32,32,32.0,0.0,0.0,0,0,0,0,0,0,0,0,0,34.13333333,32.0,0.0,0,0,0,0,0,0,15,480,0,0,-1,-1,14,8,4495006.0,1731665.551,6995968,2999979,11900000.0,6750758.979,22000000,5007923,Benign
80,17,21/02/2018 10:11:54,114008064,18,0,576,0,32,32,32.0,0.0,0,0,0.0,0.0,5.052274197,0.157883569,6706356.706,5732762.16,19000000,979947,114000000,6706356.706,5732762.16,19000000,979947,0,0.0,0.0,0,0,0,0,0,0,144,0,0.157883569,0.0,32,32,32.0,0.0,0.0,0,0,0,0,0,0,0,0,0,33.77777778,32.0,0.0,0,0,0,0,0,0,18,576,0,0,-1,-1,17,8,2244857.25,965958.3456,3008043,980088,10400000.0,4597513.689,19000000,5987980,Benign
80,17,21/02/2018 10:11:52,98011927,16,0,512,0,32,32,32.0,0.0,0,0,0.0,0.0,5.223854032,0.163245438,6534128.467,4223476.531,17000000,3003870,98000000,6534128.467,4223476.531,17000000,3003870,0,0.0,0.0,0,0,0,0,0,0,128,0,0.163245438,0.0,32,32,32.0,0.0,0.0,0,0,0,0,0,0,0,0,0,34.0,32.0,0.0,0,0,0,0,0,0,16,512,0,0,-1,-1,15,8,9006012.75,5347522.788,16000000,3003870,10300000.0,4550814.294,17000000,6003994,Benign
80,17,21/02/2018 10:11:45,104983753,12,0,384,0,32,32,32.0,0.0,0,0,0.0,0.0,3.657708827,0.114303401,9543977.545,7969114.562,30000000,999958,105000000,9543977.545,7969114.562,30000000,999958,0,0.0,0.0,0,0,0,0,0,0,96,0,0.114303401,0.0,32,32,32.0,0.0,0.0,0,0,0,0,0,0,0,0,0,34.66666667,32.0,0.0,0,0,0,0,0,0,12,384,0,0,-1,-1,11,8,4999986.0,0.0,4999986,4999986,11100000.0,7978720.944,30000000,5001773,Benign
80,17,21/02/2018 10:11:38,113035931,14,0,448,0,32,32,32.0,0.0,0,0,0.0,0.0,3.963341533,0.123854423,8695071.615,7084709.664,25000000,999960,113000000,8695071.615,7084709.664,25000000,999960,0,0.0,0.0,0,0,0,0,0,0,112,0,0.123854423,0.0,32,32,32.0,0.0,0.0,0,0,0,0,0,0,0,0,0,34.28571429,32.0,0.0,0,0,0,0,0,0,14,448,0,0,-1,-1,13,8,6259153.25,6657643.053,16000000,999960,14700000.0,6280645.293,25000000,6000050,Benign
80,17,21/02/2018 10:11:06,116991297,15,0,480,0,32,32,32.0,0.0,0,0,0.0,0.0,4.102869293,0.128214665,8356521.214,7929896.531,29000000,1996895,117000000,8356521.214,7929896.531,29000000,1996895,0,0.0,0.0,0,0,0,0,0,0,120,0,0.128214665,0.0,32,32,32.0,0.0,0.0,0,0,0,0,0,0,0,0,0,34.13333333,32.0,0.0,0,0,0,0,0,0,15,480,0,0,-1,-1,14,8,4325669.667,3219888.872,8000095,1996895,13000000.0,7689349.088,29000000,6029028,Benign
80,17,21/02/2018 10:11:58,119008062,11,0,352,0,32,32,32.0,0.0,0,0,0.0,0.0,2.95778281,0.092430713,11900000.0,7180599.682,23000000,3999950,119000000,11900000.0,7180599.682,23000000,3999950,0,0.0,0.0,0,0,0,0,0,0,88,0,0.092430713,0.0,32,32,32.0,0.0,0.0,0,0,0,0,0,0,0,0,0,34.90909091,32.0,0.0,0,0,0,0,0,0,11,352,0,0,-1,-1,10,8,4010033.5,14260.22246,4020117,3999950,13900000.0,6637428.163,23000000,5043873,Benign
80,17,21/02/2018 10:11:58,118987955,12,0,384,0,32,32,32.0,0.0,0,0,0.0,0.0,3.22721741,0.100850544,10800000.0,5551477.495,24000000,4968007,119000000,10800000.0,5551477.495,24000000,4968007,0,0.0,0.0,0,0,0,0,0,0,96,0,0.100850544,0.0,32,32,32.0,0.0,0.0,0,0,0,0,0,0,0,0,0,34.66666667,32.0,0.0,0,0,0,0,0,0,12,384,0,0,-1,-1,11,8,4983970.667,15962.00026,4999931,4968007,13000000.0,4896564.139,24000000,8991895,Benign
80,17,21/02/2018 10:12:01,119949937,115313,0,3690016,0,32,32,32.0,0.0,0,0,0.0,0.0,30762.96739,961.3427308,1040.220766,20288.68695,645800,0,120000000,1040.220766,20288.68695,645800,0,0,0.0,0.0,0,0,0,0,0,0,922504,0,961.3427308,0.0,32,32,32.0,0.0,0.0,0,0,0,0,0,0,0,0,0,32.00027751,32.0,0.0,0,0,0,0,0,0,115313,3690016,0,0,-1,-1,115312,8,0.0,0.0,0,0,0.0,0.0,0,0,DDOS attack-LOIC-UDP
80,17,21/02/2018 10:12:02,119430873,123902,0,3964864,0,32,32,32.0,0.0,0,0,0.0,0.0,33197.98223,1037.436945,963.9217843,19519.78386,641991,0,119000000,963.9217843,19519.78386,641991,0,0,0.0,0.0,0,0,0,0,0,0,991216,0,1037.436945,0.0,32,32,32.0,0.0,0.0,0,0,0,0,0,0,0,0,0,32.00025827,32.0,0.0,0,0,0,0,0,0,123902,3964864,0,0,-1,-1,123901,8,0.0,0.0,0,0,0.0,0.0,0,0,DDOS attack-LOIC-UDP
80,17,21/02/2018 10:12:03,119865423,123166,0,3941312,0,32,32,32.0,0.0,0,0,0.0,0.0,32881.14205,1027.535689,973.2101084,19682.4556,691502,1,120000000,973.2101084,19682.4556,691502,1,0,0.0,0.0,0,0,0,0,0,0,985328,0,1027.535689,0.0,32,32,32.0,0.0,0.0,0,0,0,0,0,0,0,0,0,32.00025981,32.0,0.0,0,0,0,0,0,0,123166,3941312,0,0,-1,-1,123165,8,0.0,0.0,0,0,0.0,0.0,0,0,DDOS attack-LOIC-UDP
80,17,21/02/2018 10:12:04,119999957,128497,0,4111904,0,32,32,32.0,0.0,0,0,0.0,0.0,34265.87895,1070.808717,933.8808757,19306.8256,696784,0,120000000,933.8808757,19306.8256,696784,0,0,0.0,0.0,0,0,0,0,0,0,1027976,0,1070.808717,0.0,32,32,32.0,0.0,0.0,0,0,0,0,0,0,0,0,0,32.00024903,32.0,0.0,0,0,0,0,0,0,128497,4111904,0,0,-1,-1,128496,8,0.0,0.0,0,0,0.0,0.0,0,0,DDOS attack-LOIC-UDP
80,17,21/02/2018 10:12:01,108987953,15,0,480,0,32,32,32.0,0.0,0,0,0.0,0.0,4.404156485,0.13762989,7784853.786,5347764.789,24000000,999966,109000000,7784853.786,5347764.789,24000000,999966,0,0.0,0.0,0,0,0,0,0,0,120,0,0.13762989,0.0,32,32,32.0,0.0,0.0,0,0,0,0,0,0,0,0,0,34.13333333,32.0,0.0,0,0,0,0,0,0,15,480,0,0,-1,-1,14,8,3964277.75,1976362.265,4979977,999966,9313084.2,5560990.487,24000000,5004091,Benign
80,17,21/02/2018 10:12:05,119935066,114258,0,3656256,0,32,32,32.0,0.0,0,0,0.0,0.0,30485.2961,952.6655032,1049.695564,20517.73344,695077,0,120000000,1049.695564,20517.73344,695077,0,0,0.0,0.0,0,0,0,0,0,0,914064,0,952.6655032,0.0,32,32,32.0,0.0,0.0,0,0,0,0,0,0,0,0,0,32.00028007,32.0,0.0,0,0,0,0,0,0,114258,3656256,0,0,-1,-1,114257,8,0.0,0.0,0,0,0.0,0.0,0,0,DDOS attack-LOIC-UDP
500,17,21/02/2018 10:11:25,7157751,2,0,1000,0,500,500,500.0,0.0,0,0,0.0,0.0,139.7086878,0.279417376,7157751.0,0.0,7157751,7157751,7157751,7157751.0,0.0,7157751,7157751,0,0.0,0.0,0,0,0,0,0,0,16,0,0.279417376,0.0,500,500,500.0,0.0,0.0,0,0,0,0,0,0,0,0,0,750.0,500.0,0.0,0,0,0,0,0,0,2,1000,0,0,-1,-1,1,8,0.0,0.0,0,0,7157751.0,0.0,7157751,7157751,Benign
80,17,21/02/2018 10:12:06,119986207,128446,0,4110272,0,32,32,32.0,0.0,0,0,0.0,0.0,34256.20413,1070.506379,934.14463,19342.98865,708979,0,120000000,934.14463,19342.98865,708979,0,0,0.0,0.0,0,0,0,0,0,0,1027568,0,1070.506379,0.0,32,32,32.0,0.0,0.0,0,0,0,0,0,0,0,0,0,32.00024913,32.0,0.0,0,0,0,0,0,0,128446,4110272,0,0,-1,-1,128445,8,0.0,0.0,0,0,0.0,0.0,0,0,DDOS attack-LOIC-UDP
80,17,21/02/2018 10:11:52,119952907,13,0,416,0,32,32,32.0,0.0,0,0,0.0,0.0,3.468027665,0.108375865,9996075.583,6176263.923,25000000,3999984,120000000,9996075.583,6176263.923,25000000,3999984,0,0.0,0.0,0,0,0,0,0,0,104,0,0.108375865,0.0,32,32,32.0,0.0,0.0,0,0,0,0,0,0,0,0,0,34.46153846,32.0,0.0,0,0,0,0,0,0,13,416,0,0,-1,-1,12,8,4658618.333,570452.1224,4996074,3999984,11800000.0,6174584.659,25000000,5004056,Benign
80,17,21/02/2018 10:12:07,119994235,113632,0,3636224,0,32,32,32.0,0.0,0,0,0.0,0.0,30303.32249,946.9788278,1055.999111,20566.60559,706492,0,120000000,1055.999111,20566.60559,706492,0,0,0.0,0.0,0,0,0,0,0,0,909056,0,946.9788278,0.0,32,32,32.0,0.0,0.0,0,0,0,0,0,0,0,0,0,32.00028161,32.0,0.0,0,0,0,0,0,0,113632,3636224,0,0,-1,-1,113631,8,0.0,0.0,0,0,0.0,0.0,0,0,DDOS attack-LOIC-UDP
80,17,21/02/2018 10:11:43,85011856,8,0,256,0,32,32,32.0,0.0,0,0,0.0,0.0,3.011344676,0.094104521,12100000.0,10600000.0,31000000,4003892,85000000,12100000.0,10600000.0,31000000,4003892,0,0.0,0.0,0,0,0,0,0,0,64,0,0.094104521,0.0,32,32,32.0,0.0,0.0,0,0,0,0,0,0,0,0,0,36.0,32.0,0.0,0,0,0,0,0,0,8,256,0,0,-1,-1,7,8,8007990.0,0.0,8007990,8007990,15400000.0,11100000.0,31000000,5011970,Benign
80,17,21/02/2018 10:12:08,119999878,117803,0,3769696,0,32,32,32.0,0.0,0,0,0.0,0.0,31414.16527,981.6926647,1018.657391,20224.63868,696165,0,120000000,1018.657391,20224.63868,696165,0,0,0.0,0.0,0,0,0,0,0,0,942424,0,981.6926647,0.0,32,32,32.0,0.0,0.0,0,0,0,0,0,0,0,0,0,32.00027164,32.0,0.0,0,0,0,0,0,0,117803,3769696,0,0,-1,-1,117802,8,0.0,0.0,0,0,0.0,0.0,0,0,DDOS attack-LOIC-UDP
80,17,21/02/2018 10:11:51,114027936,16,0,512,0,32,32,32.0,0.0,0,0,0.0,0.0,4.490127753,0.140316492,7601862.4,4983791.31,18000000,1980300,114000000,7601862.4,4983791.31,18000000,1980300,0,0.0,0.0,0,0,0,0,0,0,128,0,0.140316492,0.0,32,32,32.0,0.0,0.0,0,0,0,0,0,0,0,0,0,34.0,32.0,0.0,0,0,0,0,0,0,16,512,0,0,-1,-1,15,8,3996002.333,2004041.279,6007944,1999956,10800000.0,3725537.726,18000000,5020129,Benign
80,17,21/02/2018 10:12:09,119999912,123631,0,3956192,0,32,32,32.0,0.0,0,0,0.0,0.0,32968.29084,1030.259089,970.6374828,19722.68713,710395,0,120000000,970.6374828,19722.68713,710395,0,0,0.0,0.0,0,0,0,0,0,0,989048,0,1030.259089,0.0,32,32,32.0,0.0,0.0,0,0,0,0,0,0,0,0,0,32.00025883,32.0,0.0,0,0,0,0,0,0,123631,3956192,0,0,-1,-1,123630,8,0.0,0.0,0,0,0.0,0.0,0,0,DDOS attack-LOIC-UDP
80,17,21/02/2018 10:12:10,119999793,113893,0,3644576,0,32,32,32.0,0.0,0,0,0.0,0.0,30371.51906,949.1099705,1053.627937,20566.84957,693950,0,120000000,1053.627937,20566.84957,693950,0,0,0.0,0.0,0,0,0,0,0,0,911144,0,949.1099705,0.0,32,32,32.0,0.0,0.0,0,0,0,0,0,0,0,0,0,32.00028097,32.0,0.0,0,0,0,0,0,0,113893,3644576,0,0,-1,-1,113892,8,0.0,0.0,0,0,0.0,0.0,0,0,DDOS attack-LOIC-UDP
80,17,21/02/2018 10:12:03,112991978,14,0,448,0,32,32,32.0,0.0,0,0,0.0,0.0,3.964883242,0.123902601,8691690.615,7242705.291,24000000,2039967,113000000,8691690.615,7242705.291,24000000,2039967,0,0.0,0.0,0,0,0,0,0,0,112,0,0.123902601,0.0,32,32,32.0,0.0,0.0,0,0,0,0,0,0,0,0,0,34.28571429,32.0,0.0,0,0,0,0,0,0,14,448,0,0,-1,-1,13,8,7992009.667,4564229.84,13000000,4000069,12700000.0,7937761.232,24000000,5987923,Benign
80,17,21/02/2018 10:11:55,118995991,12,0,384,0,32,32,32.0,0.0,0,0,0.0,0.0,3.226999471,0.100843733,10800000.0,10600000.0,39000000,1004033,119000000,10800000.0,10600000.0,39000000,1004033,0,0.0,0.0,0,0,0,0,0,0,96,0,0.100843733,0.0,32,32,32.0,0.0,0.0,0,0,0,0,0,0,0,0,0,34.66666667,32.0,0.0,0,0,0,0,0,0,12,384,0,0,-1,-1,11,8,1496002.0,695749.2321,1987971,1004033,14300000.0,10600000.0,39000000,5004044,Benign
80,17,21/02/2018 10:12:11,112999988,11,0,352,0,32,32,32.0,0.0,0,0,0.0,0.0,3.115044579,0.097345143,11300000.0,9517326.532,26000000,959929,113000000,11300000.0,9517326.532,26000000,959929,0,0.0,0.0,0,0,0,0,0,0,88,0,0.097345143,0.0,32,32,32.0,0.0,0.0,0,0,0,0,0,0,0,0,0,34.90909091,32.0,0.0,0,0,0,0,0,0,11,352,0,0,-1,-1,10,8,1738001.5,1516066.348,4011968,959929,17700000.0,6305154.795,26000000,7019983,Benign
80,17,21/02/2018 10:11:56,98991995,11,0,352,0,32,32,32.0,0.0,0,0,0.0,0.0,3.555843076,0.111120096,9899199.5,6740886.448,24000000,991949,99000000,9899199.5,6740886.448,24000000,991949,0,0.0,0.0,0,0,0,0,0,0,88,0,0.111120096,0.0,32,32,32.0,0.0,0.0,0,0,0,0,0,0,0,0,0,34.90909091,32.0,0.0,0,0,0,0,0,0,11,352,0,0,-1,-1,10,8,4999946.0,0.0,4999946,4999946,12700000.0,5992781.578,24000000,6012090,Benign
80,17,21/02/2018 10:12:12,114980095,17,0,544,0,32,32,32.0,0.0,0,0,0.0,0.0,4.731253701,0.147851678,7186255.938,5751940.141,19000000,999951,115000000,7186255.938,5751940.141,19000000,999951,0,0.0,0.0,0,0,0,0,0,0,136,0,0.147851678,0.0,32,32,32.0,0.0,0.0,0,0,0,0,0,0,0,0,0,33.88235294,32.0,0.0,0,0,0,0,0,0,17,544,0,0,-1,-1,16,8,6660006.0,4499211.68,11000000,2004012,10600000.0,5544825.806,19000000,5000062,Benign
20388,6,21/02/2018 10:12:04,35389307,15,7,1440,1264,528,0,96.0,151.9097476,536,0,180.5714286,244.485076,76.40726053,0.621656706,1685205.095,6222134.085,28700000,10,35400000,2527807.643,7592952.197,28800000,98,34300000,5714416.5,11300000.0,28700000,84474,1,0,0,0,456,152,0.423856845,0.197799861,0,536,120.3478261,180.8019028,32689.32806,0,1,0,0,1,0,0,0,0,125.8181818,96.0,180.5714286,0,0,0,0,0,0,15,1440,7,1264,256,256,9,20,6645551.0,0.0,6645551,6645551,28700000.0,0.0,28700000,28700000,Benign
80,17,21/02/2018 10:12:10,114006124,13,0,416,0,32,32,32.0,0.0,0,0,0.0,0.0,3.648926789,0.114028962,9500510.333,9947819.423,33000000,1999736,114000000,9500510.333,9947819.423,33000000,1999736,0,0.0,0.0,0,0,0,0,0,0,104,0,0.114028962,0.0,32,32,32.0,0.0,0.0,0,0,0,0,0,0,0,0,0,34.46153846,32.0,0.0,0,0,0,0,0,0,13,416,0,0,-1,-1,12,8,2659883.333,1143252.841,3979998,1999736,11800000.0,10600000.0,33000000,5004008,Benign
80,17,21/02/2018 10:12:28,115996021,15,0,480,0,32,32,32.0,0.0,0,0,0.0,0.0,4.138072978,0.129314781,8285430.071,5509333.16,17000000,987576,116000000,8285430.071,5509333.16,17000000,987576,0,0.0,0.0,0,0,0,0,0,0,120,0,0.129314781,0.0,32,32,32.0,0.0,0.0,0,0,0,0,0,0,0,0,0,34.13333333,32.0,0.0,0,0,0,0,0,0,15,480,0,0,-1,-1,14,8,3335814.0,4039242.516,7999892,987576,10600000.0,4693825.251,17000000,5003991,Benign
80,17,21/02/2018 10:12:30,116996314,13,0,416,0,32,32,32.0,0.0,0,0,0.0,0.0,3.555667574,0.111114612,9749692.833,6000670.046,20000000,3995975,117000000,9749692.833,6000670.046,20000000,3995975,0,0.0,0.0,0,0,0,0,0,0,104,0,0.111114612,0.0,32,32,32.0,0.0,0.0,0,0,0,0,0,0,0,0,0,34.46153846,32.0,0.0,0,0,0,0,0,0,13,416,0,0,-1,-1,12,8,8495912.5,4955465.841,12000000,4991869,12500000.0,5525730.87,20000000,5007158,Benign
80,17,21/02/2018 10:12:21,109959997,12,0,384,0,32,32,32.0,0.0,0,0,0.0,0.0,3.492179069,0.109130596,9996363.364,6153671.782,22000000,1010132,110000000,9996363.364,6153671.782,22000000,1010132,0,0.0,0.0,0,0,0,0,0,0,96,0,0.109130596,0.0,32,32,32.0,0.0,0.0,0,0,0,0,0,0,0,0,0,34.66666667,32.0,0.0,0,0,0,0,0,0,12,384,0,0,-1,-1,11,8,2497094.5,2102882.534,3984057,1010132,11700000.0,5440375.172,22000000,5981877,Benign
80,17,21/02/2018 10:12:27,111004304,12,0,384,0,32,32,32.0,0.0,0,0,0.0,0.0,3.459325325,0.108103916,10100000.0,7493923.677,27000000,2051959,111000000,10100000.0,7493923.677,27000000,2051959,0,0.0,0.0,0,0,0,0,0,0,96,0,0.108103916,0.0,32,32,32.0,0.0,0.0,0,0,0,0,0,0,0,0,0,34.66666667,32.0,0.0,0,0,0,0,0,0,12,384,0,0,-1,-1,11,8,5051998.0,0.0,5051998,5051998,11800000.0,7256330.734,27000000,5000081,Benign
80,17,21/02/2018 10:12:32,106968102,7,0,224,0,32,32,32.0,0.0,0,0,0.0,0.0,2.094082215,0.065440069,17800000.0,16400000.0,44000000,960007,107000000,17800000.0,16400000.0,44000000,960007,0,0.0,0.0,0,0,0,0,0,0,56,0,0.065440069,0.0,32,32,32.0,0.0,0.0,0,0,0,0,0,0,0,0,0,36.57142857,32.0,0.0,0,0,0,0,0,0,7,224,0,0,-1,-1,6,8,2973996.5,2848211.265,4987986,960007,25300000.0,15000000.0,44000000,10000000,Benign
80,17,21/02/2018 10:12:40,105016248,12,0,384,0,32,32,32.0,0.0,0,0,0.0,0.0,3.656577028,0.114268032,9546931.636,7346660.797,27000000,3996036,105000000,9546931.636,7346660.797,27000000,3996036,0,0.0,0.0,0,0,0,0,0,0,96,0,0.114268032,0.0,32,32,32.0,0.0,0.0,0,0,0,0,0,0,0,0,0,34.66666667,32.0,0.0,0,0,0,0,0,0,12,384,0,0,-1,-1,11,8,10500000.0,7829140.729,16000000,4935904,14000000.0,7427826.037,27000000,6007997,Benign
80,17,21/02/2018 10:12:51,119672848,159668,0,5109376,0,32,32,32.0,0.0,0,0,0.0,0.0,42694.53001,1334.204063,749.5152286,15306.94047,569096,0,120000000,749.5152286,15306.94047,569096,0,0,0.0,0.0,0,0,0,0,0,0,1277344,0,1334.204063,0.0,32,32,32.0,0.0,0.0,0,0,0,0,0,0,0,0,0,32.00020042,32.0,0.0,0,0,0,0,0,0,159668,5109376,0,0,-1,-1,159667,8,0.0,0.0,0,0,0.0,0.0,0,0,DDOS attack-LOIC-UDP
80,17,21/02/2018 10:12:52,119848773,141163,0,4517216,0,32,32,32.0,0.0,0,0,0.0,0.0,37690.96576,1177.84268,849.0158329,16320.0104,568241,0,120000000,849.0158329,16320.0104,568241,0,0,0.0,0.0,0,0,0,0,0,0,1129304,0,1177.84268,0.0,32,32,32.0,0.0,0.0,0,0,0,0,0,0,0,0,0,32.00022669,32.0,0.0,0,0,0,0,0,0,141163,4517216,0,0,-1,-1,141162,8,0.0,0.0,0,0,0.0,0.0,0,0,DDOS attack-LOIC-UDP
80,17,21/02/2018 10:12:53,119925395,163085,0,5218720,0,32,32,32.0,0.0,0,0,0.0,0.0,43516.38783,1359.88712,735.3596613,15223.76609,568511,0,120000000,735.3596613,15223.76609,568511,0,0,0.0,0.0,0,0,0,0,0,0,1304680,0,1359.88712,0.0,32,32,32.0,0.0,0.0,0,0,0,0,0,0,0,0,0,32.00019622,32.0,0.0,0,0,0,0,0,0,163085,5218720,0,0,-1,-1,163084,8,0.0,0.0,0,0,0.0,0.0,0,0,DDOS attack-LOIC-UDP
80,17,21/02/2018 10:12:54,119604697,132801,0,4249632,0,32,32,32.0,0.0,0,0,0.0,0.0,35530.64475,1110.332649,900.6377786,18602.33334,626491,0,120000000,900.6377786,18602.33334,626491,0,0,0.0,0.0,0,0,0,0,0,0,1062408,0,1110.332649,0.0,32,32,32.0,0.0,0.0,0,0,0,0,0,0,0,0,0,32.00024096,32.0,0.0,0,0,0,0,0,0,132801,4249632,0,0,-1,-1,132800,8,0.0,0.0,0,0,0.0,0.0,0,0,DDOS attack-LOIC-UDP
80,17,21/02/2018 10:12:54,119978716,142091,0,4546912,0,32,32,32.0,0.0,0,0,0.0,0.0,37897.65511,1184.301722,844.3853614,16339.98083,563612,0,120000000,844.3853614,16339.98083,563612,0,0,0.0,0.0,0,0,0,0,0,0,1136728,0,1184.301722,0.0,32,32,32.0,0.0,0.0,0,0,0,0,0,0,0,0,0,32.00022521,32.0,0.0,0,0,0,0,0,0,142091,4546912,0,0,-1,-1,142090,8,0.0,0.0,0,0,0.0,0.0,0,0,DDOS attack-LOIC-UDP
80,17,21/02/2018 10:12:55,119675208,117037,0,3745184,0,32,32,32.0,0.0,0,0,0.0,0.0,31294.56855,977.9552671,1022.550395,19839.4805,613822,0,120000000,1022.550395,19839.4805,613822,0,0,0.0,0.0,0,0,0,0,0,0,936296,0,977.9552671,0.0,32,32,32.0,0.0,0.0,0,0,0,0,0,0,0,0,0,32.00027342,32.0,0.0,0,0,0,0,0,0,117037,3745184,0,0,-1,-1,117036,8,0.0,0.0,0,0,0.0,0.0,0,0,DDOS attack-LOIC-UDP
80,17,21/02/2018 10:12:55,119698622,162350,0,5195200,0,32,32,32.0,0.0,0,0,0.0,0.0,43402.33758,1356.323049,737.292019,15251.49646,569523,0,120000000,737.292019,15251.49646,569523,0,0,0.0,0.0,0,0,0,0,0,0,1298800,0,1356.323049,0.0,32,32,32.0,0.0,0.0,0,0,0,0,0,0,0,0,0,32.00019711,32.0,0.0,0,0,0,0,0,0,162350,5195200,0,0,-1,-1,162349,8,0.0,0.0,0,0,0.0,0.0,0,0,DDOS attack-LOIC-UDP
80,17,21/02/2018 10:12:35,115996188,12,0,384,0,32,32,32.0,0.0,0,0,0.0,0.0,3.310453616,0.103451675,10500000.0,8469941.023,31000000,4960079,116000000,10500000.0,8469941.023,31000000,4960079,0,0.0,0.0,0,0,0,0,0,0,96,0,0.103451675,0.0,32,32,32.0,0.0,0.0,0,0,0,0,0,0,0,0,0,34.66666667,32.0,0.0,0,0,0,0,0,0,12,384,0,0,-1,-1,11,8,9960037.0,0.0,9960037,9960037,11800000.0,8956095.893,31000000,5003439,Benign
80,17,21/02/2018 10:12:56,119751273,130406,0,4172992,0,32,32,32.0,0.0,0,0,0.0,0.0,34847.16192,1088.97381,918.3027721,18832.13242,614465,0,120000000,918.3027721,18832.13242,614465,0,0,0.0,0.0,0,0,0,0,0,0,1043248,0,1088.97381,0.0,32,32,32.0,0.0,0.0,0,0,0,0,0,0,0,0,0,32.00024539,32.0,0.0,0,0,0,0,0,0,130406,4172992,0,0,-1,-1,130405,8,0.0,0.0,0,0,0.0,0.0,0,0,DDOS attack-LOIC-UDP
80,17,21/02/2018 10:12:56,119846662,140940,0,4510080,0,32,32,32.0,0.0,0,0,0.0,0.0,37632.08691,1176.002716,850.3442056,16404.70013,565516,0,120000000,850.3442056,16404.70013,565516,0,0,0.0,0.0,0,0,0,0,0,0,1127520,0,1176.002716,0.0,32,32,32.0,0.0,0.0,0,0,0,0,0,0,0,0,0,32.00022705,32.0,0.0,0,0,0,0,0,0,140940,4510080,0,0,-1,-1,140939,8,0.0,0.0,0,0,0.0,0.0,0,0,DDOS attack-LOIC-UDP
80,17,21/02/2018 10:12:57,119762920,156770,0,5016640,0,32,32,32.0,0.0,0,0,0.0,0.0,41888.09024,1309.00282,763.9451677,15551.533,556700,0,120000000,763.9451677,15551.533,556700,0,0,0.0,0.0,0,0,0,0,0,0,1254160,0,1309.00282,0.0,32,32,32.0,0.0,0.0,0,0,0,0,0,0,0,0,0,32.00020412,32.0,0.0,0,0,0,0,0,0,156770,5016640,0,0,-1,-1,156769,8,0.0,0.0,0,0,0.0,0.0,0,0,DDOS attack-LOIC-UDP
80,17,21/02/2018 10:12:57,119866701,115573,0,3698336,0,32,32,32.0,0.0,0,0,0.0,0.0,30853.73977,964.1793679,1037.160394,20049.25767,598333,0,120000000,1037.160394,20049.25767,598333,0,0,0.0,0.0,0,0,0,0,0,0,924584,0,964.1793679,0.0,32,32,32.0,0.0,0.0,0,0,0,0,0,0,0,0,0,32.00027688,32.0,0.0,0,0,0,0,0,0,115573,3698336,0,0,-1,-1,115572,8,0.0,0.0,0,0,0.0,0.0,0,0,DDOS attack-LOIC-UDP
0,0,21/02/2018 10:12:09,112641409,3,0,0,0,0,0,0.0,0.0,0,0,0.0,0.0,0.0,0.02663319,56300000.0,137.8858223,56300000,56300000,113000000,56300000.0,137.8858223,56300000,56300000,0,0.0,0.0,0,0,0,0,0,0,0,0,0.02663319,0.0,0,0,0.0,0.0,0.0,0,0,0,0,0,0,0,0,0,0.0,0.0,0.0,0,0,0,0,0,0,3,0,0,0,-1,-1,0,0,0.0,0.0,0,0,56300000.0,137.8858223,56300000,56300000,Benign
80,17,21/02/2018 10:12:58,119739990,142492,0,4559744,0,32,32,32.0,0.0,0,0,0.0,0.0,38080.37732,1190.011791,840.3337053,16421.31679,697054,0,120000000,840.3337053,16421.31679,697054,0,0,0.0,0.0,0,0,0,0,0,0,1139936,0,1190.011791,0.0,32,32,32.0,0.0,0.0,0,0,0,0,0,0,0,0,0,32.00022457,32.0,0.0,0,0,0,0,0,0,142492,4559744,0,0,-1,-1,142491,8,0.0,0.0,0,0,0.0,0.0,0,0,DDOS attack-LOIC-UDP
80,17,21/02/2018 10:12:58,119651494,132078,0,4226496,0,32,32,32.0,0.0,0,0,0.0,0.0,35323.38677,1103.855837,905.9222575,18698.34543,603906,0,120000000,905.9222575,18698.34543,603906,0,0,0.0,0.0,0,0,0,0,0,0,1056624,0,1103.855837,0.0,32,32,32.0,0.0,0.0,0,0,0,0,0,0,0,0,0,32.00024228,32.0,0.0,0,0,0,0,0,0,132078,4226496,0,0,-1,-1,132077,8,0.0,0.0,0,0,0.0,0.0,0,0,DDOS attack-LOIC-UDP
80,17,21/02/2018 10:12:59,119898255,156656,0,5012992,0,32,32,32.0,0.0,0,0,0.0,0.0,41810.38331,1306.574479,765.3650059,15662.52014,561947,0,120000000,765.3650059,15662.52014,561947,0,0,0.0,0.0,0,0,0,0,0,0,1253248,0,1306.574479,0.0,32,32,32.0,0.0,0.0,0,0,0,0,0,0,0,0,0,32.00020427,32.0,0.0,0,0,0,0,0,0,156656,5012992,0,0,-1,-1,156655,8,0.0,0.0,0,0,0.0,0.0,0,0,DDOS attack-LOIC-UDP
80,17,21/02/2018 10:12:59,119971364,116455,0,3726560,0,32,32,32.0,0.0,0,0,0.0,0.0,31062.07911,970.6899723,1030.203892,20054.43038,839312,0,120000000,1030.203892,20054.43038,839312,0,0,0.0,0.0,0,0,0,0,0,0,931640,0,970.6899723,0.0,32,32,32.0,0.0,0.0,0,0,0,0,0,0,0,0,0,32.00027478,32.0,0.0,0,0,0,0,0,0,116455,3726560,0,0,-1,-1,116454,8,0.0,0.0,0,0,0.0,0.0,0,0,DDOS attack-LOIC-UDP
80,17,21/02/2018 10:13:00,119986107,142350,0,4555200,0,32,32,32.0,0.0,0,0,0.0,0.0,37964.39533,1186.387354,842.9009477,17496.93036,617137,0,120000000,842.9009477,17496.93036,617137,0,0,0.0,0.0,0,0,0,0,0,0,1138800,0,1186.387354,0.0,32,32,32.0,0.0,0.0,0,0,0,0,0,0,0,0,0,32.0002248,32.0,0.0,0,0,0,0,0,0,142350,4555200,0,0,-1,-1,142349,8,0.0,0.0,0,0,0.0,0.0,0,0,DDOS attack-LOIC-UDP
80,17,21/02/2018 10:12:55,103015941,12,0,384,0,32,32,32.0,0.0,0,0,0.0,0.0,3.727578434,0.116486826,9365085.545,8549158.053,32000000,987995,103000000,9365085.545,8549158.053,32000000,987995,0,0.0,0.0,0,0,0,0,0,0,96,0,0.116486826,0.0,32,32,32.0,0.0,0.0,0,0,0,0,0,0,0,0,0,34.66666667,32.0,0.0,0,0,0,0,0,0,12,384,0,0,-1,-1,11,8,3494758.5,3545098.939,6001522,987995,12000000.0,8585881.851,32000000,5020045,Benign
80,17,21/02/2018 10:13:00,119633977,130215,0,4166880,0,32,32,32.0,0.0,0,0,0.0,0.0,34830.2389,1088.444966,918.7489594,18903.17002,608264,0,120000000,918.7489594,18903.17002,608264,0,0,0.0,0.0,0,0,0,0,0,0,1041720,0,1088.444966,0.0,32,32,32.0,0.0,0.0,0,0,0,0,0,0,0,0,0,32.00024575,32.0,0.0,0,0,0,0,0,0,130215,4166880,0,0,-1,-1,130214,8,0.0,0.0,0,0,0.0,0.0,0,0,DDOS attack-LOIC-UDP
80,17,21/02/2018 10:13:00,119750425,140159,0,4485088,0,32,32,32.0,0.0,0,0,0.0,0.0,37453.62908,1170.425909,854.3959317,16670.98118,684439,0,120000000,854.3959317,16670.98118,684439,0,0,0.0,0.0,0,0,0,0,0,0,1121272,0,1170.425909,0.0,32,32,32.0,0.0,0.0,0,0,0,0,0,0,0,0,0,32.00022831,32.0,0.0,0,0,0,0,0,0,140159,4485088,0,0,-1,-1,140158,8,0.0,0.0,0,0,0.0,0.0,0,0,DDOS attack-LOIC-UDP
80,17,21/02/2018 10:13:01,119730072,125569,0,4018208,0,32,32,32.0,0.0,0,0,0.0,0.0,33560.55779,1048.767431,953.5078364,18629.65766,751604,0,120000000,953.5078364,18629.65766,751604,0,0,0.0,0.0,0,0,0,0,0,0,1004552,0,1048.767431,0.0,32,32,32.0,0.0,0.0,0,0,0,0,0,0,0,0,0,32.00025484,32.0,0.0,0,0,0,0,0,0,125569,4018208,0,0,-1,-1,125568,8,0.0,0.0,0,0,0.0,0.0,0,0,DDOS attack-LOIC-UDP
80,17,21/02/2018 10:13:01,119723462,112896,0,3612672,0,32,32,32.0,0.0,0,0,0.0,0.0,30175.1381,942.9730657,1060.48507,20363.47917,754088,0,120000000,1060.48507,20363.47917,754088,0,0,0.0,0.0,0,0,0,0,0,0,903168,0,942.9730657,0.0,32,32,32.0,0.0,0.0,0,0,0,0,0,0,0,0,0,32.00028345,32.0,0.0,0,0,0,0,0,0,112896,3612672,0,0,-1,-1,112895,8,0.0,0.0,0,0,0.0,0.0,0,0,DDOS attack-LOIC-UDP
80,17,21/02/2018 10:13:02,119856706,139042,0,4449344,0,32,32,32.0,0.0,0,0,0.0,0.0,37122.1949,1160.068591,862.0241943,17717.54422,621143,0,120000000,862.0241943,17717.54422,621143,0,0,0.0,0.0,0,0,0,0,0,0,1112336,0,1160.068591,0.0,32,32,32.0,0.0,0.0,0,0,0,0,0,0,0,0,0,32.00023015,32.0,0.0,0,0,0,0,0,0,139042,4449344,0,0,-1,-1,139041,8,0.0,0.0,0,0,0.0,0.0,0,0,DDOS attack-LOIC-UDP
80,17,21/02/2018 10:13:02,119999811,128792,0,4121344,0,32,32,32.0,0.0,0,0,0.0,0.0,34344.58743,1073.268357,931.7406573,19051.50748,652296,0,120000000,931.7406573,19051.50748,652296,0,0,0.0,0.0,0,0,0,0,0,0,1030336,0,1073.268357,0.0,32,32,32.0,0.0,0.0,0,0,0,0,0,0,0,0,0,32.00024846,32.0,0.0,0,0,0,0,0,0,128792,4121344,0,0,-1,-1,128791,8,0.0,0.0,0,0,0.0,0.0,0,0,DDOS attack-LOIC-UDP
80,17,21/02/2018 10:13:03,119616136,126039,0,4033248,0,32,32,32.0,0.0,0,0,0.0,0.0,33718.26022,1053.695632,949.0481918,18569.25336,632754,0,120000000,949.0481918,18569.25336,632754,0,0,0.0,0.0,0,0,0,0,0,0,1008312,0,1053.695632,0.0,32,32,32.0,0.0,0.0,0,0,0,0,0,0,0,0,0,32.00025389,32.0,0.0,0,0,0,0,0,0,126039,4033248,0,0,-1,-1,126038,8,0.0,0.0,0,0,0.0,0.0,0,0,DDOS attack-LOIC-UDP
80,17,21/02/2018 10:13:04,119513596,118977,0,3807264,0,32,32,32.0,0.0,0,0,0.0,0.0,31856.32537,995.5101677,1004.518525,19796.58346,638582,0,120000000,1004.518525,19796.58346,638582,0,0,0.0,0.0,0,0,0,0,0,0,951816,0,995.5101677,0.0,32,32,32.0,0.0,0.0,0,0,0,0,0,0,0,0,0,32.00026896,32.0,0.0,0,0,0,0,0,0,118977,3807264,0,0,-1,-1,118976,8,0.0,0.0,0,0,0.0,0.0,0,0,DDOS attack-LOIC-UDP
80,17,21/02/2018 10:13:04,111007975,15,0,480,0,32,32,32.0,0.0,0,0,0.0,0.0,4.324013658,0.135125427,7929141.071,7337978.846,23000000,1004100,111000000,7929141.071,7337978.846,23000000,1004100,0,0.0,0.0,0,0,0,0,0,0,120,0,0.135125427,0.0,32,32,32.0,0.0,0.0,0,0,0,0,0,0,0,0,0,34.13333333,32.0,0.0,0,0,0,0,0,0,15,480,0,0,-1,-1,14,8,5507966.25,3318628.104,9008004,1004100,14800000.0,6269936.213,23000000,7000014,Benign
80,17,21/02/2018 10:13:04,119606734,144324,0,4618368,0,32,32,32.0,0.0,0,0,0.0,0.0,38612.94298,1206.654468,828.743402,17392.26245,744678,0,120000000,828.743402,17392.26245,744678,0,0,0.0,0.0,0,0,0,0,0,0,1154592,0,1206.654468,0.0,32,32,32.0,0.0,0.0,0,0,0,0,0,0,0,0,0,32.00022172,32.0,0.0,0,0,0,0,0,0,144324,4618368,0,0,-1,-1,144323,8,0.0,0.0,0,0,0.0,0.0,0,0,DDOS attack-LOIC-UDP
80,17,21/02/2018 10:13:05,119572521,124957,0,3998624,0,32,32,32.0,0.0,0,0,0.0,0.0,33440.99436,1045.031074,956.9170028,18617.82088,667305,0,120000000,956.9170028,18617.82088,667305,0,0,0.0,0.0,0,0,0,0,0,0,999656,0,1045.031074,0.0,32,32,32.0,0.0,0.0,0,0,0,0,0,0,0,0,0,32.00025609,32.0,0.0,0,0,0,0,0,0,124957,3998624,0,0,-1,-1,124956,8,0.0,0.0,0,0,0.0,0.0,0,0,DDOS attack-LOIC-UDP
80,17,21/02/2018 10:13:05,119636562,108780,0,3480960,0,32,32,32.0,0.0,0,0,0.0,0.0,29096.12197,909.2538116,1099.813034,21800.98181,874414,0,120000000,1099.813034,21800.98181,874414,0,0,0.0,0.0,0,0,0,0,0,0,870240,0,909.2538116,0.0,32,32,32.0,0.0,0.0,0,0,0,0,0,0,0,0,0,32.00029417,32.0,0.0,0,0,0,0,0,0,108780,3480960,0,0,-1,-1,108779,8,0.0,0.0,0,0,0.0,0.0,0,0,DDOS attack-LOIC-UDP
80,17,21/02/2018 10:13:06,119817790,138693,0,4438176,0,32,32,32.0,0.0,0,0,0.0,0.0,37041.04374,1157.532617,863.9127707,17759.3756,646128,0,120000000,863.9127707,17759.3756,646128,0,0,0.0,0.0,0,0,0,0,0,0,1109544,0,1157.532617,0.0,32,32,32.0,0.0,0.0,0,0,0,0,0,0,0,0,0,32.00023073,32.0,0.0,0,0,0,0,0,0,138693,4438176,0,0,-1,-1,138692,8,0.0,0.0,0,0,0.0,0.0,0,0,DDOS attack-LOIC-UDP
80,17,21/02/2018 10:13:06,119730911,121197,0,3878304,0,32,32,32.0,0.0,0,0,0.0,0.0,32391.83572,1012.244866,987.911408,20653.94637,846112,0,120000000,987.911408,20653.94637,846112,0,0,0.0,0.0,0,0,0,0,0,0,969576,0,1012.244866,0.0,32,32,32.0,0.0,0.0,0,0,0,0,0,0,0,0,0,32.00026403,32.0,0.0,0,0,0,0,0,0,121197,3878304,0,0,-1,-1,121196,8,0.0,0.0,0,0,0.0,0.0,0,0,DDOS attack-LOIC-UDP
80,17,21/02/2018 10:13:07,119648469,123247,0,3943904,0,32,32,32.0,0.0,0,0,0.0,0.0,32962.42763,1030.075863,970.8101602,18800.2918,659926,0,120000000,970.8101602,18800.2918,659926,0,0,0.0,0.0,0,0,0,0,0,0,985976,0,1030.075863,0.0,32,32,32.0,0.0,0.0,0,0,0,0,0,0,0,0,0,32.00025964,32.0,0.0,0,0,0,0,0,0,123247,3943904,0,0,-1,-1,123246,8,0.0,0.0,0,0,0.0,0.0,0,0,DDOS attack-LOIC-UDP
80,17,21/02/2018 10:13:07,119745593,104558,0,3345856,0,32,32,32.0,0.0,0,0,0.0,0.0,27941.37067,873.1678334,1145.266151,22399.14804,874659,0,120000000,1145.266151,22399.14804,874659,0,0,0.0,0.0,0,0,0,0,0,0,836464,0,873.1678334,0.0,32,32,32.0,0.0,0.0,0,0,0,0,0,0,0,0,0,32.00030605,32.0,0.0,0,0,0,0,0,0,104558,3345856,0,0,-1,-1,104557,8,0.0,0.0,0,0,0.0,0.0,0,0,DDOS attack-LOIC-UDP
80,17,21/02/2018 10:13:08,119381538,119922,0,3837504,0,32,32,32.0,0.0,0,0,0.0,0.0,32144.86984,1004.527182,995.5015218,20858.24254,808525,0,119000000,995.5015218,20858.24254,808525,0,0,0.0,0.0,0,0,0,0,0,0,959376,0,1004.527182,0.0,32,32,32.0,0.0,0.0,0,0,0,0,0,0,0,0,0,32.00026684,32.0,0.0,0,0,0,0,0,0,119922,3837504,0,0,-1,-1,119921,8,0.0,0.0,0,0,0.0,0.0,0,0,DDOS attack-LOIC-UDP
80,17,21/02/2018 10:13:06,109991929,13,0,416,0,32,32,32.0,0.0,0,0,0.0,0.0,3.782095684,0.11819049,9165994.083,10600000.0,31000000,1992507,110000000,9165994.083,10600000.0,31000000,1992507,0,0.0,0.0,0,0,0,0,0,0,104,0,0.11819049,0.0,32,32,32.0,0.0,0.0,0,0,0,0,0,0,0,0,0,34.46153846,32.0,0.0,0,0,0,0,0,0,13,416,0,0,-1,-1,12,8,5488018.0,712759.3928,5992015,4984021,21800000.0,9647952.466,31000000,8985676,Benign
80,17,21/02/2018 10:13:08,119543628,141208,0,4518656,0,32,32,32.0,0.0,0,0,0.0,0.0,37799.22088,1181.225653,846.5842911,17504.07774,616126,0,120000000,846.5842911,17504.07774,616126,0,0,0.0,0.0,0,0,0,0,0,0,1129664,0,1181.225653,0.0,32,32,32.0,0.0,0.0,0,0,0,0,0,0,0,0,0,32.00022662,32.0,0.0,0,0,0,0,0,0,141208,4518656,0,0,-1,-1,141207,8,0.0,0.0,0,0,0.0,0.0,0,0,DDOS attack-LOIC-UDP
80,17,21/02/2018 10:13:09,119641073,103791,0,3321312,0,32,32,32.0,0.0,0,0,0.0,0.0,27760.63367,867.5198023,1152.722546,22462.13439,842138,0,120000000,1152.722546,22462.13439,842138,0,0,0.0,0.0,0,0,0,0,0,0,830328,0,867.5198023,0.0,32,32,32.0,0.0,0.0,0,0,0,0,0,0,0,0,0,32.00030831,32.0,0.0,0,0,0,0,0,0,103791,3321312,0,0,-1,-1,103790,8,0.0,0.0,0,0,0.0,0.0,0,0,DDOS attack-LOIC-UDP
80,17,21/02/2018 10:13:09,119865315,124145,0,3972640,0,32,32,32.0,0.0,0,0,0.0,0.0,33142.53168,1035.704115,965.5345003,18969.13211,1200064,0,120000000,965.5345003,18969.13211,1200064,0,0,0.0,0.0,0,0,0,0,0,0,993160,0,1035.704115,0.0,32,32,32.0,0.0,0.0,0,0,0,0,0,0,0,0,0,32.00025776,32.0,0.0,0,0,0,0,0,0,124145,3972640,0,0,-1,-1,124144,8,0.0,0.0,0,0,0.0,0.0,0,0,DDOS attack-LOIC-UDP
80,17,21/02/2018 10:13:10,119713981,117217,0,3750944,0,32,32,32.0,0.0,0,0,0.0,0.0,31332.54753,979.1421104,1021.310922,21128.76515,805135,0,120000000,1021.310922,21128.76515,805135,0,0,0.0,0.0,0,0,0,0,0,0,937736,0,979.1421104,0.0,32,32,32.0,0.0,0.0,0,0,0,0,0,0,0,0,0,32.000273,32.0,0.0,0,0,0,0,0,0,117217,3750944,0,0,-1,-1,117216,8,0.0,0.0,0,0,0.0,0.0,0,0,DDOS attack-LOIC-UDP
80,17,21/02/2018 10:13:09,113973151,14,0,448,0,32,32,32.0,0.0,0,0,0.0,0.0,3.930750322,0.122835948,8767165.462,9359114.153,34000000,1980012,114000000,8767165.462,9359114.153,34000000,1980012,0,0.0,0.0,0,0,0,0,0,0,112,0,0.122835948,0.0,32,32,32.0,0.0,0.0,0,0,0,0,0,0,0,0,0,34.28571429,32.0,0.0,0,0,0,0,0,0,14,448,0,0,-1,-1,13,8,4253900.75,2610416.013,7972055,1999575,16200000.0,9363575.27,34000000,7008117,Benign
80,17,21/02/2018 10:13:11,119855359,135949,0,4350368,0,32,32,32.0,0.0,0,0,0.0,0.0,36296.81673,1134.275523,881.6264969,18465.69742,865964,0,120000000,881.6264969,18465.69742,865964,0,0,0.0,0.0,0,0,0,0,0,0,1087592,0,1134.275523,0.0,32,32,32.0,0.0,0.0,0,0,0,0,0,0,0,0,0,32.00023538,32.0,0.0,0,0,0,0,0,0,135949,4350368,0,0,-1,-1,135948,8,0.0,0.0,0,0,0.0,0.0,0,0,DDOS attack-LOIC-UDP
80,17,21/02/2018 10:13:12,119586365,101387,0,3244384,0,32,32,32.0,0.0,0,0,0.0,0.0,27130.04948,847.8140464,1179.515564,22858.80317,858099,1,120000000,1179.515564,22858.80317,858099,1,0,0.0,0.0,0,0,0,0,0,0,811096,0,847.8140464,0.0,32,32,32.0,0.0,0.0,0,0,0,0,0,0,0,0,0,32.00031562,32.0,0.0,0,0,0,0,0,0,101387,3244384,0,0,-1,-1,101386,8,0.0,0.0,0,0,0.0,0.0,0,0,DDOS attack-LOIC-UDP
80,17,21/02/2018 10:13:12,119761055,116751,0,3736032,0,32,32,32.0,0.0,0,0,0.0,0.0,31195.71717,974.8661616,1025.790621,19785.45919,726471,0,120000000,1025.790621,19785.45919,726471,0,0,0.0,0.0,0,0,0,0,0,0,934008,0,974.8661616,0.0,32,32,32.0,0.0,0.0,0,0,0,0,0,0,0,0,0,32.00027409,32.0,0.0,0,0,0,0,0,0,116751,3736032,0,0,-1,-1,116750,8,0.0,0.0,0,0,0.0,0.0,0,0,DDOS attack-LOIC-UDP
80,17,21/02/2018 10:13:13,119550951,117587,0,3762784,0,32,32,32.0,0.0,0,0,0.0,0.0,31474.31257,983.5722679,1016.710756,21244.28242,849470,0,120000000,1016.710756,21244.28242,849470,0,0,0.0,0.0,0,0,0,0,0,0,940696,0,983.5722679,0.0,32,32,32.0,0.0,0.0,0,0,0,0,0,0,0,0,0,32.00027214,32.0,0.0,0,0,0,0,0,0,117587,3762784,0,0,-1,-1,117586,8,0.0,0.0,0,0,0.0,0.0,0,0,DDOS attack-LOIC-UDP
80,17,21/02/2018 10:13:13,119799073,130539,0,4177248,0,32,32,32.0,0.0,0,0,0.0,0.0,34868.784,1089.6495,917.7333267,18765.06212,862525,0,120000000,917.7333267,18765.06212,862525,0,0,0.0,0.0,0,0,0,0,0,0,1044312,0,1089.6495,0.0,32,32,32.0,0.0,0.0,0,0,0,0,0,0,0,0,0,32.00024514,32.0,0.0,0,0,0,0,0,0,130539,4177248,0,0,-1,-1,130538,8,0.0,0.0,0,0,0.0,0.0,0,0,DDOS attack-LOIC-UDP
80,17,21/02/2018 10:13:13,119376645,105275,0,3368800,0,32,32,32.0,0.0,0,0,0.0,0.0,28219.92526,881.8726645,1133.961329,22436.53921,837595,0,119000000,1133.961329,22436.53921,837595,0,0,0.0,0.0,0,0,0,0,0,0,842200,0,881.8726645,0.0,32,32,32.0,0.0,0.0,0,0,0,0,0,0,0,0,0,32.00030397,32.0,0.0,0,0,0,0,0,0,105275,3368800,0,0,-1,-1,105274,8,0.0,0.0,0,0,0.0,0.0,0,0,DDOS attack-LOIC-UDP
80,17,21/02/2018 10:13:15,119861437,116933,0,3741856,0,32,32,32.0,0.0,0,0,0.0,0.0,31218.18071,975.5681471,1025.052483,19790.12639,659732,0,120000000,1025.052483,19790.12639,659732,0,0,0.0,0.0,0,0,0,0,0,0,935464,0,975.5681471,0.0,32,32,32.0,0.0,0.0,0,0,0,0,0,0,0,0,0,32.00027366,32.0,0.0,0,0,0,0,0,0,116933,3741856,0,0,-1,-1,116932,8,0.0,0.0,0,0,0.0,0.0,0,0,DDOS attack-LOIC-UDP
80,17,21/02/2018 10:13:15,119579062,114858,0,3675456,0,32,32,32.0,0.0,0,0,0.0,0.0,30736.61842,960.5193257,1041.112531,21656.03781,960503,0,120000000,1041.112531,21656.03781,960503,0,0,0.0,0.0,0,0,0,0,0,0,918864,0,960.5193257,0.0,32,32,32.0,0.0,0.0,0,0,0,0,0,0,0,0,0,32.0002786,32.0,0.0,0,0,0,0,0,0,114858,3675456,0,0,-1,-1,114857,8,0.0,0.0,0,0,0.0,0.0,0,0,DDOS attack-LOIC-UDP
80,17,21/02/2018 10:13:05,118998203,15,0,480,0,32,32,32.0,0.0,0,0,0.0,0.0,4.033674357,0.126052324,8499871.643,10500000.0,42000000,1988342,119000000,8499871.643,10500000.0,42000000,1988342,0,0.0,0.0,0,0,0,0,0,0,120,0,0.126052324,0.0,32,32,32.0,0.0,0.0,0,0,0,0,0,0,0,0,0,34.13333333,32.0,0.0,0,0,0,0,0,0,15,480,0,0,-1,-1,14,8,5994959.333,2995914.682,8988350,2996527,13900000.0,13000000.0,42000000,5007707,Benign
80,17,21/02/2018 10:13:15,119837248,127686,0,4085952,0,32,32,32.0,0.0,0,0,0.0,0.0,34095.84306,1065.495095,938.5381838,19117.55578,825611,0,120000000,938.5381838,19117.55578,825611,0,0,0.0,0.0,0,0,0,0,0,0,1021488,0,1065.495095,0.0,32,32,32.0,0.0,0.0,0,0,0,0,0,0,0,0,0,32.00025061,32.0,0.0,0,0,0,0,0,0,127686,4085952,0,0,-1,-1,127685,8,0.0,0.0,0,0,0.0,0.0,0,0,DDOS attack-LOIC-UDP
80,17,21/02/2018 10:13:15,118981492,12,0,384,0,32,32,32.0,0.0,0,0,0.0,0.0,3.227392711,0.100856022,10800000.0,5282695.727,21000000,4988001,119000000,10800000.0,5282695.727,21000000,4988001,0,0.0,0.0,0,0,0,0,0,0,96,0,0.100856022,0.0,32,32,32.0,0.0,0.0,0,0,0,0,0,0,0,0,0,34.66666667,32.0,0.0,0,0,0,0,0,0,12,384,0,0,-1,-1,11,8,4988001.0,0.0,4988001,4988001,11400000.0,5182236.863,21000000,6991974,Benign
80,17,21/02/2018 10:13:17,119466096,101585,0,3250720,0,32,32,32.0,0.0,0,0,0.0,0.0,27210.39784,850.3249324,1176.032604,23194.47035,671122,0,119000000,1176.032604,23194.47035,671122,0,0,0.0,0.0,0,0,0,0,0,0,812680,0,850.3249324,0.0,32,32,32.0,0.0,0.0,0,0,0,0,0,0,0,0,0,32.00031501,32.0,0.0,0,0,0,0,0,0,101585,3250720,0,0,-1,-1,101584,8,0.0,0.0,0,0,0.0,0.0,0,0,DDOS attack-LOIC-UDP
80,17,21/02/2018 10:13:15,114012153,12,0,384,0,32,32,32.0,0.0,0,0,0.0,0.0,3.368061999,0.105251937,10400000.0,12800000.0,47000000,2020017,114000000,10400000.0,12800000.0,47000000,2020017,0,0.0,0.0,0,0,0,0,0,0,96,0,0.105251937,0.0,32,32,32.0,0.0,0.0,0,0,0,0,0,0,0,0,0,34.66666667,32.0,0.0,0,0,0,0,0,0,12,384,0,0,-1,-1,11,8,4345259.0,3207069.289,8003923,2020017,14400000.0,14800000.0,47000000,5008103,Benign
80,17,21/02/2018 10:13:17,119973443,112502,0,3600064,0,32,32,32.0,0.0,0,0,0.0,0.0,30007.17417,937.7241928,1066.421125,20334.96013,1102963,0,120000000,1066.421125,20334.96013,1102963,0,0,0.0,0.0,0,0,0,0,0,0,900016,0,937.7241928,0.0,32,32,32.0,0.0,0.0,0,0,0,0,0,0,0,0,0,32.00028444,32.0,0.0,0,0,0,0,0,0,112502,3600064,0,0,-1,-1,112501,8,0.0,0.0,0,0,0.0,0.0,0,0,DDOS attack-LOIC-UDP
80,17,21/02/2018 10:13:17,119676669,99248,0,3175936,0,32,32,32.0,0.0,0,0,0.0,0.0,26537.63701,829.3011564,1205.846716,23692.84998,1225942,0,120000000,1205.846716,23692.84998,1225942,0,0,0.0,0.0,0,0,0,0,0,0,793984,0,829.3011564,0.0,32,32,32.0,0.0,0.0,0,0,0,0,0,0,0,0,0,32.00032242,32.0,0.0,0,0,0,0,0,0,99248,3175936,0,0,-1,-1,99247,8,0.0,0.0,0,0,0.0,0.0,0,0,DDOS attack-LOIC-UDP
80,17,21/02/2018 10:13:16,115009047,14,0,448,0,32,32,32.0,0.0,0,0,0.0,0.0,3.895345729,0.121729554,8846849.769,9643205.529,37000000,996477,115000000,8846849.769,9643205.529,37000000,996477,0,0.0,0.0,0,0,0,0,0,0,112,0,0.121729554,0.0,32,32,32.0,0.0,0.0,0,0,0,0,0,0,0,0,0,34.28571429,32.0,0.0,0,0,0,0,0,0,14,448,0,0,-1,-1,13,8,5492822.0,3545618.663,7999953,2985691,12900000.0,10500000.0,37000000,5012202,Benign
80,17,21/02/2018 10:13:18,119821718,121321,0,3882272,0,32,32,32.0,0.0,0,0,0.0,0.0,32400.40341,1012.512606,987.6501649,19483.03435,646850,0,120000000,987.6501649,19483.03435,646850,0,0,0.0,0.0,0,0,0,0,0,0,970568,0,1012.512606,0.0,32,32,32.0,0.0,0.0,0,0,0,0,0,0,0,0,0,32.00026376,32.0,0.0,0,0,0,0,0,0,121321,3882272,0,0,-1,-1,121320,8,0.0,0.0,0,0,0.0,0.0,0,0,DDOS attack-LOIC-UDP
80,17,21/02/2018 10:13:18,119554740,109669,0,3509408,0,32,32,32.0,0.0,0,0,0.0,0.0,29353.98463,917.3120196,1090.151548,22416.57714,702988,0,120000000,1090.151548,22416.57714,702988,0,0,0.0,0.0,0,0,0,0,0,0,877352,0,917.3120196,0.0,32,32,32.0,0.0,0.0,0,0,0,0,0,0,0,0,0,32.00029179,32.0,0.0,0,0,0,0,0,0,109669,3509408,0,0,-1,-1,109668,8,0.0,0.0,0,0,0.0,0.0,0,0,DDOS attack-LOIC-UDP
500,17,21/02/2018 10:09:25,24160787,2,0,1000,0,500,500,500.0,0.0,0,0,0.0,0.0,41.38938024,0.08277876,24200000.0,0.0,24200000,24200000,24200000,24200000.0,0.0,24200000,24200000,0,0.0,0.0,0,0,0,0,0,0,16,0,0.08277876,0.0,500,500,500.0,0.0,0.0,0,0,0,0,0,0,0,0,0,750.0,500.0,0.0,0,0,0,0,0,0,2,1000,0,0,-1,-1,1,8,0.0,0.0,0,0,24200000.0,0.0,24200000,24200000,Benign
80,17,21/02/2018 10:13:19,119964803,134015,0,4288480,0,32,32,32.0,0.0,0,0,0.0,0.0,35747.81847,1117.119327,895.1661991,18524.40768,632001,0,120000000,895.1661991,18524.40768,632001,0,0,0.0,0.0,0,0,0,0,0,0,1072120,0,1117.119327,0.0,32,32,32.0,0.0,0.0,0,0,0,0,0,0,0,0,0,32.00023878,32.0,0.0,0,0,0,0,0,0,134015,4288480,0,0,-1,-1,134014,8,0.0,0.0,0,0,0.0,0.0,0,0,DDOS attack-LOIC-UDP
80,17,21/02/2018 10:13:20,119999989,98663,0,3157216,0,32,32,32.0,0.0,0,0,0.0,0.0,26310.13575,822.191742,1216.273631,23742.11883,675541,0,120000000,1216.273631,23742.11883,675541,0,0,0.0,0.0,0,0,0,0,0,0,789304,0,822.191742,0.0,32,32,32.0,0.0,0.0,0,0,0,0,0,0,0,0,0,32.00032434,32.0,0.0,0,0,0,0,0,0,98663,3157216,0,0,-1,-1,98662,8,0.0,0.0,0,0,0.0,0.0,0,0,DDOS attack-LOIC-UDP
80,17,21/02/2018 10:13:19,119858715,120435,0,3853920,0,32,32,32.0,0.0,0,0,0.0,0.0,32153.85715,1004.808036,995.2232343,19494.2727,642614,0,120000000,995.2232343,19494.2727,642614,0,0,0.0,0.0,0,0,0,0,0,0,963480,0,1004.808036,0.0,32,32,32.0,0.0,0.0,0,0,0,0,0,0,0,0,0,32.0002657,32.0,0.0,0,0,0,0,0,0,120435,3853920,0,0,-1,-1,120434,8,0.0,0.0,0,0,0.0,0.0,0,0,DDOS attack-LOIC-UDP
80,17,21/02/2018 10:13:21,119980822,131892,0,4220544,0,32,32,32.0,0.0,0,0,0.0,0.0,35176.82184,1099.275683,909.6968102,18628.95263,716782,0,120000000,909.6968102,18628.95263,716782,0,0,0.0,0.0,0,0,0,0,0,0,1055136,0,1099.275683,0.0,32,32,32.0,0.0,0.0,0,0,0,0,0,0,0,0,0,32.00024262,32.0,0.0,0,0,0,0,0,0,131892,4220544,0,0,-1,-1,131891,8,0.0,0.0,0,0,0.0,0.0,0,0,DDOS attack-LOIC-UDP
80,17,21/02/2018 10:13:21,119932582,106588,0,3410816,0,32,32,32.0,0.0,0,0,0.0,0.0,28439.44442,888.7326381,1125.208346,22857.4171,708533,0,120000000,1125.208346,22857.4171,708533,0,0,0.0,0.0,0,0,0,0,0,0,852704,0,888.7326381,0.0,32,32,32.0,0.0,0.0,0,0,0,0,0,0,0,0,0,32.00030022,32.0,0.0,0,0,0,0,0,0,106588,3410816,0,0,-1,-1,106587,8,0.0,0.0,0,0,0.0,0.0,0,0,DDOS attack-LOIC-UDP
80,17,21/02/2018 10:13:22,119743829,98528,0,3152896,0,32,32,32.0,0.0,0,0,0.0,0.0,26330.34225,822.8231953,1215.340252,23735.24856,723240,0,120000000,1215.340252,23735.24856,723240,0,0,0.0,0.0,0,0,0,0,0,0,788224,0,822.8231953,0.0,32,32,32.0,0.0,0.0,0,0,0,0,0,0,0,0,0,32.00032478,32.0,0.0,0,0,0,0,0,0,98528,3152896,0,0,-1,-1,98527,8,0.0,0.0,0,0,0.0,0.0,0,0,DDOS attack-LOIC-UDP
80,17,21/02/2018 10:13:18,100016171,14,0,448,0,32,32,32.0,0.0,0,0,0.0,0.0,4.479275656,0.139977364,7693551.615,7705065.133,27900000,1020112,100000000,7693551.615,7705065.133,27900000,1020112,0,0.0,0.0,0,0,0,0,0,0,112,0,0.139977364,0.0,32,32,32.0,0.0,0.0,0,0,0,0,0,0,0,0,0,34.28571429,32.0,0.0,0,0,0,0,0,0,14,448,0,0,-1,-1,13,8,8338733.333,4509226.592,13000000,3984116,14800000.0,8562333.538,27900000,5000552,Benign
80,17,21/02/2018 10:13:23,119498594,108522,0,3472704,0,32,32,32.0,0.0,0,0,0.0,0.0,29060.62644,908.1445762,1101.156403,22702.78735,667339,0,119000000,1101.156403,22702.78735,667339,0,0,0.0,0.0,0,0,0,0,0,0,868176,0,908.1445762,0.0,32,32,32.0,0.0,0.0,0,0,0,0,0,0,0,0,0,32.00029487,32.0,0.0,0,0,0,0,0,0,108522,3472704,0,0,-1,-1,108521,8,0.0,0.0,0,0,0.0,0.0,0,0,DDOS attack-LOIC-UDP
80,17,21/02/2018 10:13:23,119980749,98120,0,3139840,0,32,32,32.0,0.0,0,0,0.0,0.0,26169.53158,817.7978619,1222.808518,23843.81366,670318,0,120000000,1222.808518,23843.81366,670318,0,0,0.0,0.0,0,0,0,0,0,0,784960,0,817.7978619,0.0,32,32,32.0,0.0,0.0,0,0,0,0,0,0,0,0,0,32.00032613,32.0,0.0,0,0,0,0,0,0,98120,3139840,0,0,-1,-1,98119,8,0.0,0.0,0,0,0.0,0.0,0,0,DDOS attack-LOIC-UDP
80,17,21/02/2018 10:13:19,112972151,8,0,256,0,32,32,32.0,0.0,0,0,0.0,0.0,2.266045196,0.070813912,16100000.0,21300000.0,62000000,4007989,113000000,16100000.0,21300000.0,62000000,4007989,0,0.0,0.0,0,0,0,0,0,0,64,0,0.070813912,0.0,32,32,32.0,0.0,0.0,0,0,0,0,0,0,0,0,0,36.0,32.0,0.0,0,0,0,0,0,0,8,256,0,0,-1,-1,7,8,5677425.667,2891329.159,9016045,4007989,32000000.0,26500000.0,62000000,12000000,Benign
80,17,21/02/2018 10:13:22,91980002,9,0,288,0,32,32,32.0,0.0,0,0,0.0,0.0,3.131115392,0.097847356,11500000.0,11000000.0,31000000,2010451,92000000,11500000.0,11000000.0,31000000,2010451,0,0.0,0.0,0,0,0,0,0,0,72,0,0.097847356,0.0,32,32,32.0,0.0,0.0,0,0,0,0,0,0,0,0,0,35.55555556,32.0,0.0,0,0,0,0,0,0,9,288,0,0,-1,-1,8,8,3328965.667,1512517.912,4980115,2010451,16400000.0,11400000.0,31000000,6023583,Benign
80,17,21/02/2018 10:13:24,119998870,98687,0,3157984,0,32,32,32.0,0.0,0,0,0.0,0.0,26316.78115,822.3994109,1215.9665,24022.75368,1305572,0,120000000,1215.9665,24022.75368,1305572,0,0,0.0,0.0,0,0,0,0,0,0,789496,0,822.3994109,0.0,32,32,32.0,0.0,0.0,0,0,0,0,0,0,0,0,0,32.00032426,32.0,0.0,0,0,0,0,0,0,98687,3157984,0,0,-1,-1,98686,8,0.0,0.0,0,0,0.0,0.0,0,0,DDOS attack-LOIC-UDP
80,17,21/02/2018 10:13:24,119572296,104914,0,3357248,0,32,32,32.0,0.0,0,0,0.0,0.0,28077.13921,877.4106002,1139.728118,23022.15243,679209,0,120000000,1139.728118,23022.15243,679209,0,0,0.0,0.0,0,0,0,0,0,0,839312,0,877.4106002,0.0,32,32,32.0,0.0,0.0,0,0,0,0,0,0,0,0,0,32.00030501,32.0,0.0,0,0,0,0,0,0,104914,3357248,0,0,-1,-1,104913,8,0.0,0.0,0,0,0.0,0.0,0,0,DDOS attack-LOIC-UDP
80,17,21/02/2018 10:13:21,107004464,12,0,384,0,32,32,32.0,0.0,0,0,0.0,0.0,3.58863533,0.112144854,9727678.545,12700000.0,46000000,1993152,107000000,9727678.545,12700000.0,46000000,1993152,0,0.0,0.0,0,0,0,0,0,0,96,0,0.112144854,0.0,32,32,32.0,0.0,0.0,0,0,0,0,0,0,0,0,0,34.66666667,32.0,0.0,0,0,0,0,0,0,12,384,0,0,-1,-1,11,8,3330111.333,573226.9043,3992016,2998297,15300000.0,15500000.0,46000000,5999969,Benign
80,17,21/02/2018 10:13:25,106007947,11,0,352,0,32,32,32.0,0.0,0,0,0.0,0.0,3.320505773,0.103765805,10600000.0,6758778.184,25000000,4019880,106000000,10600000.0,6758778.184,25000000,4019880,0,0.0,0.0,0,0,0,0,0,0,88,0,0.103765805,0.0,32,32,32.0,0.0,0.0,0,0,0,0,0,0,0,0,0,34.90909091,32.0,0.0,0,0,0,0,0,0,11,352,0,0,-1,-1,10,8,6506788.0,3517019.022,8993696,4019880,13300000.0,6356445.669,25000000,6999846,Benign
80,17,21/02/2018 10:13:25,119967616,104432,0,3341824,0,32,32,32.0,0.0,0,0,0.0,0.0,27856.05075,870.501586,1148.773985,23225.28844,698627,0,120000000,1148.773985,23225.28844,698627,0,0,0.0,0.0,0,0,0,0,0,0,835456,0,870.501586,0.0,32,32,32.0,0.0,0.0,0,0,0,0,0,0,0,0,0,32.00030642,32.0,0.0,0,0,0,0,0,0,104432,3341824,0,0,-1,-1,104431,8,0.0,0.0,0,0,0.0,0.0,0,0,DDOS attack-LOIC-UDP
80,17,21/02/2018 10:13:26,119799449,96064,0,3074048,0,32,32,32.0,0.0,0,0,0.0,0.0,25659.95107,801.8734711,1247.092523,24152.183,675116,0,120000000,1247.092523,24152.183,675116,0,0,0.0,0.0,0,0,0,0,0,0,768512,0,801.8734711,0.0,32,32,32.0,0.0,0.0,0,0,0,0,0,0,0,0,0,32.00033311,32.0,0.0,0,0,0,0,0,0,96064,3074048,0,0,-1,-1,96063,8,0.0,0.0,0,0,0.0,0.0,0,0,DDOS attack-LOIC-UDP
80,17,21/02/2018 10:13:26,119623554,97004,0,3104128,0,32,32,32.0,0.0,0,0,0.0,0.0,25949.13707,810.9105336,1233.194375,24040.66713,716335,0,120000000,1233.194375,24040.66713,716335,0,0,0.0,0.0,0,0,0,0,0,0,776032,0,810.9105336,0.0,32,32,32.0,0.0,0.0,0,0,0,0,0,0,0,0,0,32.00032988,32.0,0.0,0,0,0,0,0,0,97004,3104128,0,0,-1,-1,97003,8,0.0,0.0,0,0,0.0,0.0,0,0,DDOS attack-LOIC-UDP
80,17,21/02/2018 10:13:24,118028728,14,0,448,0,32,32,32.0,0.0,0,0,0.0,0.0,3.795686081,0.11861519,9079132.923,5099465.163,19000000,3996720,118000000,9079132.923,5099465.163,19000000,3996720,0,0.0,0.0,0,0,0,0,0,0,112,0,0.11861519,0.0,32,32,32.0,0.0,0.0,0,0,0,0,0,0,0,0,0,34.28571429,32.0,0.0,0,0,0,0,0,0,14,448,0,0,-1,-1,13,8,6002308.0,2836329.75,8007896,3996720,11300000.0,4519788.708,19000000,5007970,Benign
80,17,21/02/2018 10:13:26,119904150,108140,0,3460480,0,32,32,32.0,0.0,0,0,0.0,0.0,28860.38557,901.8870489,1108.796549,22772.47611,677292,0,120000000,1108.796549,22772.47611,677292,0,0,0.0,0.0,0,0,0,0,0,0,865120,0,901.8870489,0.0,32,32,32.0,0.0,0.0,0,0,0,0,0,0,0,0,0,32.00029591,32.0,0.0,0,0,0,0,0,0,108140,3460480,0,0,-1,-1,108139,8,0.0,0.0,0,0,0.0,0.0,0,0,DDOS attack-LOIC-UDP
80,17,21/02/2018 10:13:24,111983933,13,0,416,0,32,32,32.0,0.0,0,0,0.0,0.0,3.714818625,0.116088082,9331994.417,6331895.811,20000000,2001246,112000000,9331994.417,6331895.811,20000000,2001246,0,0.0,0.0,0,0,0,0,0,0,104,0,0.116088082,0.0,32,32,32.0,0.0,0.0,0,0,0,0,0,0,0,0,0,34.46153846,32.0,0.0,0,0,0,0,0,0,13,416,0,0,-1,-1,12,8,2996464.5,36340.33881,3022161,2970768,12500000.0,5325500.422,20000000,5980103,Benign
80,17,21/02/2018 10:13:27,119543904,98471,0,3151072,0,32,32,32.0,0.0,0,0,0.0,0.0,26359.11907,823.722471,1214.013446,23819.93265,674075,0,120000000,1214.013446,23819.93265,674075,0,0,0.0,0.0,0,0,0,0,0,0,787768,0,823.722471,0.0,32,32,32.0,0.0,0.0,0,0,0,0,0,0,0,0,0,32.00032497,32.0,0.0,0,0,0,0,0,0,98471,3151072,0,0,-1,-1,98470,8,0.0,0.0,0,0,0.0,0.0,0,0,DDOS attack-LOIC-UDP
80,17,21/02/2018 10:13:28,119737575,96306,0,3081792,0,32,32,32.0,0.0,0,0,0.0,0.0,25737.88554,804.3089231,1243.316287,26447.80785,833546,0,120000000,1243.316287,26447.80785,833546,0,0,0.0,0.0,0,0,0,0,0,0,770448,0,804.3089231,0.0,32,32,32.0,0.0,0.0,0,0,0,0,0,0,0,0,0,32.00033227,32.0,0.0,0,0,0,0,0,0,96306,3081792,0,0,-1,-1,96305,8,0.0,0.0,0,0,0.0,0.0,0,0,DDOS attack-LOIC-UDP
80,17,21/02/2018 10:13:25,114000288,14,0,448,0,32,32,32.0,0.0,0,0,0.0,0.0,3.929814633,0.122806707,8769252.923,7378365.54,27000000,1991042,114000000,8769252.923,7378365.54,27000000,1991042,0,0.0,0.0,0,0,0,0,0,0,112,0,0.122806707,0.0,32,32,32.0,0.0,0.0,0,0,0,0,0,0,0,0,0,34.28571429,32.0,0.0,0,0,0,0,0,0,14,448,0,0,-1,-1,13,8,2004674.0,12512.09215,2020325,1991042,12700000.0,6771084.562,27000000,6995664,Benign
80,17,21/02/2018 10:13:28,119744232,100784,0,3225088,0,32,32,32.0,0.0,0,0,0.0,0.0,26933.13862,841.660582,1188.13919,23654.47929,675876,0,120000000,1188.13919,23654.47929,675876,0,0,0.0,0.0,0,0,0,0,0,0,806272,0,841.660582,0.0,32,32,32.0,0.0,0.0,0,0,0,0,0,0,0,0,0,32.00031751,32.0,0.0,0,0,0,0,0,0,100784,3225088,0,0,-1,-1,100783,8,0.0,0.0,0,0,0.0,0.0,0,0,DDOS attack-LOIC-UDP
80,17,21/02/2018 10:13:26,117006363,13,0,416,0,32,32,32.0,0.0,0,0,0.0,0.0,3.555362199,0.111105069,9750530.25,13500000.0,44000000,972566,117000000,9750530.25,13500000.0,44000000,972566,0,0.0,0.0,0,0,0,0,0,0,104,0,0.111105069,0.0,32,32,32.0,0.0,0.0,0,0,0,0,0,0,0,0,0,34.46153846,32.0,0.0,0,0,0,0,0,0,13,416,0,0,-1,-1,12,8,1492111.25,575401.8596,2004098,980132,21400000.0,14400000.0,44000000,6983901,Benign
80,17,21/02/2018 10:13:29,119794710,83491,0,2671712,0,32,32,32.0,0.0,0,0,0.0,0.0,22302.42053,696.9506416,1434.839023,28313.64589,855247,0,120000000,1434.839023,28313.64589,855247,0,0,0.0,0.0,0,0,0,0,0,0,667928,0,696.9506416,0.0,32,32,32.0,0.0,0.0,0,0,0,0,0,0,0,0,0,32.00038327,32.0,0.0,0,0,0,0,0,0,83491,2671712,0,0,-1,-1,83490,8,0.0,0.0,0,0,0.0,0.0,0,0,DDOS attack-LOIC-UDP
80,17,21/02/2018 10:13:29,119824725,95154,0,3044928,0,32,32,32.0,0.0,0,0,0.0,0.0,25411.5167,794.1098968,1259.284783,24320.64998,716929,0,120000000,1259.284783,24320.64998,716929,0,0,0.0,0.0,0,0,0,0,0,0,761232,0,794.1098968,0.0,32,32,32.0,0.0,0.0,0,0,0,0,0,0,0,0,0,32.0003363,32.0,0.0,0,0,0,0,0,0,95154,3044928,0,0,-1,-1,95153,8,0.0,0.0,0,0,0.0,0.0,0,0,DDOS attack-LOIC-UDP
80,17,21/02/2018 10:13:28,113996525,17,0,544,0,32,32,32.0,0.0,0,0,0.0,0.0,4.772075289,0.149127353,7124782.813,7648982.897,27000000,920222,114000000,7124782.813,7648982.897,27000000,920222,0,0.0,0.0,0,0,0,0,0,0,136,0,0.149127353,0.0,32,32,32.0,0.0,0.0,0,0,0,0,0,0,0,0,0,33.88235294,32.0,0.0,0,0,0,0,0,0,17,544,0,0,-1,-1,16,8,1799508.2,836255.0287,2995717,996725,12900000.0,6997705.35,27000000,5012616,Benign
80,17,21/02/2018 10:13:30,103988722,11,0,352,0,32,32,32.0,0.0,0,0,0.0,0.0,3.38498246,0.105780702,10400000.0,4997938.836,17000000,1984000,104000000,10400000.0,4997938.836,17000000,1984000,0,0.0,0.0,0,0,0,0,0,0,88,0,0.105780702,0.0,32,32,32.0,0.0,0.0,0,0,0,0,0,0,0,0,0,34.90909091,32.0,0.0,0,0,0,0,0,0,11,352,0,0,-1,-1,10,8,2991039.0,1424168.212,3998078,1984000,12300000.0,3496861.789,17000000,7003619,Benign
80,17,21/02/2018 10:13:30,119846243,95357,0,3051424,0,32,32,32.0,0.0,0,0,0.0,0.0,25461.15693,795.6611539,1256.829596,26496.0452,883448,0,120000000,1256.829596,26496.0452,883448,0,0,0.0,0.0,0,0,0,0,0,0,762856,0,795.6611539,0.0,32,32,32.0,0.0,0.0,0,0,0,0,0,0,0,0,0,32.00033558,32.0,0.0,0,0,0,0,0,0,95357,3051424,0,0,-1,-1,95356,8,0.0,0.0,0,0,0.0,0.0,0,0,DDOS attack-LOIC-UDP
80,17,21/02/2018 10:13:30,119998875,94625,0,3028000,0,32,32,32.0,0.0,0,0,0.0,0.0,25233.5699,788.5490593,1268.165317,24478.01624,1003616,0,120000000,1268.165317,24478.01624,1003616,0,0,0.0,0.0,0,0,0,0,0,0,757000,0,788.5490593,0.0,32,32,32.0,0.0,0.0,0,0,0,0,0,0,0,0,0,32.00033818,32.0,0.0,0,0,0,0,0,0,94625,3028000,0,0,-1,-1,94624,8,0.0,0.0,0,0,0.0,0.0,0,0,DDOS attack-LOIC-UDP
80,17,21/02/2018 10:13:29,96012586,13,0,416,0,32,32,32.0,0.0,0,0,0.0,0.0,4.33276529,0.135398915,8001048.833,7137556.549,22000000,1019033,96000000,8001048.833,7137556.549,22000000,1019033,0,0.0,0.0,0,0,0,0,0,0,104,0,0.135398915,0.0,32,32,32.0,0.0,0.0,0,0,0,0,0,0,0,0,0,34.46153846,32.0,0.0,0,0,0,0,0,0,13,416,0,0,-1,-1,12,8,5334524.0,576182.3238,5999647,4988012,13200000.0,6807380.275,22000000,6988706,Benign
80,17,21/02/2018 10:13:30,100997741,8,0,256,0,32,32,32.0,0.0,0,0,0.0,0.0,2.534710158,0.079209692,14400000.0,7159497.704,23000000,4984502,101000000,14400000.0,7159497.704,23000000,4984502,0,0.0,0.0,0,0,0,0,0,0,64,0,0.079209692,0.0,32,32,32.0,0.0,0.0,0,0,0,0,0,0,0,0,0,36.0,32.0,0.0,0,0,0,0,0,0,8,256,0,0,-1,-1,7,8,4984502.0,0.0,4984502,4984502,16000000.0,6379687.039,23000000,7944331,Benign
80,17,21/02/2018 10:13:31,119837394,83092,0,2658944,0,32,32,32.0,0.0,0,0,0.0,0.0,22187.93242,693.3728883,1442.24277,28351.49759,842024,0,120000000,1442.24277,28351.49759,842024,0,0,0.0,0.0,0,0,0,0,0,0,664736,0,693.3728883,0.0,32,32,32.0,0.0,0.0,0,0,0,0,0,0,0,0,0,32.00038512,32.0,0.0,0,0,0,0,0,0,83092,2658944,0,0,-1,-1,83091,8,0.0,0.0,0,0,0.0,0.0,0,0,DDOS attack-LOIC-UDP
80,17,21/02/2018 10:13:31,119690383,104438,0,3342016,0,32,32,32.0,0.0,0,0,0.0,0.0,27922.1765,872.5680158,1146.053439,23367.12845,1185925,0,120000000,1146.053439,23367.12845,1185925,0,0,0.0,0.0,0,0,0,0,0,0,835504,0,872.5680158,0.0,32,32,32.0,0.0,0.0,0,0,0,0,0,0,0,0,0,32.0003064,32.0,0.0,0,0,0,0,0,0,104438,3342016,0,0,-1,-1,104437,8,0.0,0.0,0,0,0.0,0.0,0,0,DDOS attack-LOIC-UDP
80,17,21/02/2018 10:13:24,116991925,12,0,384,0,32,32,32.0,0.0,0,0,0.0,0.0,3.282277815,0.102571182,10600000.0,9992913.834,32000000,2979984,117000000,10600000.0,9992913.834,32000000,2979984,0,0.0,0.0,0,0,0,0,0,0,96,0,0.102571182,0.0,32,32,32.0,0.0,0.0,0,0,0,0,0,0,0,0,0,34.66666667,32.0,0.0,0,0,0,0,0,0,12,384,0,0,-1,-1,11,8,4322730.333,1523125.835,5983985,2992016,16800000.0,9901690.799,32000000,7023260,Benign
80,17,21/02/2018 10:13:29,77013505,9,0,288,0,32,32,32.0,0.0,0,0,0.0,0.0,3.739603853,0.11686262,9626688.125,11400000.0,37000000,2003932,77000000,9626688.125,11400000.0,37000000,2003932,0,0.0,0.0,0,0,0,0,0,0,72,0,0.11686262,0.0,32,32,32.0,0.0,0.0,0,0,0,0,0,0,0,0,0,35.55555556,32.0,0.0,0,0,0,0,0,0,9,288,0,0,-1,-1,8,8,4500382.5,3530514.155,6996833,2003932,13600000.0,13200000.0,37000000,5984377,Benign
80,17,21/02/2018 10:13:32,119787896,93946,0,3006272,0,32,32,32.0,0.0,0,0,0.0,0.0,25096.62579,784.2695559,1275.08538,26600.07442,857555,0,120000000,1275.08538,26600.07442,857555,0,0,0.0,0.0,0,0,0,0,0,0,751568,0,784.2695559,0.0,32,32,32.0,0.0,0.0,0,0,0,0,0,0,0,0,0,32.00034062,32.0,0.0,0,0,0,0,0,0,93946,3006272,0,0,-1,-1,93945,8,0.0,0.0,0,0,0.0,0.0,0,0,DDOS attack-LOIC-UDP
80,17,21/02/2018 10:13:31,115996083,13,0,416,0,32,32,32.0,0.0,0,0,0.0,0.0,3.586327997,0.11207275,9666340.25,13500000.0,49000000,984019,116000000,9666340.25,13500000.0,49000000,984019,0,0.0,0.0,0,0,0,0,0,0,104,0,0.11207275,0.0,32,32,32.0,0.0,0.0,0,0,0,0,0,0,0,0,0,34.46153846,32.0,0.0,0,0,0,0,0,0,13,416,0,0,-1,-1,12,8,2983122.667,1716726.309,4965406,1983993,17700000.0,15700000.0,49000000,7987979,Benign
80,17,21/02/2018 10:13:33,119897804,93540,0,2993280,0,32,32,32.0,0.0,0,0,0.0,0.0,24965.26125,780.164414,1281.794802,24631.59803,681246,0,120000000,1281.794802,24631.59803,681246,0,0,0.0,0.0,0,0,0,0,0,0,748320,0,780.164414,0.0,32,32,32.0,0.0,0.0,0,0,0,0,0,0,0,0,0,32.0003421,32.0,0.0,0,0,0,0,0,0,93540,2993280,0,0,-1,-1,93539,8,0.0,0.0,0,0,0.0,0.0,0,0,DDOS attack-LOIC-UDP
80,17,21/02/2018 10:13:33,119671948,87960,0,2814720,0,32,32,32.0,0.0,0,0,0.0,0.0,23520.29901,735.009344,1360.542389,27374.34546,866498,0,120000000,1360.542389,27374.34546,866498,0,0,0.0,0.0,0,0,0,0,0,0,703680,0,735.009344,0.0,32,32,32.0,0.0,0.0,0,0,0,0,0,0,0,0,0,32.0003638,32.0,0.0,0,0,0,0,0,0,87960,2814720,0,0,-1,-1,87959,8,0.0,0.0,0,0,0.0,0.0,0,0,DDOS attack-LOIC-UDP
80,17,21/02/2018 10:13:23,114008245,13,0,416,0,32,32,32.0,0.0,0,0,0.0,0.0,3.648858905,0.114026841,9500687.083,7924129.709,28000000,1980048,114000000,9500687.083,7924129.709,28000000,1980048,0,0.0,0.0,0,0,0,0,0,0,104,0,0.114026841,0.0,32,32,32.0,0.0,0.0,0,0,0,0,0,0,0,0,0,34.46153846,32.0,0.0,0,0,0,0,0,0,13,416,0,0,-1,-1,12,8,3316222.333,571548.6131,3976080,2975867,13000000.0,7507867.188,28000000,7000324,Benign
80,17,21/02/2018 10:13:33,103995870,13,0,416,0,32,32,32.0,0.0,0,0,0.0,0.0,4.000158852,0.125004964,8666322.5,9074026.078,32000000,988019,104000000,8666322.5,9074026.078,32000000,988019,0,0.0,0.0,0,0,0,0,0,0,104,0,0.125004964,0.0,32,32,32.0,0.0,0.0,0,0,0,0,0,0,0,0,0,34.46153846,32.0,0.0,0,0,0,0,0,0,13,416,0,0,-1,-1,12,8,3748000.0,1714486.623,6008079,1996036,14800000.0,9398825.895,32000000,5000145,Benign
80,17,21/02/2018 10:13:26,114004301,11,0,352,0,32,32,32.0,0.0,0,0,0.0,0.0,3.087602809,0.096487588,11400000.0,12000000.0,35000000,1999258,114000000,11400000.0,12000000.0,35000000,1999258,0,0.0,0.0,0,0,0,0,0,0,88,0,0.096487588,0.0,32,32,32.0,0.0,0.0,0,0,0,0,0,0,0,0,0,34.90909091,32.0,0.0,0,0,0,0,0,0,11,352,0,0,-1,-1,10,8,3666337.0,2887158.961,7000141,1999258,17200000.0,12600000.0,35000000,6995960,Benign
80,17,21/02/2018 10:13:34,119703523,84423,0,2701536,0,32,32,32.0,0.0,0,0,0.0,0.0,22568.55882,705.2674632,1417.918588,27951.04368,929476,0,120000000,1417.918588,27951.04368,929476,0,0,0.0,0.0,0,0,0,0,0,0,675384,0,705.2674632,0.0,32,32,32.0,0.0,0.0,0,0,0,0,0,0,0,0,0,32.00037904,32.0,0.0,0,0,0,0,0,0,84423,2701536,0,0,-1,-1,84422,8,0.0,0.0,0,0,0.0,0.0,0,0,DDOS attack-LOIC-UDP
80,17,21/02/2018 10:13:35,119645012,109809,0,3513888,0,32,32,32.0,0.0,0,0,0.0,0.0,29369.28119,917.7900371,1089.583746,21182.10295,735807,0,120000000,1089.583746,21182.10295,735807,0,0,0.0,0.0,0,0,0,0,0,0,878472,0,917.7900371,0.0,32,32,32.0,0.0,0.0,0,0,0,0,0,0,0,0,0,32.00029142,32.0,0.0,0,0,0,0,0,0,109809,3513888,0,0,-1,-1,109808,8,0.0,0.0,0,0,0.0,0.0,0,0,DDOS attack-LOIC-UDP
80,17,21/02/2018 10:13:33,119001694,11,0,352,0,32,32,32.0,0.0,0,0,0.0,0.0,2.957941086,0.092435659,11900000.0,7991381.491,27000000,2995780,119000000,11900000.0,7991381.491,27000000,2995780,0,0.0,0.0,0,0,0,0,0,0,88,0,0.092435659,0.0,32,32,32.0,0.0,0.0,0,0,0,0,0,0,0,0,0,34.90909091,32.0,0.0,0,0,0,0,0,0,11,352,0,0,-1,-1,10,8,5010264.0,2848910.594,7024748,2995780,15600000.0,6583935.182,27000000,8996246,Benign
80,17,21/02/2018 10:13:21,114005090,13,0,416,0,32,32,32.0,0.0,0,0,0.0,0.0,3.648959884,0.114029996,9500424.167,8626886.999,24000000,952997,114000000,9500424.167,8626886.999,24000000,952997,0,0.0,0.0,0,0,0,0,0,0,104,0,0.114029996,0.0,32,32,32.0,0.0,0.0,0,0,0,0,0,0,0,0,0,34.46153846,32.0,0.0,0,0,0,0,0,0,13,416,0,0,-1,-1,12,8,2382320.6,1936786.374,4959197,983946,16900000.0,5523800.716,24000000,8043413,Benign
80,17,21/02/2018 10:13:36,119933293,99927,0,3197664,0,32,32,32.0,0.0,0,0,0.0,0.0,26662.0212,833.1881624,1200.221094,25527.24536,895151,0,120000000,1200.221094,25527.24536,895151,0,0,0.0,0.0,0,0,0,0,0,0,799416,0,833.1881624,0.0,32,32,32.0,0.0,0.0,0,0,0,0,0,0,0,0,0,32.00032023,32.0,0.0,0,0,0,0,0,0,99927,3197664,0,0,-1,-1,99926,8,0.0,0.0,0,0,0.0,0.0,0,0,DDOS attack-LOIC-UDP
80,17,21/02/2018 10:13:36,119623133,123176,0,3941632,0,32,32,32.0,0.0,0,0,0.0,0.0,32950.41604,1029.700501,971.1640593,20080.5295,921489,0,120000000,971.1640593,20080.5295,921489,0,0,0.0,0.0,0,0,0,0,0,0,985408,0,1029.700501,0.0,32,32,32.0,0.0,0.0,0,0,0,0,0,0,0,0,0,32.00025979,32.0,0.0,0,0,0,0,0,0,123176,3941632,0,0,-1,-1,123175,8,0.0,0.0,0,0,0.0,0.0,0,0,DDOS attack-LOIC-UDP
80,17,21/02/2018 10:13:36,119741030,87925,0,2813600,0,32,32,32.0,0.0,0,0,0.0,0.0,23497.37596,734.2929988,1361.869683,27059.04632,840878,0,120000000,1361.869683,27059.04632,840878,0,0,0.0,0.0,0,0,0,0,0,0,703400,0,734.2929988,0.0,32,32,32.0,0.0,0.0,0,0,0,0,0,0,0,0,0,32.00036395,32.0,0.0,0,0,0,0,0,0,87925,2813600,0,0,-1,-1,87924,8,0.0,0.0,0,0,0.0,0.0,0,0,DDOS attack-LOIC-UDP
80,17,21/02/2018 10:13:23,112997853,13,0,416,0,32,32,32.0,0.0,0,0,0.0,0.0,3.681485877,0.115046434,9416487.75,7738625.81,23000000,983798,113000000,9416487.75,7738625.81,23000000,983798,0,0.0,0.0,0,0,0,0,0,0,104,0,0.115046434,0.0,32,32,32.0,0.0,0.0,0,0,0,0,0,0,0,0,0,34.46153846,32.0,0.0,0,0,0,0,0,0,13,416,0,0,-1,-1,12,8,2004021.0,1429557.003,4024334,983798,15000000.0,4621693.671,23000000,8988327,Benign
80,17,21/02/2018 10:13:32,112016380,13,0,416,0,32,32,32.0,0.0,0,0,0.0,0.0,3.713742579,0.116054456,9334698.333,9603174.609,35000000,3995795,112000000,9334698.333,9603174.609,35000000,3995795,0,0.0,0.0,0,0,0,0,0,0,104,0,0.116054456,0.0,32,32,32.0,0.0,0.0,0,0,0,0,0,0,0,0,0,34.46153846,32.0,0.0,0,0,0,0,0,0,13,416,0,0,-1,-1,12,8,6252592.75,3868702.275,12000000,3995795,16600000.0,11800000.0,35000000,5001613,Benign
80,17,21/02/2018 10:13:37,119802613,109848,0,3515136,0,32,32,32.0,0.0,0,0,0.0,0.0,29341.06287,916.9082147,1090.631633,21211.91497,726245,0,120000000,1090.631633,21211.91497,726245,0,0,0.0,0.0,0,0,0,0,0,0,878784,0,916.9082147,0.0,32,32,32.0,0.0,0.0,0,0,0,0,0,0,0,0,0,32.00029131,32.0,0.0,0,0,0,0,0,0,109848,3515136,0,0,-1,-1,109847,8,0.0,0.0,0,0,0.0,0.0,0,0,DDOS attack-LOIC-UDP
80,17,21/02/2018 10:13:37,119675006,96762,0,3096384,0,32,32,32.0,0.0,0,0,0.0,0.0,25873.27215,808.5397547,1236.810347,25849.33164,874071,0,120000000,1236.810347,25849.33164,874071,0,0,0.0,0.0,0,0,0,0,0,0,774096,0,808.5397547,0.0,32,32,32.0,0.0,0.0,0,0,0,0,0,0,0,0,0,32.00033071,32.0,0.0,0,0,0,0,0,0,96762,3096384,0,0,-1,-1,96761,8,0.0,0.0,0,0,0.0,0.0,0,0,DDOS attack-LOIC-UDP
80,17,21/02/2018 10:13:36,110996043,9,0,288,0,32,32,32.0,0.0,0,0,0.0,0.0,2.594687092,0.081083972,13900000.0,15500000.0,48000000,1027710,111000000,13900000.0,15500000.0,48000000,1027710,0,0.0,0.0,0,0,0,0,0,0,72,0,0.081083972,0.0,32,32,32.0,0.0,0.0,0,0,0,0,0,0,0,0,0,35.55555556,32.0,0.0,0,0,0,0,0,0,9,288,0,0,-1,-1,8,8,5990842.0,0.0,5990842,5990842,17500000.0,16500000.0,48000000,6005371,Benign
80,17,21/02/2018 10:13:38,119942079,118683,0,3797856,0,32,32,32.0,0.0,0,0,0.0,0.0,31664.08346,989.5026082,1010.617271,20520.13252,795571,0,120000000,1010.617271,20520.13252,795571,0,0,0.0,0.0,0,0,0,0,0,0,949464,0,989.5026082,0.0,32,32,32.0,0.0,0.0,0,0,0,0,0,0,0,0,0,32.00026963,32.0,0.0,0,0,0,0,0,0,118683,3797856,0,0,-1,-1,118682,8,0.0,0.0,0,0,0.0,0.0,0,0,DDOS attack-LOIC-UDP
80,17,21/02/2018 10:13:37,116026633,14,0,448,0,32,32,32.0,0.0,0,0,0.0,0.0,3.861182458,0.120661952,8925125.615,6908037.694,28000000,995530,116000000,8925125.615,6908037.694,28000000,995530,0,0.0,0.0,0,0,0,0,0,0,112,0,0.120661952,0.0,32,32,32.0,0.0,0.0,0,0,0,0,0,0,0,0,0,34.28571429,32.0,0.0,0,0,0,0,0,0,14,448,0,0,-1,-1,13,8,2994640.0,2827168.475,4993750,995530,10000000.0,6939223.917,28000000,5003915,Benign
80,17,21/02/2018 10:13:22,91999871,13,0,416,0,32,32,32.0,0.0,0,0,0.0,0.0,4.521745471,0.141304546,7666655.917,4488003.615,16000000,2999080,92000000,7666655.917,4488003.615,16000000,2999080,0,0.0,0.0,0,0,0,0,0,0,104,0,0.141304546,0.0,32,32,32.0,0.0,0.0,0,0,0,0,0,0,0,0,0,34.46153846,32.0,0.0,0,0,0,0,0,0,13,416,0,0,-1,-1,12,8,4478331.5,1016636.76,6002950,3951910,10600000.0,3593371.985,16000000,7032791,Benign
80,17,21/02/2018 10:13:35,114008135,13,0,416,0,32,32,32.0,0.0,0,0,0.0,0.0,3.648862425,0.114026951,9500677.917,5997587.93,21000000,984134,114000000,9500677.917,5997587.93,21000000,984134,0,0.0,0.0,0,0,0,0,0,0,104,0,0.114026951,0.0,32,32,32.0,0.0,0.0,0,0,0,0,0,0,0,0,0,34.46153846,32.0,0.0,0,0,0,0,0,0,13,416,0,0,-1,-1,12,8,2495850.5,2137889.977,4007567,984134,10900000.0,5511088.218,21000000,5999271,Benign
80,17,21/02/2018 10:13:39,119886487,106886,0,3420352,0,32,32,32.0,0.0,0,0,0.0,0.0,28529.92097,891.5600304,1121.639959,21518.87272,873820,0,120000000,1121.639959,21518.87272,873820,0,0,0.0,0.0,0,0,0,0,0,0,855088,0,891.5600304,0.0,32,32,32.0,0.0,0.0,0,0,0,0,0,0,0,0,0,32.00029938,32.0,0.0,0,0,0,0,0,0,106886,3420352,0,0,-1,-1,106885,8,0.0,0.0,0,0,0.0,0.0,0,0,DDOS attack-LOIC-UDP
80,17,21/02/2018 10:13:35,104007983,12,0,384,0,32,32,32.0,0.0,0,0,0.0,0.0,3.692024294,0.115375759,9455271.182,6389773.808,19000000,2000076,104000000,9455271.182,6389773.808,19000000,2000076,0,0.0,0.0,0,0,0,0,0,0,96,0,0.115375759,0.0,32,32,32.0,0.0,0.0,0,0,0,0,0,0,0,0,0,34.66666667,32.0,0.0,0,0,0,0,0,0,12,384,0,0,-1,-1,11,8,3670709.667,1137355.959,4984015,3013421,13300000.0,4567662.342,19000000,7000006,Benign
80,17,21/02/2018 10:13:36,119988049,16,0,512,0,32,32,32.0,0.0,0,0,0.0,0.0,4.267091633,0.133346614,7999203.267,9172469.108,39000000,3028643,120000000,7999203.267,9172469.108,39000000,3028643,0,0.0,0.0,0,0,0,0,0,0,128,0,0.133346614,0.0,32,32,32.0,0.0,0.0,0,0,0,0,0,0,0,0,0,34.0,32.0,0.0,0,0,0,0,0,0,16,512,0,0,-1,-1,15,8,10700000.0,6512858.424,17000000,3992018,15800000.0,13400000.0,39000000,6011741,Benign
80,17,21/02/2018 10:13:40,119999958,118183,0,3781856,0,32,32,32.0,0.0,0,0,0.0,0.0,31515.4777,984.858678,1015.382698,20639.4178,866794,0,120000000,1015.382698,20639.4178,866794,0,0,0.0,0.0,0,0,0,0,0,0,945464,0,984.858678,0.0,32,32,32.0,0.0,0.0,0,0,0,0,0,0,0,0,0,32.00027077,32.0,0.0,0,0,0,0,0,0,118183,3781856,0,0,-1,-1,118182,8,0.0,0.0,0,0,0.0,0.0,0,0,DDOS attack-LOIC-UDP
80,17,21/02/2018 10:13:36,117004095,11,0,352,0,32,32,32.0,0.0,0,0,0.0,0.0,3.008441713,0.094013804,11700000.0,8541588.31,28000000,4008150,117000000,11700000.0,8541588.31,28000000,4008150,0,0.0,0.0,0,0,0,0,0,0,88,0,0.094013804,0.0,32,32,32.0,0.0,0.0,0,0,0,0,0,0,0,0,0,34.90909091,32.0,0.0,0,0,0,0,0,0,11,352,0,0,-1,-1,10,8,4503952.0,701169.9127,4999754,4008150,13500000.0,8673971.22,28000000,5001664,Benign
80,17,21/02/2018 10:13:39,91993209,8,0,256,0,32,32,32.0,0.0,0,0,0.0,0.0,2.78281411,0.086962941,13100000.0,6884135.347,20000000,2980124,92000000,13100000.0,6884135.347,20000000,2980124,0,0.0,0.0,0,0,0,0,0,0,64,0,0.086962941,0.0,32,32,32.0,0.0,0.0,0,0,0,0,0,0,0,0,0,36.0,32.0,0.0,0,0,0,0,0,0,8,256,0,0,-1,-1,7,8,3505145.5,742492.5258,4030167,2980124,17000000.0,2437704.802,20000000,14000000,Benign
80,17,21/02/2018 10:13:29,115992609,14,0,448,0,32,32,32.0,0.0,0,0,0.0,0.0,3.862315055,0.120697345,8922508.385,7586819.954,23000000,956582,116000000,8922508.385,7586819.954,23000000,956582,0,0.0,0.0,0,0,0,0,0,0,112,0,0.120697345,0.0,32,32,32.0,0.0,0.0,0,0,0,0,0,0,0,0,0,34.28571429,32.0,0.0,0,0,0,0,0,0,14,448,0,0,-1,-1,13,8,1657951.667,1148484.143,2984094,989810,13800000.0,5393408.154,23000000,7004590,Benign
80,17,21/02/2018 10:13:41,119943544,108867,0,3483744,0,32,32,32.0,0.0,0,0,0.0,0.0,29044.86464,907.65202,1101.753936,21296.49281,722746,0,120000000,1101.753936,21296.49281,722746,0,0,0.0,0.0,0,0,0,0,0,0,870936,0,907.65202,0.0,32,32,32.0,0.0,0.0,0,0,0,0,0,0,0,0,0,32.00029394,32.0,0.0,0,0,0,0,0,0,108867,3483744,0,0,-1,-1,108866,8,0.0,0.0,0,0,0.0,0.0,0,0,DDOS attack-LOIC-UDP
80,17,21/02/2018 10:13:31,117996264,14,0,448,0,32,32,32.0,0.0,0,0,0.0,0.0,3.796730378,0.118647824,9076635.692,8075682.858,28000000,1984554,118000000,9076635.692,8075682.858,28000000,1984554,0,0.0,0.0,0,0,0,0,0,0,112,0,0.118647824,0.0,32,32,32.0,0.0,0.0,0,0,0,0,0,0,0,0,0,34.28571429,32.0,0.0,0,0,0,0,0,0,14,448,0,0,-1,-1,13,8,7495948.0,6364472.976,12000000,2995586,14000000.0,8221880.778,28000000,5002193,Benign
80,17,21/02/2018 10:13:27,110012530,13,0,416,0,32,32,32.0,0.0,0,0,0.0,0.0,3.781387447,0.118168358,9167710.833,8099237.036,26000000,982582,110000000,9167710.833,8099237.036,26000000,982582,0,0.0,0.0,0,0,0,0,0,0,104,0,0.118168358,0.0,32,32,32.0,0.0,0.0,0,0,0,0,0,0,0,0,0,34.46153846,32.0,0.0,0,0,0,0,0,0,13,416,0,0,-1,-1,12,8,3017624.0,2877983.996,5052666,982582,12900000.0,7425888.552,26000000,5006561,Benign
80,17,21/02/2018 10:13:42,119708903,117391,0,3756512,0,32,32,32.0,0.0,0,0,0.0,0.0,31380.38948,980.6371712,1019.753838,20587.06278,706547,0,120000000,1019.753838,20587.06278,706547,0,0,0.0,0.0,0,0,0,0,0,0,939128,0,980.6371712,0.0,32,32,32.0,0.0,0.0,0,0,0,0,0,0,0,0,0,32.00027259,32.0,0.0,0,0,0,0,0,0,117391,3756512,0,0,-1,-1,117390,8,0.0,0.0,0,0,0.0,0.0,0,0,DDOS attack-LOIC-UDP
80,17,21/02/2018 10:13:36,112996084,19,0,608,0,32,32,32.0,0.0,0,0,0.0,0.0,5.380717442,0.16814742,6277560.222,5859051.22,25000000,1968116,113000000,6277560.222,5859051.22,25000000,1968116,0,0.0,0.0,0,0,0,0,0,0,152,0,0.16814742,0.0,32,32,32.0,0.0,0.0,0,0,0,0,0,0,0,0,0,33.68421053,32.0,0.0,0,0,0,0,0,0,19,608,0,0,-1,-1,18,8,16500000.0,13400000.0,26000000,6988126,11400000.0,6726458.273,25000000,6008002,Benign
80,17,21/02/2018 10:13:39,116991854,15,0,480,0,32,32,32.0,0.0,0,0,0.0,0.0,4.102849759,0.128214055,8356561.0,4635613.043,21000000,2005230,117000000,8356561.0,4635613.043,21000000,2005230,0,0.0,0.0,0,0,0,0,0,0,120,0,0.128214055,0.0,32,32,32.0,0.0,0.0,0,0,0,0,0,0,0,0,0,34.13333333,32.0,0.0,0,0,0,0,0,0,15,480,0,0,-1,-1,14,8,5979435.5,1422442.164,6985254,4973617,9548453.0,4478218.597,21000000,5015902,Benign
80,17,21/02/2018 10:13:43,119781643,110727,0,3543264,0,32,32,32.0,0.0,0,0,0.0,0.0,29581.02687,924.4070897,1081.784251,21088.65171,746536,0,120000000,1081.784251,21088.65171,746536,0,0,0.0,0.0,0,0,0,0,0,0,885816,0,924.4070897,0.0,32,32,32.0,0.0,0.0,0,0,0,0,0,0,0,0,0,32.000289,32.0,0.0,0,0,0,0,0,0,110727,3543264,0,0,-1,-1,110726,8,0.0,0.0,0,0,0.0,0.0,0,0,DDOS attack-LOIC-UDP
80,17,21/02/2018 10:13:44,119947430,124979,0,3999328,0,32,32,32.0,0.0,0,0,0.0,0.0,33342.34006,1041.948127,959.7483557,19750.71464,699459,0,120000000,959.7483557,19750.71464,699459,0,0,0.0,0.0,0,0,0,0,0,0,999832,0,1041.948127,0.0,32,32,32.0,0.0,0.0,0,0,0,0,0,0,0,0,0,32.00025604,32.0,0.0,0,0,0,0,0,0,124979,3999328,0,0,-1,-1,124978,8,0.0,0.0,0,0,0.0,0.0,0,0,DDOS attack-LOIC-UDP
80,17,21/02/2018 10:13:41,118991818,13,0,416,0,32,32,32.0,0.0,0,0,0.0,0.0,3.496038694,0.109251209,9915984.833,9876894.451,36000000,2004202,119000000,9915984.833,9876894.451,36000000,2004202,0,0.0,0.0,0,0,0,0,0,0,104,0,0.109251209,0.0,32,32,32.0,0.0,0.0,0,0,0,0,0,0,0,0,0,34.46153846,32.0,0.0,0,0,0,0,0,0,13,416,0,0,-1,-1,12,8,4993139.667,1995865.781,6991651,2999930,14400000.0,11000000.0,36000000,5004081,Benign
80,17,21/02/2018 10:13:30,111998007,17,0,544,0,32,32,32.0,0.0,0,0,0.0,0.0,4.85722929,0.151788415,6999875.438,6128766.07,25000000,1120003,112000000,6999875.438,6128766.07,25000000,1120003,0,0.0,0.0,0,0,0,0,0,0,136,0,0.151788415,0.0,32,32,32.0,0.0,0.0,0,0,0,0,0,0,0,0,0,33.88235294,32.0,0.0,0,0,0,0,0,0,17,544,0,0,-1,-1,16,8,5005758.25,1152358.065,6008051,4004104,11100000.0,6404824.713,25000000,6000114,Benign
80,17,21/02/2018 10:13:42,96027976,8,0,256,0,32,32,32.0,0.0,0,0,0.0,0.0,2.665889782,0.083309056,13700000.0,9960662.586,25000000,976020,96000000,13700000.0,9960662.586,25000000,976020,0,0.0,0.0,0,0,0,0,0,0,64,0,0.083309056,0.0,32,32,32.0,0.0,0.0,0,0,0,0,0,0,0,0,0,36.0,32.0,0.0,0,0,0,0,0,0,8,256,0,0,-1,-1,7,8,980372.0,0.0,980372,980372,18800000.0,5933408.579,25000000,9024441,Benign
80,17,21/02/2018 10:13:41,114028259,14,0,448,0,32,32,32.0,0.0,0,0,0.0,0.0,3.928850654,0.122776583,8771404.538,9606180.725,36000000,999942,114000000,8771404.538,9606180.725,36000000,999942,0,0.0,0.0,0,0,0,0,0,0,112,0,0.122776583,0.0,32,32,32.0,0.0,0.0,0,0,0,0,0,0,0,0,0,34.28571429,32.0,0.0,0,0,0,0,0,0,14,448,0,0,-1,-1,13,8,4253972.75,3774498.141,7999300,999942,13900000.0,10800000.0,36000000,5028103,Benign
80,17,21/02/2018 10:13:47,119062041,13,0,416,0,32,32,32.0,0.0,0,0,0.0,0.0,3.493976724,0.109186773,9921836.75,6733916.537,21000000,2004186,119000000,9921836.75,6733916.537,21000000,2004186,0,0.0,0.0,0,0,0,0,0,0,104,0,0.109186773,0.0,32,32,32.0,0.0,0.0,0,0,0,0,0,0,0,0,0,34.46153846,32.0,0.0,0,0,0,0,0,0,13,416,0,0,-1,-1,12,8,4990055.333,1998017.502,6988021,2991986,13000000.0,6129754.599,21000000,6995632,Benign
80,17,21/02/2018 10:13:47,115993711,10,0,320,0,32,32,32.0,0.0,0,0,0.0,0.0,2.758770258,0.086211571,12900000.0,13000000.0,42000000,1999965,116000000,12900000.0,13000000.0,42000000,1999965,0,0.0,0.0,0,0,0,0,0,0,80,0,0.086211571,0.0,32,32,32.0,0.0,0.0,0,0,0,0,0,0,0,0,0,35.2,32.0,0.0,0,0,0,0,0,0,10,320,0,0,-1,-1,9,8,2756128.75,962361.7574,4020047,1999965,21000000.0,12300000.0,42000000,12000000,Benign
80,17,21/02/2018 10:13:47,105008023,10,0,320,0,32,32,32.0,0.0,0,0,0.0,0.0,3.047386198,0.095230819,11700000.0,10800000.0,38000000,960021,105000000,11700000.0,10800000.0,38000000,960021,0,0.0,0.0,0,0,0,0,0,0,80,0,0.095230819,0.0,32,32,32.0,0.0,0.0,0,0,0,0,0,0,0,0,0,35.2,32.0,0.0,0,0,0,0,0,0,10,320,0,0,-1,-1,9,8,960021.0,0.0,960021,960021,13000000.0,10700000.0,38000000,5016849,Benign
80,17,21/02/2018 10:13:41,115980038,14,0,448,0,32,32,32.0,0.0,0,0,0.0,0.0,3.862733689,0.120710428,8921541.385,7000183.267,27000000,1993511,116000000,8921541.385,7000183.267,27000000,1993511,0,0.0,0.0,0,0,0,0,0,0,112,0,0.120710428,0.0,32,32,32.0,0.0,0.0,0,0,0,0,0,0,0,0,0,34.28571429,32.0,0.0,0,0,0,0,0,0,14,448,0,0,-1,-1,13,8,3994664.333,1733052.885,4998603,1993511,11600000.0,6884625.854,27000000,5009528,Benign
80,17,21/02/2018 10:13:48,100000069,18,0,576,0,32,32,32.0,0.0,0,0,0.0,0.0,5.759996026,0.179999876,5882357.0,3714961.769,14000000,941244,100000000,5882357.0,3714961.769,14000000,941244,0,0.0,0.0,0,0,0,0,0,0,144,0,0.179999876,0.0,32,32,32.0,0.0,0.0,0,0,0,0,0,0,0,0,0,33.77777778,32.0,0.0,0,0,0,0,0,0,18,576,0,0,-1,-1,17,8,2973385.5,3362789.659,7964108,941244,7920588.273,2799452.866,14000000,5035483,Benign
80,17,21/02/2018 10:13:27,118996013,15,0,480,0,32,32,32.0,0.0,0,0,0.0,0.0,4.033748593,0.126054644,8499715.214,6161367.715,20000000,1939937,119000000,8499715.214,6161367.715,20000000,1939937,0,0.0,0.0,0,0,0,0,0,0,120,0,0.126054644,0.0,32,32,32.0,0.0,0.0,0,0,0,0,0,0,0,0,0,34.13333333,32.0,0.0,0,0,0,0,0,0,15,480,0,0,-1,-1,14,8,4635931.667,2549557.873,7008114,1939937,10500000.0,6210917.151,20000000,5003879,Benign
80,17,21/02/2018 10:13:46,117997084,15,0,480,0,32,32,32.0,0.0,0,0,0.0,0.0,4.067897135,0.127121785,8428363.143,6846578.429,20000000,1979934,118000000,8428363.143,6846578.429,20000000,1979934,0,0.0,0.0,0,0,0,0,0,0,120,0,0.127121785,0.0,32,32,32.0,0.0,0.0,0,0,0,0,0,0,0,0,0,34.13333333,32.0,0.0,0,0,0,0,0,0,15,480,0,0,-1,-1,14,8,5327556.333,3215028.198,8995988,3000022,14300000.0,4567028.655,20000000,6007961,Benign
80,17,21/02/2018 10:13:50,116001302,6,0,192,0,32,32,32.0,0.0,0,0,0.0,0.0,1.655153836,0.051723557,23200000.0,20000000.0,57000000,5984375,116000000,23200000.0,20000000.0,57000000,5984375,0,0.0,0.0,0,0,0,0,0,0,48,0,0.051723557,0.0,32,32,32.0,0.0,0.0,0,0,0,0,0,0,0,0,0,37.33333333,32.0,0.0,0,0,0,0,0,0,6,192,0,0,-1,-1,5,8,0.0,0.0,0,0,23200000.0,20000000.0,57000000,5984375,Benign
80,17,21/02/2018 10:13:40,119984071,9,0,288,0,32,32,32.0,0.0,0,0,0.0,0.0,2.400318622,0.075009957,15000000.0,10900000.0,35000000,3011814,120000000,15000000.0,10900000.0,35000000,3011814,0,0.0,0.0,0,0,0,0,0,0,72,0,0.075009957,0.0,32,32,32.0,0.0,0.0,0,0,0,0,0,0,0,0,0,35.55555556,32.0,0.0,0,0,0,0,0,0,9,288,0,0,-1,-1,8,8,4012338.0,0.0,4012338,4012338,18800000.0,9846813.478,35000000,5988211,Benign
80,17,21/02/2018 10:13:42,104967977,12,0,384,0,32,32,32.0,0.0,0,0,0.0,0.0,3.658258556,0.11432058,9542543.364,6104899.36,26000000,3019986,105000000,9542543.364,6104899.36,26000000,3019986,0,0.0,0.0,0,0,0,0,0,0,96,0,0.11432058,0.0,32,32,32.0,0.0,0.0,0,0,0,0,0,0,0,0,0,34.66666667,32.0,0.0,0,0,0,0,0,0,12,384,0,0,-1,-1,11,8,4007304.5,1396279.213,4994623,3019986,10800000.0,6081255.55,26000000,5004037,Benign
80,17,21/02/2018 10:13:39,117991923,18,0,576,0,32,32,32.0,0.0,0,0,0.0,0.0,4.88169008,0.152552815,6940701.353,6919646.521,26000000,1983665,118000000,6940701.353,6919646.521,26000000,1983665,0,0.0,0.0,0,0,0,0,0,0,144,0,0.152552815,0.0,32,32,32.0,0.0,0.0,0,0,0,0,0,0,0,0,0,33.77777778,32.0,0.0,0,0,0,0,0,0,18,576,0,0,-1,-1,17,8,4214858.8,2937826.242,9000107,2022024,13000000.0,7332263.122,26000000,6000059,Benign
80,17,21/02/2018 10:13:52,111990322,11,0,352,0,32,32,32.0,0.0,0,0,0.0,0.0,3.143128743,0.098222773,11200000.0,8418497.939,29000000,1000340,112000000,11200000.0,8418497.939,29000000,1000340,0,0.0,0.0,0,0,0,0,0,0,88,0,0.098222773,0.0,32,32,32.0,0.0,0.0,0,0,0,0,0,0,0,0,0,34.90909091,32.0,0.0,0,0,0,0,0,0,11,352,0,0,-1,-1,10,8,5493778.5,6354681.668,9987217,1000340,14400000.0,7997757.448,29000000,6962217,Benign
80,17,21/02/2018 10:13:31,113994650,10,0,320,0,32,32,32.0,0.0,0,0,0.0,0.0,2.807149283,0.087723415,12700000.0,12000000.0,39000000,2011997,114000000,12700000.0,12000000.0,39000000,2011997,0,0.0,0.0,0,0,0,0,0,0,80,0,0.087723415,0.0,32,32,32.0,0.0,0.0,0,0,0,0,0,0,0,0,0,35.2,32.0,0.0,0,0,0,0,0,0,10,320,0,0,-1,-1,9,8,3669543.0,1515014.33,4982748,2011997,17200000.0,12500000.0,39000000,5993150,Benign
80,17,21/02/2018 10:13:49,116016522,17,0,544,0,32,32,32.0,0.0,0,0,0.0,0.0,4.688987315,0.146530854,7251032.625,6084406.074,18000000,983764,116000000,7251032.625,6084406.074,18000000,983764,0,0.0,0.0,0,0,0,0,0,0,136,0,0.146530854,0.0,32,32,32.0,0.0,0.0,0,0,0,0,0,0,0,0,0,33.88235294,32.0,0.0,0,0,0,0,0,0,17,544,0,0,-1,-1,16,8,5329620.0,587474.2596,6007957,4985958,12500000.0,3703544.432,18000000,6007945,Benign
80,17,21/02/2018 10:13:34,93032082,13,0,416,0,32,32,32.0,0.0,0,0,0.0,0.0,4.47157573,0.139736742,7752673.5,7282082.121,26000000,1000009,93000000,7752673.5,7282082.121,26000000,1000009,0,0.0,0.0,0,0,0,0,0,0,104,0,0.139736742,0.0,32,32,32.0,0.0,0.0,0,0,0,0,0,0,0,0,0,34.46153846,32.0,0.0,0,0,0,0,0,0,13,416,0,0,-1,-1,12,8,10000000.0,0.0,10000000,10000000,11900000.0,6926665.157,26000000,5012019,Benign
80,17,21/02/2018 10:13:55,115011986,19,0,608,0,32,32,32.0,0.0,0,0,0.0,0.0,5.28640554,0.165200173,6389554.778,4294234.017,20000000,995228,115000000,6389554.778,4294234.017,20000000,995228,0,0.0,0.0,0,0,0,0,0,0,152,0,0.165200173,0.0,32,32,32.0,0.0,0.0,0,0,0,0,0,0,0,0,0,33.68421053,32.0,0.0,0,0,0,0,0,0,19,608,0,0,-1,-1,18,8,5395901.6,2602563.773,7995833,2003735,8803247.8,4302262.818,20000000,5928975,Benign
80,17,21/02/2018 10:13:43,114999970,9,0,288,0,32,32,32.0,0.0,0,0,0.0,0.0,2.504348479,0.07826089,14400000.0,11200000.0,33000000,3008266,115000000,14400000.0,11200000.0,33000000,3008266,0,0.0,0.0,0,0,0,0,0,0,72,0,0.07826089,0.0,32,32,32.0,0.0,0.0,0,0,0,0,0,0,0,0,0,35.55555556,32.0,0.0,0,0,0,0,0,0,9,288,0,0,-1,-1,8,8,3008266.0,0.0,3008266,3008266,16000000.0,11000000.0,33000000,6948743,Benign
80,17,21/02/2018 10:13:30,113012442,10,0,320,0,32,32,32.0,0.0,0,0,0.0,0.0,2.831546636,0.088485832,12600000.0,6685269.374,24000000,3981462,113000000,12600000.0,6685269.374,24000000,3981462,0,0.0,0.0,0,0,0,0,0,0,80,0,0.088485832,0.0,32,32,32.0,0.0,0.0,0,0,0,0,0,0,0,0,0,35.2,32.0,0.0,0,0,0,0,0,0,10,320,0,0,-1,-1,9,8,3981462.0,0.0,3981462,3981462,13600000.0,6265682.903,24000000,5044029,Benign
80,17,21/02/2018 10:13:26,116020545,14,0,448,0,32,32,32.0,0.0,0,0,0.0,0.0,3.861385068,0.120668283,8924657.308,6487796.505,24000000,2995949,116000000,8924657.308,6487796.505,24000000,2995949,0,0.0,0.0,0,0,0,0,0,0,112,0,0.120668283,0.0,32,32,32.0,0.0,0.0,0,0,0,0,0,0,0,0,0,34.28571429,32.0,0.0,0,0,0,0,0,0,14,448,0,0,-1,-1,13,8,4665390.333,2884662.066,7996308,2995949,11300000.0,6442306.889,24000000,5004286,Benign
80,17,21/02/2018 10:13:40,118980130,13,0,416,0,32,32,32.0,0.0,0,0,0.0,0.0,3.496382127,0.109261941,9915010.833,7316404.85,26000000,2995100,119000000,9915010.833,7316404.85,26000000,2995100,0,0.0,0.0,0,0,0,0,0,0,104,0,0.109261941,0.0,32,32,32.0,0.0,0.0,0,0,0,0,0,0,0,0,0,34.46153846,32.0,0.0,0,0,0,0,0,0,13,416,0,0,-1,-1,12,8,3985657.5,1400859.851,4976215,2995100,11100000.0,7472080.006,26000000,5000297,Benign
80,17,21/02/2018 10:13:40,117972036,18,0,576,0,32,32,32.0,0.0,0,0,0.0,0.0,4.882513005,0.152578531,6939531.529,8666516.386,33000000,960062,118000000,6939531.529,8666516.386,33000000,960062,0,0.0,0.0,0,0,0,0,0,0,144,0,0.152578531,0.0,32,32,32.0,0.0,0.0,0,0,0,0,0,0,0,0,0,33.77777778,32.0,0.0,0,0,0,0,0,0,18,576,0,0,-1,-1,17,8,2657095.333,2249290.118,5993576,980098,14600000.0,9069456.548,33000000,5034388,Benign
80,17,21/02/2018 10:13:53,104004036,16,0,512,0,32,32,32.0,0.0,0,0,0.0,0.0,4.922885877,0.153840184,6933602.4,6217365.399,23000000,983997,104000000,6933602.4,6217365.399,23000000,983997,0,0.0,0.0,0,0,0,0,0,0,128,0,0.153840184,0.0,32,32,32.0,0.0,0.0,0,0,0,0,0,0,0,0,0,34.0,32.0,0.0,0,0,0,0,0,0,16,512,0,0,-1,-1,15,8,4972194.0,3005945.839,8000023,1988620,11100000.0,5711097.222,23000000,5003325,Benign
80,17,21/02/2018 10:13:57,104017076,12,0,384,0,32,32,32.0,0.0,0,0,0.0,0.0,3.691701543,0.115365673,9456097.818,7169502.982,21000000,987043,104000000,9456097.818,7169502.982,21000000,987043,0,0.0,0.0,0,0,0,0,0,0,96,0,0.115365673,0.0,32,32,32.0,0.0,0.0,0,0,0,0,0,0,0,0,0,34.66666667,32.0,0.0,0,0,0,0,0,0,12,384,0,0,-1,-1,11,8,2655156.333,2085979.003,4993991,987043,13700000.0,5192195.939,21000000,6004073,Benign
80,17,21/02/2018 10:13:44,117971946,6,0,192,0,32,32,32.0,0.0,0,0,0.0,0.0,1.627505577,0.050859549,23600000.0,18500000.0,55000000,7984003,118000000,23600000.0,18500000.0,55000000,7984003,0,0.0,0.0,0,0,0,0,0,0,48,0,0.050859549,0.0,32,32,32.0,0.0,0.0,0,0,0,0,0,0,0,0,0,37.33333333,32.0,0.0,0,0,0,0,0,0,6,192,0,0,-1,-1,5,8,0.0,0.0,0,0,23600000.0,18500000.0,55000000,7984003,Benign
80,17,21/02/2018 10:13:54,86976050,10,0,320,0,32,32,32.0,0.0,0,0,0.0,0.0,3.67917375,0.11497418,9664005.556,6342478.182,17000000,1980064,87000000,9664005.556,6342478.182,17000000,1980064,0,0.0,0.0,0,0,0,0,0,0,80,0,0.11497418,0.0,32,32,32.0,0.0,0.0,0,0,0,0,0,0,0,0,0,35.2,32.0,0.0,0,0,0,0,0,0,10,320,0,0,-1,-1,9,8,2661330.0,1162753.768,4003913,1980064,13200000.0,4437198.463,17000000,5019792,Benign
80,17,21/02/2018 10:13:55,118984097,21,0,672,0,32,32,32.0,0.0,0,0,0.0,0.0,5.64781359,0.176494175,5949204.85,4875870.588,24000000,1972109,119000000,5949204.85,4875870.588,24000000,1972109,0,0.0,0.0,0,0,0,0,0,0,168,0,0.176494175,0.0,32,32,32.0,0.0,0.0,0,0,0,0,0,0,0,0,0,33.52380952,32.0,0.0,0,0,0,0,0,0,21,672,0,0,-1,-1,20,8,8239213.75,7331165.609,16000000,1978419,8405513.3,5947744.416,24000000,5002455,Benign
80,17,21/02/2018 10:13:53,109984782,16,0,512,0,32,32,32.0,0.0,0,0,0.0,0.0,4.655189479,0.145474671,7332318.8,3316810.787,14000000,940307,110000000,7332318.8,3316810.787,14000000,940307,0,0.0,0.0,0,0,0,0,0,0,128,0,0.145474671,0.0,32,32,32.0,0.0,0.0,0,0,0,0,0,0,0,0,0,34.0,32.0,0.0,0,0,0,0,0,0,16,512,0,0,-1,-1,15,8,4480007.0,695672.8645,4971922,3988092,8340371.75,2766850.579,14000000,5004187,Benign
80,17,21/02/2018 10:14:02,119621329,111867,0,3579744,0,32,32,32.0,0.0,0,0,0.0,0.0,29925.63308,935.1760337,1069.326954,20431.53081,875949,0,120000000,1069.326954,20431.53081,875949,0,0,0.0,0.0,0,0,0,0,0,0,894936,0,935.1760337,0.0,32,32,32.0,0.0,0.0,0,0,0,0,0,0,0,0,0,32.00028605,32.0,0.0,0,0,0,0,0,0,111867,3579744,0,0,-1,-1,111866,8,0.0,0.0,0,0,0.0,0.0,0,0,DDOS attack-LOIC-UDP
80,17,21/02/2018 10:14:02,119422744,119661,0,3829152,0,32,32,32.0,0.0,0,0,0.0,0.0,32063.84204,1001.995064,998.0172489,19584.91198,694303,0,119000000,998.0172489,19584.91198,694303,0,0,0.0,0.0,0,0,0,0,0,0,957288,0,1001.995064,0.0,32,32,32.0,0.0,0.0,0,0,0,0,0,0,0,0,0,32.00026742,32.0,0.0,0,0,0,0,0,0,119661,3829152,0,0,-1,-1,119660,8,0.0,0.0,0,0,0.0,0.0,0,0,DDOS attack-LOIC-UDP
80,17,21/02/2018 10:13:57,114011990,10,0,320,0,32,32,32.0,0.0,0,0,0.0,0.0,2.806722346,0.087710073,12700000.0,11700000.0,40000000,972232,114000000,12700000.0,11700000.0,40000000,972232,0,0.0,0.0,0,0,0,0,0,0,80,0,0.087710073,0.0,32,32,32.0,0.0,0.0,0,0,0,0,0,0,0,0,0,35.2,32.0,0.0,0,0,0,0,0,0,10,320,0,0,-1,-1,9,8,972232.0,0.0,972232,972232,14100000.0,11600000.0,40000000,6004095,Benign
80,17,21/02/2018 10:13:38,119951995,18,0,576,0,32,32,32.0,0.0,0,0,0.0,0.0,4.801920968,0.15006003,7055999.706,5070397.597,24000000,2001624,120000000,7055999.706,5070397.597,24000000,2001624,0,0.0,0.0,0,0,0,0,0,0,144,0,0.15006003,0.0,32,32,32.0,0.0,0.0,0,0,0,0,0,0,0,0,0,33.77777778,32.0,0.0,0,0,0,0,0,0,18,576,0,0,-1,-1,17,8,3793781.4,1082513.437,4952037,2001624,10500000.0,5685852.474,24000000,6991850,Benign
80,17,21/02/2018 10:14:03,119536649,114978,0,3679296,0,32,32,32.0,0.0,0,0,0.0,0.0,30779.64817,961.8640054,1039.657053,20023.20041,705003,0,120000000,1039.657053,20023.20041,705003,0,0,0.0,0.0,0,0,0,0,0,0,919824,0,961.8640054,0.0,32,32,32.0,0.0,0.0,0,0,0,0,0,0,0,0,0,32.00027831,32.0,0.0,0,0,0,0,0,0,114978,3679296,0,0,-1,-1,114977,8,0.0,0.0,0,0,0.0,0.0,0,0,DDOS attack-LOIC-UDP
80,17,21/02/2018 10:14:04,119939255,125320,0,4010240,0,32,32,32.0,0.0,0,0,0.0,0.0,33435.59204,1044.862251,957.0715933,19124.06089,697790,0,120000000,957.0715933,19124.06089,697790,0,0,0.0,0.0,0,0,0,0,0,0,1002560,0,1044.862251,0.0,32,32,32.0,0.0,0.0,0,0,0,0,0,0,0,0,0,32.00025535,32.0,0.0,0,0,0,0,0,0,125320,4010240,0,0,-1,-1,125319,8,0.0,0.0,0,0,0.0,0.0,0,0,DDOS attack-LOIC-UDP
80,17,21/02/2018 10:13:58,117996738,12,0,384,0,32,32,32.0,0.0,0,0,0.0,0.0,3.254327251,0.101697727,10700000.0,8266830.95,33000000,1996116,118000000,10700000.0,8266830.95,33000000,1996116,0,0.0,0.0,0,0,0,0,0,0,96,0,0.101697727,0.0,32,32,32.0,0.0,0.0,0,0,0,0,0,0,0,0,0,34.66666667,32.0,0.0,0,0,0,0,0,0,12,384,0,0,-1,-1,11,8,6996092.0,0.0,6996092,6996092,12300000.0,8300248.218,33000000,5991929,Benign
80,17,21/02/2018 10:14:01,113008456,11,0,352,0,32,32,32.0,0.0,0,0,0.0,0.0,3.114811161,0.097337849,11300000.0,8974178.626,24000000,976210,113000000,11300000.0,8974178.626,24000000,976210,0,0.0,0.0,0,0,0,0,0,0,88,0,0.097337849,0.0,32,32,32.0,0.0,0.0,0,0,0,0,0,0,0,0,0,34.90909091,32.0,0.0,0,0,0,0,0,0,11,352,0,0,-1,-1,10,8,3345273.0,2104041.053,5008445,979939,17200000.0,6326654.831,24000000,6024033,Benign
80,17,21/02/2018 10:14:00,115028406,11,0,352,0,32,32,32.0,0.0,0,0,0.0,0.0,3.060113691,0.095628553,11500000.0,15800000.0,55000000,1000174,115000000,11500000.0,15800000.0,55000000,1000174,0,0.0,0.0,0,0,0,0,0,0,88,0,0.095628553,0.0,32,32,32.0,0.0,0.0,0,0,0,0,0,0,0,0,0,34.90909091,32.0,0.0,0,0,0,0,0,0,11,352,0,0,-1,-1,10,8,4507046.5,725243.363,5019871,3994222,17000000.0,19000000.0,55000000,5984034,Benign
80,17,21/02/2018 10:14:05,119757943,117206,0,3750592,0,32,32,32.0,0.0,0,0,0.0,0.0,31318.10639,978.6908247,1021.781861,19845.57754,906122,0,120000000,1021.781861,19845.57754,906122,0,0,0.0,0.0,0,0,0,0,0,0,937648,0,978.6908247,0.0,32,32,32.0,0.0,0.0,0,0,0,0,0,0,0,0,0,32.00027302,32.0,0.0,0,0,0,0,0,0,117206,3750592,0,0,-1,-1,117205,8,0.0,0.0,0,0,0.0,0.0,0,0,DDOS attack-LOIC-UDP
80,17,21/02/2018 10:13:58,92983898,11,0,352,0,32,32,32.0,0.0,0,0,0.0,0.0,3.785601675,0.118300052,9298389.8,7122380.888,27000000,1003238,93000000,9298389.8,7122380.888,27000000,1003238,0,0.0,0.0,0,0,0,0,0,0,88,0,0.118300052,0.0,32,32,32.0,0.0,0.0,0,0,0,0,0,0,0,0,0,34.90909091,32.0,0.0,0,0,0,0,0,0,11,352,0,0,-1,-1,10,8,0.0,0.0,0,0,10900000.0,7063520.792,27000000,5996975,Benign
80,17,21/02/2018 10:14:07,119720979,124771,0,3992672,0,32,32,32.0,0.0,0,0,0.0,0.0,33349.81081,1042.181588,959.5333734,19097.09952,678613,0,120000000,959.5333734,19097.09952,678613,0,0,0.0,0.0,0,0,0,0,0,0,998168,0,1042.181588,0.0,32,32,32.0,0.0,0.0,0,0,0,0,0,0,0,0,0,32.00025647,32.0,0.0,0,0,0,0,0,0,124771,3992672,0,0,-1,-1,124770,8,0.0,0.0,0,0,0.0,0.0,0,0,DDOS attack-LOIC-UDP
80,17,21/02/2018 10:14:08,119737031,117535,0,3761120,0,32,32,32.0,0.0,0,0,0.0,0.0,31411.50209,981.6094404,1018.743776,19755.56782,843673,0,120000000,1018.743776,19755.56782,843673,0,0,0.0,0.0,0,0,0,0,0,0,940280,0,981.6094404,0.0,32,32,32.0,0.0,0.0,0,0,0,0,0,0,0,0,0,32.00027226,32.0,0.0,0,0,0,0,0,0,117535,3761120,0,0,-1,-1,117534,8,0.0,0.0,0,0,0.0,0.0,0,0,DDOS attack-LOIC-UDP
80,17,21/02/2018 10:14:08,119712759,116927,0,3741664,0,32,32,32.0,0.0,0,0,0.0,0.0,31255.34848,976.72964,1023.833527,19773.54026,694639,0,120000000,1023.833527,19773.54026,694639,0,0,0.0,0.0,0,0,0,0,0,0,935416,0,976.72964,0.0,32,32,32.0,0.0,0.0,0,0,0,0,0,0,0,0,0,32.00027368,32.0,0.0,0,0,0,0,0,0,116927,3741664,0,0,-1,-1,116926,8,0.0,0.0,0,0,0.0,0.0,0,0,DDOS attack-LOIC-UDP
80,17,21/02/2018 10:13:42,119980053,13,0,416,0,32,32,32.0,0.0,0,0,0.0,0.0,3.467243009,0.108351344,9998337.75,10500000.0,38000000,999981,120000000,9998337.75,10500000.0,38000000,999981,0,0.0,0.0,0,0,0,0,0,0,104,0,0.108351344,0.0,32,32,32.0,0.0,0.0,0,0,0,0,0,0,0,0,0,34.46153846,32.0,0.0,0,0,0,0,0,0,13,416,0,0,-1,-1,12,8,3479960.5,690224.6068,3968023,2991898,14100000.0,10800000.0,38000000,5004140,Benign
80,17,21/02/2018 10:14:09,119737473,121979,0,3903328,0,32,32,32.0,0.0,0,0,0.0,0.0,32599.05109,1018.720347,981.6317123,19404.24892,675064,0,120000000,981.6317123,19404.24892,675064,0,0,0.0,0.0,0,0,0,0,0,0,975832,0,1018.720347,0.0,32,32,32.0,0.0,0.0,0,0,0,0,0,0,0,0,0,32.00026234,32.0,0.0,0,0,0,0,0,0,121979,3903328,0,0,-1,-1,121978,8,0.0,0.0,0,0,0.0,0.0,0,0,DDOS attack-LOIC-UDP
80,17,21/02/2018 10:14:00,105997487,13,0,416,0,32,32,32.0,0.0,0,0,0.0,0.0,3.924621345,0.122644417,8833123.917,9868484.381,36000000,2009057,106000000,8833123.917,9868484.381,36000000,2009057,0,0.0,0.0,0,0,0,0,0,0,104,0,0.122644417,0.0,32,32,32.0,0.0,0.0,0,0,0,0,0,0,0,0,0,34.46153846,32.0,0.0,0,0,0,0,0,0,13,416,0,0,-1,-1,12,8,8507490.5,697309.8167,9000563,8014418,14800000.0,11300000.0,36000000,6987875,Benign
80,17,21/02/2018 10:14:10,119841309,111325,0,3562400,0,32,32,32.0,0.0,0,0,0.0,0.0,29725.97704,928.9367826,1076.509189,20463.11599,890896,0,120000000,1076.509189,20463.11599,890896,0,0,0.0,0.0,0,0,0,0,0,0,890600,0,928.9367826,0.0,32,32,32.0,0.0,0.0,0,0,0,0,0,0,0,0,0,32.00028745,32.0,0.0,0,0,0,0,0,0,111325,3562400,0,0,-1,-1,111324,8,0.0,0.0,0,0,0.0,0.0,0,0,DDOS attack-LOIC-UDP
80,17,21/02/2018 10:14:08,92016029,11,0,352,0,32,32,32.0,0.0,0,0,0.0,0.0,3.82542046,0.119544389,9201602.9,8507240.211,30000000,1020024,92000000,9201602.9,8507240.211,30000000,1020024,0,0.0,0.0,0,0,0,0,0,0,88,0,0.119544389,0.0,32,32,32.0,0.0,0.0,0,0,0,0,0,0,0,0,0,34.90909091,32.0,0.0,0,0,0,0,0,0,11,352,0,0,-1,-1,10,8,3019912.0,0.0,3019912,3019912,13200000.0,9026308.33,30000000,5006847,Benign
80,17,21/02/2018 10:14:16,112004513,13,0,416,0,32,32,32.0,0.0,0,0,0.0,0.0,3.714136054,0.116066752,9333709.417,5913488.875,20000000,1040099,112000000,9333709.417,5913488.875,20000000,1040099,0,0.0,0.0,0,0,0,0,0,0,104,0,0.116066752,0.0,32,32,32.0,0.0,0.0,0,0,0,0,0,0,0,0,0,34.46153846,32.0,0.0,0,0,0,0,0,0,13,416,0,0,-1,-1,12,8,3347094.667,2059167.917,4999091,1040099,11300000.0,5394722.974,20000000,5958217,Benign
80,17,21/02/2018 10:14:13,117987028,14,0,448,0,32,32,32.0,0.0,0,0,0.0,0.0,3.797027585,0.118657112,9075925.231,11100000.0,41000000,959979,118000000,9075925.231,11100000.0,41000000,959979,0,0.0,0.0,0,0,0,0,0,0,112,0,0.118657112,0.0,32,32,32.0,0.0,0.0,0,0,0,0,0,0,0,0,0,34.28571429,32.0,0.0,0,0,0,0,0,0,14,448,0,0,-1,-1,13,8,1984778.0,1449284.645,3009577,959979,15400000.0,11800000.0,41000000,6003945,Benign
80,17,21/02/2018 10:14:14,95003790,12,0,384,0,32,32,32.0,0.0,0,0,0.0,0.0,4.041944011,0.12631075,8636708.182,4425211.463,16000000,2000884,95000000,8636708.182,4425211.463,16000000,2000884,0,0.0,0.0,0,0,0,0,0,0,96,0,0.12631075,0.0,32,32,32.0,0.0,0.0,0,0,0,0,0,0,0,0,0,34.66666667,32.0,0.0,0,0,0,0,0,0,12,384,0,0,-1,-1,11,8,5993549.0,0.0,5993549,5993549,9890026.778,3809304.361,16000000,5000092,Benign
80,17,21/02/2018 10:14:14,104972697,10,0,320,0,32,32,32.0,0.0,0,0,0.0,0.0,3.048411722,0.095262866,11700000.0,10900000.0,33000000,2946459,105000000,11700000.0,10900000.0,33000000,2946459,0,0.0,0.0,0,0,0,0,0,0,80,0,0.095262866,0.0,32,32,32.0,0.0,0.0,0,0,0,0,0,0,0,0,0,35.2,32.0,0.0,0,0,0,0,0,0,10,320,0,0,-1,-1,9,8,13000000.0,0.0,13000000,13000000,18400000.0,10500000.0,33000000,6035016,Benign
80,17,21/02/2018 10:14:29,113028061,10,0,320,0,32,32,32.0,0.0,0,0,0.0,0.0,2.831155354,0.088473605,12600000.0,7497429.275,23000000,3031084,113000000,12600000.0,7497429.275,23000000,3031084,0,0.0,0.0,0,0,0,0,0,0,80,0,0.088473605,0.0,32,32,32.0,0.0,0.0,0,0,0,0,0,0,0,0,0,35.2,32.0,0.0,0,0,0,0,0,0,10,320,0,0,-1,-1,9,8,4008136.333,982483.8095,4995963,3031084,16800000.0,4873570.252,23000000,8995345,Benign
80,17,21/02/2018 10:14:12,117039308,14,0,448,0,32,32,32.0,0.0,0,0,0.0,0.0,3.827773828,0.119617932,9003023.692,5245308.713,20000000,2991224,117000000,9003023.692,5245308.713,20000000,2991224,0,0.0,0.0,0,0,0,0,0,0,112,0,0.119617932,0.0,32,32,32.0,0.0,0.0,0,0,0,0,0,0,0,0,0,34.28571429,32.0,0.0,0,0,0,0,0,0,14,448,0,0,-1,-1,13,8,3499575.0,718916.8786,4007926,2991224,10000000.0,5079888.054,20000000,5003906,Benign
80,17,21/02/2018 10:14:20,94909192,11,0,352,0,32,32,32.0,0.0,0,0,0.0,0.0,3.70880831,0.11590026,9490919.2,6364010.801,23000000,906427,94900000,9490919.2,6364010.801,23000000,906427,0,0.0,0.0,0,0,0,0,0,0,88,0,0.11590026,0.0,32,32,32.0,0.0,0.0,0,0,0,0,0,0,0,0,0,34.90909091,32.0,0.0,0,0,0,0,0,0,11,352,0,0,-1,-1,10,8,3622129.333,2351881.129,4988072,906427,12000000.0,5857067.863,23000000,5012149,Benign
80,17,21/02/2018 10:14:32,107999854,18,0,576,0,32,32,32.0,0.0,0,0,0.0,0.0,5.333340543,0.166666892,6352932.588,3620463.246,13000000,995980,108000000,6352932.588,3620463.246,13000000,995980,0,0.0,0.0,0,0,0,0,0,0,144,0,0.166666892,0.0,32,32,32.0,0.0,0.0,0,0,0,0,0,0,0,0,0,33.77777778,32.0,0.0,0,0,0,0,0,0,18,576,0,0,-1,-1,17,8,7325247.0,6808633.911,15000000,2005475,9113423.0,2513793.798,13000000,5008633,Benign
80,17,21/02/2018 10:14:08,119993403,17,0,544,0,32,32,32.0,0.0,0,0,0.0,0.0,4.533582567,0.141674455,7499587.688,5489329.71,21000000,952314,120000000,7499587.688,5489329.71,21000000,952314,0,0.0,0.0,0,0,0,0,0,0,136,0,0.141674455,0.0,32,32,32.0,0.0,0.0,0,0,0,0,0,0,0,0,0,33.88235294,32.0,0.0,0,0,0,0,0,0,17,544,0,0,-1,-1,16,8,5002017.6,1004879.697,6033798,3988632,11800000.0,4641945.489,21000000,5997816,Benign
80,17,21/02/2018 10:14:39,115991937,16,0,512,0,32,32,32.0,0.0,0,0,0.0,0.0,4.414099921,0.137940623,7732795.8,5888666.055,24000000,951906,116000000,7732795.8,5888666.055,24000000,951906,0,0.0,0.0,0,0,0,0,0,0,128,0,0.137940623,0.0,32,32,32.0,0.0,0.0,0,0,0,0,0,0,0,0,0,34.0,32.0,0.0,0,0,0,0,0,0,16,512,0,0,-1,-1,15,8,3492845.0,1759308.818,5011642,951906,10200000.0,5691899.971,24000000,5013214,Benign
80,17,21/02/2018 10:14:07,111976188,12,0,384,0,32,32,32.0,0.0,0,0,0.0,0.0,3.429300522,0.107165641,10200000.0,12400000.0,41000000,968282,112000000,10200000.0,12400000.0,41000000,968282,0,0.0,0.0,0,0,0,0,0,0,96,0,0.107165641,0.0,32,32,32.0,0.0,0.0,0,0,0,0,0,0,0,0,0,34.66666667,32.0,0.0,0,0,0,0,0,0,12,384,0,0,-1,-1,11,8,4988427.0,11875.15128,4996824,4980030,17000000.0,13600000.0,41000000,5990872,Benign
80,17,21/02/2018 10:14:36,116991856,15,0,480,0,32,32,32.0,0.0,0,0,0.0,0.0,4.102849689,0.128214053,8356561.143,6947006.15,26000000,999935,117000000,8356561.143,6947006.15,26000000,999935,0,0.0,0.0,0,0,0,0,0,0,120,0,0.128214053,0.0,32,32,32.0,0.0,0.0,0,0,0,0,0,0,0,0,0,34.13333333,32.0,0.0,0,0,0,0,0,0,15,480,0,0,-1,-1,14,8,7502132.5,7781150.805,13000000,2000028,11300000.0,6985053.162,26000000,5027746,Benign
80,17,21/02/2018 10:14:05,115012187,10,0,320,0,32,32,32.0,0.0,0,0,0.0,0.0,2.782313843,0.086947308,12800000.0,8840186.211,30000000,2000144,115000000,12800000.0,8840186.211,30000000,2000144,0,0.0,0.0,0,0,0,0,0,0,80,0,0.086947308,0.0,32,32,32.0,0.0,0.0,0,0,0,0,0,0,0,0,0,35.2,32.0,0.0,0,0,0,0,0,0,10,320,0,0,-1,-1,9,8,3492049.5,2109872.992,4983955,2000144,15400000.0,8154284.34,30000000,5044127,Benign
80,17,21/02/2018 10:14:40,110989935,11,0,352,0,32,32,32.0,0.0,0,0,0.0,0.0,3.171458745,0.099108086,11100000.0,3727823.111,16000000,5012442,111000000,11100000.0,3727823.111,16000000,5012442,0,0.0,0.0,0,0,0,0,0,0,88,0,0.099108086,0.0,32,32,32.0,0.0,0.0,0,0,0,0,0,0,0,0,0,34.90909091,32.0,0.0,0,0,0,0,0,0,11,352,0,0,-1,-1,10,8,0.0,0.0,0,0,11100000.0,3727823.111,16000000,5012442,Benign
80,17,21/02/2018 10:14:51,119884859,134208,0,4294656,0,32,32,32.0,0.0,0,0,0.0,0.0,35823.17263,1119.474145,893.2832043,18171.1779,722189,0,120000000,893.2832043,18171.1779,722189,0,0,0.0,0.0,0,0,0,0,0,0,1073664,0,1119.474145,0.0,32,32,32.0,0.0,0.0,0,0,0,0,0,0,0,0,0,32.00023844,32.0,0.0,0,0,0,0,0,0,134208,4294656,0,0,-1,-1,134207,8,0.0,0.0,0,0,0.0,0.0,0,0,DDOS attack-LOIC-UDP
80,17,21/02/2018 10:14:52,119678166,120219,0,3847008,0,32,32,32.0,0.0,0,0,0.0,0.0,32144.61024,1004.51907,995.509541,19146.91824,815937,0,120000000,995.509541,19146.91824,815937,0,0,0.0,0.0,0,0,0,0,0,0,961752,0,1004.51907,0.0,32,32,32.0,0.0,0.0,0,0,0,0,0,0,0,0,0,32.00026618,32.0,0.0,0,0,0,0,0,0,120219,3847008,0,0,-1,-1,120218,8,0.0,0.0,0,0,0.0,0.0,0,0,DDOS attack-LOIC-UDP
80,17,21/02/2018 10:14:53,119864218,137961,0,4414752,0,32,32,32.0,0.0,0,0,0.0,0.0,36831.2752,1150.97735,868.8331255,17734.29427,673314,0,120000000,868.8331255,17734.29427,673314,0,0,0.0,0.0,0,0,0,0,0,0,1103688,0,1150.97735,0.0,32,32,32.0,0.0,0.0,0,0,0,0,0,0,0,0,0,32.00023195,32.0,0.0,0,0,0,0,0,0,137961,4414752,0,0,-1,-1,137960,8,0.0,0.0,0,0,0.0,0.0,0,0,DDOS attack-LOIC-UDP
80,17,21/02/2018 10:14:54,119894179,124008,0,3968256,0,32,32,32.0,0.0,0,0,0.0,0.0,33097.98718,1034.3121,966.833961,19609.79464,733314,0,120000000,966.833961,19609.79464,733314,0,0,0.0,0.0,0,0,0,0,0,0,992064,0,1034.3121,0.0,32,32,32.0,0.0,0.0,0,0,0,0,0,0,0,0,0,32.00025805,32.0,0.0,0,0,0,0,0,0,124008,3968256,0,0,-1,-1,124007,8,0.0,0.0,0,0,0.0,0.0,0,0,DDOS attack-LOIC-UDP
80,17,21/02/2018 10:14:54,119840796,118327,0,3786464,0,32,32,32.0,0.0,0,0,0.0,0.0,31595.78479,987.3682748,1012.801886,19373.9988,783956,0,120000000,1012.801886,19373.9988,783956,0,0,0.0,0.0,0,0,0,0,0,0,946616,0,987.3682748,0.0,32,32,32.0,0.0,0.0,0,0,0,0,0,0,0,0,0,32.00027044,32.0,0.0,0,0,0,0,0,0,118327,3786464,0,0,-1,-1,118326,8,0.0,0.0,0,0,0.0,0.0,0,0,DDOS attack-LOIC-UDP
80,17,21/02/2018 10:14:55,119835289,117706,0,3766592,0,32,32,32.0,0.0,0,0,0.0,0.0,31431.40916,982.2315362,1018.098543,20265.96626,971144,0,120000000,1018.098543,20265.96626,971144,0,0,0.0,0.0,0,0,0,0,0,0,941648,0,982.2315362,0.0,32,32,32.0,0.0,0.0,0,0,0,0,0,0,0,0,0,32.00027186,32.0,0.0,0,0,0,0,0,0,117706,3766592,0,0,-1,-1,117705,8,0.0,0.0,0,0,0.0,0.0,0,0,DDOS attack-LOIC-UDP
80,17,21/02/2018 10:14:55,119794659,135316,0,4330112,0,32,32,32.0,0.0,0,0,0.0,0.0,36146.119,1129.566219,885.3021395,18062.99451,722311,0,120000000,885.3021395,18062.99451,722311,0,0,0.0,0.0,0,0,0,0,0,0,1082528,0,1129.566219,0.0,32,32,32.0,0.0,0.0,0,0,0,0,0,0,0,0,0,32.00023648,32.0,0.0,0,0,0,0,0,0,135316,4330112,0,0,-1,-1,135315,8,0.0,0.0,0,0,0.0,0.0,0,0,DDOS attack-LOIC-UDP
80,17,21/02/2018 10:14:56,119757849,128089,0,4098848,0,32,32,32.0,0.0,0,0,0.0,0.0,34226.13243,1069.566639,934.9654066,19187.29962,708747,0,120000000,934.9654066,19187.29962,708747,0,0,0.0,0.0,0,0,0,0,0,0,1024712,0,1069.566639,0.0,32,32,32.0,0.0,0.0,0,0,0,0,0,0,0,0,0,32.00024983,32.0,0.0,0,0,0,0,0,0,128089,4098848,0,0,-1,-1,128088,8,0.0,0.0,0,0,0.0,0.0,0,0,DDOS attack-LOIC-UDP
80,17,21/02/2018 10:14:56,119630077,123875,0,3964000,0,32,32,32.0,0.0,0,0,0.0,0.0,33135.4798,1035.483744,965.7400019,18923.80994,783534,0,120000000,965.7400019,18923.80994,783534,0,0,0.0,0.0,0,0,0,0,0,0,991000,0,1035.483744,0.0,32,32,32.0,0.0,0.0,0,0,0,0,0,0,0,0,0,32.00025832,32.0,0.0,0,0,0,0,0,0,123875,3964000,0,0,-1,-1,123874,8,0.0,0.0,0,0,0.0,0.0,0,0,DDOS attack-LOIC-UDP
80,17,21/02/2018 10:14:57,119840326,139502,0,4464064,0,32,32,32.0,0.0,0,0,0.0,0.0,37250.09894,1164.065592,859.0642791,17688.99065,734009,0,120000000,859.0642791,17688.99065,734009,0,0,0.0,0.0,0,0,0,0,0,0,1116016,0,1164.065592,0.0,32,32,32.0,0.0,0.0,0,0,0,0,0,0,0,0,0,32.00022939,32.0,0.0,0,0,0,0,0,0,139502,4464064,0,0,-1,-1,139501,8,0.0,0.0,0,0,0.0,0.0,0,0,DDOS attack-LOIC-UDP
80,17,21/02/2018 10:14:58,119929691,115173,0,3685536,0,32,32,32.0,0.0,0,0,0.0,0.0,30730.80543,960.3376698,1041.309442,20389.97097,861778,0,120000000,1041.309442,20389.97097,861778,0,0,0.0,0.0,0,0,0,0,0,0,921384,0,960.3376698,0.0,32,32,32.0,0.0,0.0,0,0,0,0,0,0,0,0,0,32.00027784,32.0,0.0,0,0,0,0,0,0,115173,3685536,0,0,-1,-1,115172,8,0.0,0.0,0,0,0.0,0.0,0,0,DDOS attack-LOIC-UDP
80,17,21/02/2018 10:14:58,119706952,128808,0,4121856,0,32,32,32.0,0.0,0,0,0.0,0.0,34432.88741,1076.027731,929.351293,19145.80283,687695,0,120000000,929.351293,19145.80283,687695,0,0,0.0,0.0,0,0,0,0,0,0,1030464,0,1076.027731,0.0,32,32,32.0,0.0,0.0,0,0,0,0,0,0,0,0,0,32.00024843,32.0,0.0,0,0,0,0,0,0,128808,4121856,0,0,-1,-1,128807,8,0.0,0.0,0,0,0.0,0.0,0,0,DDOS attack-LOIC-UDP
80,17,21/02/2018 10:14:58,119920780,122308,0,3913856,0,32,32,32.0,0.0,0,0,0.0,0.0,32637.01253,1019.906642,980.4899147,18890.14527,698695,0,120000000,980.4899147,18890.14527,698695,0,0,0.0,0.0,0,0,0,0,0,0,978464,0,1019.906642,0.0,32,32,32.0,0.0,0.0,0,0,0,0,0,0,0,0,0,32.00026163,32.0,0.0,0,0,0,0,0,0,122308,3913856,0,0,-1,-1,122307,8,0.0,0.0,0,0,0.0,0.0,0,0,DDOS attack-LOIC-UDP
80,17,21/02/2018 10:14:59,119818793,142362,0,4555584,0,32,32,32.0,0.0,0,0,0.0,0.0,38020.61334,1188.144167,841.6546175,17628.09198,753630,0,120000000,841.6546175,17628.09198,753630,0,0,0.0,0.0,0,0,0,0,0,0,1138896,0,1188.144167,0.0,32,32,32.0,0.0,0.0,0,0,0,0,0,0,0,0,0,32.00022478,32.0,0.0,0,0,0,0,0,0,142362,4555584,0,0,-1,-1,142361,8,0.0,0.0,0,0,0.0,0.0,0,0,DDOS attack-LOIC-UDP
80,17,21/02/2018 10:14:59,119825939,115774,0,3704768,0,32,32,32.0,0.0,0,0,0.0,0.0,30917.91336,966.1847924,1035.007636,20352.67771,1267628,0,120000000,1035.007636,20352.67771,1267628,0,0,0.0,0.0,0,0,0,0,0,0,926192,0,966.1847924,0.0,32,32,32.0,0.0,0.0,0,0,0,0,0,0,0,0,0,32.0002764,32.0,0.0,0,0,0,0,0,0,115774,3704768,0,0,-1,-1,115773,8,0.0,0.0,0,0,0.0,0.0,0,0,DDOS attack-LOIC-UDP
80,17,21/02/2018 10:15:00,119764630,141736,0,4535552,0,32,32,32.0,0.0,0,0,0.0,0.0,37870.54659,1183.454581,844.9898049,17451.25399,635261,0,120000000,844.9898049,17451.25399,635261,0,0,0.0,0.0,0,0,0,0,0,0,1133888,0,1183.454581,0.0,32,32,32.0,0.0,0.0,0,0,0,0,0,0,0,0,0,32.00022577,32.0,0.0,0,0,0,0,0,0,141736,4535552,0,0,-1,-1,141735,8,0.0,0.0,0,0,0.0,0.0,0,0,DDOS attack-LOIC-UDP
80,17,21/02/2018 10:15:01,119535926,130626,0,4180032,0,32,32,32.0,0.0,0,0,0.0,0.0,34968.83439,1092.776075,915.1075675,19052.74843,712367,0,120000000,915.1075675,19052.74843,712367,0,0,0.0,0.0,0,0,0,0,0,0,1045008,0,1092.776075,0.0,32,32,32.0,0.0,0.0,0,0,0,0,0,0,0,0,0,32.00024497,32.0,0.0,0,0,0,0,0,0,130626,4180032,0,0,-1,-1,130625,8,0.0,0.0,0,0,0.0,0.0,0,0,DDOS attack-LOIC-UDP
80,17,21/02/2018 10:15:01,119517102,121742,0,3895744,0,32,32,32.0,0.0,0,0,0.0,0.0,32595.70333,1018.615729,981.732547,18927.95089,766984,0,120000000,981.732547,18927.95089,766984,0,0,0.0,0.0,0,0,0,0,0,0,973936,0,1018.615729,0.0,32,32,32.0,0.0,0.0,0,0,0,0,0,0,0,0,0,32.00026285,32.0,0.0,0,0,0,0,0,0,121742,3895744,0,0,-1,-1,121741,8,0.0,0.0,0,0,0.0,0.0,0,0,DDOS attack-LOIC-UDP
80,17,21/02/2018 10:15:01,119607547,121994,0,3903808,0,32,32,32.0,0.0,0,0,0.0,0.0,32638.47556,1019.952361,980.4459846,18929.96835,843545,0,120000000,980.4459846,18929.96835,843545,0,0,0.0,0.0,0,0,0,0,0,0,975952,0,1019.952361,0.0,32,32,32.0,0.0,0.0,0,0,0,0,0,0,0,0,0,32.00026231,32.0,0.0,0,0,0,0,0,0,121994,3903808,0,0,-1,-1,121993,8,0.0,0.0,0,0,0.0,0.0,0,0,DDOS attack-LOIC-UDP
80,17,21/02/2018 10:15:01,119881236,114104,0,3651328,0,32,32,32.0,0.0,0,0,0.0,0.0,30457.87749,951.8086717,1050.640527,20529.68707,1139957,0,120000000,1050.640527,20529.68707,1139957,0,0,0.0,0.0,0,0,0,0,0,0,912832,0,951.8086717,0.0,32,32,32.0,0.0,0.0,0,0,0,0,0,0,0,0,0,32.00028045,32.0,0.0,0,0,0,0,0,0,114104,3651328,0,0,-1,-1,114103,8,0.0,0.0,0,0,0.0,0.0,0,0,DDOS attack-LOIC-UDP
80,17,21/02/2018 10:15:02,119707055,143014,0,4576448,0,32,32,32.0,0.0,0,0,0.0,0.0,38230.39503,1194.699845,837.0361785,17332.38361,630683,0,120000000,837.0361785,17332.38361,630683,0,0,0.0,0.0,0,0,0,0,0,0,1144112,0,1194.699845,0.0,32,32,32.0,0.0,0.0,0,0,0,0,0,0,0,0,0,32.00022375,32.0,0.0,0,0,0,0,0,0,143014,4576448,0,0,-1,-1,143013,8,0.0,0.0,0,0,0.0,0.0,0,0,DDOS attack-LOIC-UDP
80,17,21/02/2018 10:15:02,119672369,131644,0,4212608,0,32,32,32.0,0.0,0,0,0.0,0.0,35201.17497,1100.036718,909.0674704,18995.75113,674403,0,120000000,909.0674704,18995.75113,674403,0,0,0.0,0.0,0,0,0,0,0,0,1053152,0,1100.036718,0.0,32,32,32.0,0.0,0.0,0,0,0,0,0,0,0,0,0,32.00024308,32.0,0.0,0,0,0,0,0,0,131644,4212608,0,0,-1,-1,131643,8,0.0,0.0,0,0,0.0,0.0,0,0,DDOS attack-LOIC-UDP
80,17,21/02/2018 10:15:03,119694660,120615,0,3859680,0,32,32,32.0,0.0,0,0,0.0,0.0,32246.05007,1007.689065,992.3778334,19115.17614,800767,0,120000000,992.3778334,19115.17614,800767,0,0,0.0,0.0,0,0,0,0,0,0,964920,0,1007.689065,0.0,32,32,32.0,0.0,0.0,0,0,0,0,0,0,0,0,0,32.00026531,32.0,0.0,0,0,0,0,0,0,120615,3859680,0,0,-1,-1,120614,8,0.0,0.0,0,0,0.0,0.0,0,0,DDOS attack-LOIC-UDP
80,17,21/02/2018 10:15:01,112988078,13,0,416,0,32,32,32.0,0.0,0,0,0.0,0.0,3.681804376,0.115056387,9415673.167,7047844.153,27000000,999522,113000000,9415673.167,7047844.153,27000000,999522,0,0.0,0.0,0,0,0,0,0,0,104,0,0.115056387,0.0,32,32,32.0,0.0,0.0,0,0,0,0,0,0,0,0,0,34.46153846,32.0,0.0,0,0,0,0,0,0,13,416,0,0,-1,-1,12,8,6987539.0,0.0,6987539,6987539,12600000.0,6425904.476,27000000,5036918,Benign
80,17,21/02/2018 10:15:04,119626673,106344,0,3403008,0,32,32,32.0,0.0,0,0,0.0,0.0,28446.89997,888.9656239,1124.913469,21055.17368,667489,0,120000000,1124.913469,21055.17368,667489,0,0,0.0,0.0,0,0,0,0,0,0,850752,0,888.9656239,0.0,32,32,32.0,0.0,0.0,0,0,0,0,0,0,0,0,0,32.00030091,32.0,0.0,0,0,0,0,0,0,106344,3403008,0,0,-1,-1,106343,8,0.0,0.0,0,0,0.0,0.0,0,0,DDOS attack-LOIC-UDP
80,17,21/02/2018 10:14:36,116992081,18,0,576,0,32,32,32.0,0.0,0,0,0.0,0.0,4.923410158,0.153856567,6881887.118,5133687.685,18000000,999917,117000000,6881887.118,5133687.685,18000000,999917,0,0.0,0.0,0,0,0,0,0,0,144,0,0.153856567,0.0,32,32,32.0,0.0,0.0,0,0,0,0,0,0,0,0,0,33.77777778,32.0,0.0,0,0,0,0,0,0,18,576,0,0,-1,-1,17,8,3255840.75,1490842.181,4990443,2006749,9898062.0,4511321.393,18000000,5001257,Benign
80,17,21/02/2018 10:15:04,119754658,137826,0,4410432,0,32,32,32.0,0.0,0,0,0.0,0.0,36828.89729,1150.90304,868.8892291,17649.63044,591365,0,120000000,868.8892291,17649.63044,591365,0,0,0.0,0.0,0,0,0,0,0,0,1102608,0,1150.90304,0.0,32,32,32.0,0.0,0.0,0,0,0,0,0,0,0,0,0,32.00023218,32.0,0.0,0,0,0,0,0,0,137826,4410432,0,0,-1,-1,137825,8,0.0,0.0,0,0,0.0,0.0,0,0,DDOS attack-LOIC-UDP
80,17,21/02/2018 10:15:05,119699023,127168,0,4069376,0,32,32,32.0,0.0,0,0,0.0,0.0,33996.73529,1062.397978,941.2742535,18592.87378,831884,0,120000000,941.2742535,18592.87378,831884,0,0,0.0,0.0,0,0,0,0,0,0,1017344,0,1062.397978,0.0,32,32,32.0,0.0,0.0,0,0,0,0,0,0,0,0,0,32.00025164,32.0,0.0,0,0,0,0,0,0,127168,4069376,0,0,-1,-1,127167,8,0.0,0.0,0,0,0.0,0.0,0,0,DDOS attack-LOIC-UDP
80,17,21/02/2018 10:15:06,119759145,75837,0,2426784,0,32,32,32.0,0.0,0,0,0.0,0.0,20263.87212,633.2460039,1579.185941,31767.04771,920247,1,120000000,1579.185941,31767.04771,920247,1,0,0.0,0.0,0,0,0,0,0,0,606696,0,633.2460039,0.0,32,32,32.0,0.0,0.0,0,0,0,0,0,0,0,0,0,32.00042196,32.0,0.0,0,0,0,0,0,0,75837,2426784,0,0,-1,-1,75836,8,0.0,0.0,0,0,0.0,0.0,0,0,DDOS attack-LOIC-UDP
80,17,21/02/2018 10:15:06,119979466,140126,0,4484032,0,32,32,32.0,0.0,0,0,0.0,0.0,37373.32853,1167.916517,856.2316931,17650.09552,821825,0,120000000,856.2316931,17650.09552,821825,0,0,0.0,0.0,0,0,0,0,0,0,1121008,0,1167.916517,0.0,32,32,32.0,0.0,0.0,0,0,0,0,0,0,0,0,0,32.00022837,32.0,0.0,0,0,0,0,0,0,140126,4484032,0,0,-1,-1,140125,8,0.0,0.0,0,0,0.0,0.0,0,0,DDOS attack-LOIC-UDP
80,17,21/02/2018 10:15:07,119922469,124217,0,3974944,0,32,32,32.0,0.0,0,0,0.0,0.0,33145.94865,1035.810895,965.4349601,18708.0251,783502,0,120000000,965.4349601,18708.0251,783502,0,0,0.0,0.0,0,0,0,0,0,0,993736,0,1035.810895,0.0,32,32,32.0,0.0,0.0,0,0,0,0,0,0,0,0,0,32.00025761,32.0,0.0,0,0,0,0,0,0,124217,3974944,0,0,-1,-1,124216,8,0.0,0.0,0,0,0.0,0.0,0,0,DDOS attack-LOIC-UDP
80,17,21/02/2018 10:15:07,119842956,83886,0,2684352,0,32,32,32.0,0.0,0,0,0.0,0.0,22398.91346,699.9660456,1428.657758,30082.992,954708,0,120000000,1428.657758,30082.992,954708,0,0,0.0,0.0,0,0,0,0,0,0,671088,0,699.9660456,0.0,32,32,32.0,0.0,0.0,0,0,0,0,0,0,0,0,0,32.00038147,32.0,0.0,0,0,0,0,0,0,83886,2684352,0,0,-1,-1,83885,8,0.0,0.0,0,0,0.0,0.0,0,0,DDOS attack-LOIC-UDP
80,17,21/02/2018 10:15:08,119999964,72849,0,2331168,0,32,32,32.0,0.0,0,0,0.0,0.0,19426.40583,607.0751821,1647.265045,32287.21127,916239,0,120000000,1647.265045,32287.21127,916239,0,0,0.0,0.0,0,0,0,0,0,0,582792,0,607.0751821,0.0,32,32,32.0,0.0,0.0,0,0,0,0,0,0,0,0,0,32.00043926,32.0,0.0,0,0,0,0,0,0,72849,2331168,0,0,-1,-1,72848,8,0.0,0.0,0,0,0.0,0.0,0,0,DDOS attack-LOIC-UDP
80,17,21/02/2018 10:15:08,119268805,83855,0,2683360,0,32,32,32.0,0.0,0,0,0.0,0.0,22498.42279,703.075712,1422.338887,30141.96143,900310,1,119000000,1422.338887,30141.96143,900310,1,0,0.0,0.0,0,0,0,0,0,0,670840,0,703.075712,0.0,32,32,32.0,0.0,0.0,0,0,0,0,0,0,0,0,0,32.00038161,32.0,0.0,0,0,0,0,0,0,83855,2683360,0,0,-1,-1,83854,8,0.0,0.0,0,0,0.0,0.0,0,0,DDOS attack-LOIC-UDP
80,17,21/02/2018 10:15:09,119807885,139276,0,4456832,0,32,32,32.0,0.0,0,0,0.0,0.0,37199.82203,1162.494438,860.2253455,17525.56832,614908,0,120000000,860.2253455,17525.56832,614908,0,0,0.0,0.0,0,0,0,0,0,0,1114208,0,1162.494438,0.0,32,32,32.0,0.0,0.0,0,0,0,0,0,0,0,0,0,32.00022976,32.0,0.0,0,0,0,0,0,0,139276,4456832,0,0,-1,-1,139275,8,0.0,0.0,0,0,0.0,0.0,0,0,DDOS attack-LOIC-UDP
80,17,21/02/2018 10:15:09,119998384,77230,0,2471360,0,32,32,32.0,0.0,0,0,0.0,0.0,20594.94401,643.5920004,1553.799531,31578.98715,1032963,0,120000000,1553.799531,31578.98715,1032963,0,0,0.0,0.0,0,0,0,0,0,0,617840,0,643.5920004,0.0,32,32,32.0,0.0,0.0,0,0,0,0,0,0,0,0,0,32.00041435,32.0,0.0,0,0,0,0,0,0,77230,2471360,0,0,-1,-1,77229,8,0.0,0.0,0,0,0.0,0.0,0,0,DDOS attack-LOIC-UDP
80,17,21/02/2018 10:15:08,111994097,15,0,480,0,32,32,32.0,0.0,0,0,0.0,0.0,4.285940178,0.133935631,7999578.357,8643152.409,24000000,1983987,112000000,7999578.357,8643152.409,24000000,1983987,0,0.0,0.0,0,0,0,0,0,0,120,0,0.133935631,0.0,32,32,32.0,0.0,0.0,0,0,0,0,0,0,0,0,0,34.13333333,32.0,0.0,0,0,0,0,0,0,15,480,0,0,-1,-1,14,8,7001834.0,5654273.31,11000000,3003659,17800000.0,7352289.954,24000000,8011914,Benign
80,17,21/02/2018 10:15:09,119844296,124849,0,3995168,0,32,32,32.0,0.0,0,0,0.0,0.0,33336.32166,1041.760052,959.9216327,18798.20524,999411,0,120000000,959.9216327,18798.20524,999411,0,0,0.0,0.0,0,0,0,0,0,0,998792,0,1041.760052,0.0,32,32,32.0,0.0,0.0,0,0,0,0,0,0,0,0,0,32.00025631,32.0,0.0,0,0,0,0,0,0,124849,3995168,0,0,-1,-1,124848,8,0.0,0.0,0,0,0.0,0.0,0,0,DDOS attack-LOIC-UDP
80,17,21/02/2018 10:15:11,119601059,82711,0,2646752,0,32,32,32.0,0.0,0,0,0.0,0.0,22129.8375,691.5574217,1446.029005,30515.37576,934498,0,120000000,1446.029005,30515.37576,934498,0,0,0.0,0.0,0,0,0,0,0,0,661688,0,691.5574217,0.0,32,32,32.0,0.0,0.0,0,0,0,0,0,0,0,0,0,32.00038689,32.0,0.0,0,0,0,0,0,0,82711,2646752,0,0,-1,-1,82710,8,0.0,0.0,0,0,0.0,0.0,0,0,DDOS attack-LOIC-UDP
80,17,21/02/2018 10:15:12,119679491,128979,0,4127328,0,32,32,32.0,0.0,0,0,0.0,0.0,34486.51031,1077.703447,927.9062398,18973.43488,961512,0,120000000,927.9062398,18973.43488,961512,0,0,0.0,0.0,0,0,0,0,0,0,1031832,0,1077.703447,0.0,32,32,32.0,0.0,0.0,0,0,0,0,0,0,0,0,0,32.0002481,32.0,0.0,0,0,0,0,0,0,128979,4127328,0,0,-1,-1,128978,8,0.0,0.0,0,0,0.0,0.0,0,0,DDOS attack-LOIC-UDP
80,17,21/02/2018 10:15:12,119703173,75723,0,2423136,0,32,32,32.0,0.0,0,0,0.0,0.0,20242.87192,632.5897476,1580.824239,31889.52394,996329,0,120000000,1580.824239,31889.52394,996329,0,0,0.0,0.0,0,0,0,0,0,0,605784,0,632.5897476,0.0,32,32,32.0,0.0,0.0,0,0,0,0,0,0,0,0,0,32.00042259,32.0,0.0,0,0,0,0,0,0,75723,2423136,0,0,-1,-1,75722,8,0.0,0.0,0,0,0.0,0.0,0,0,DDOS attack-LOIC-UDP
80,17,21/02/2018 10:15:12,119749419,123041,0,3937312,0,32,32,32.0,0.0,0,0,0.0,0.0,32879.59167,1027.48724,973.2560062,19296.78356,682990,0,120000000,973.2560062,19296.78356,682990,0,0,0.0,0.0,0,0,0,0,0,0,984328,0,1027.48724,0.0,32,32,32.0,0.0,0.0,0,0,0,0,0,0,0,0,0,32.00026008,32.0,0.0,0,0,0,0,0,0,123041,3937312,0,0,-1,-1,123040,8,0.0,0.0,0,0,0.0,0.0,0,0,DDOS attack-LOIC-UDP
80,17,21/02/2018 10:15:13,119702451,86532,0,2769024,0,32,32,32.0,0.0,0,0,0.0,0.0,23132.55891,722.8924661,1383.347598,29817.33956,968626,1,120000000,1383.347598,29817.33956,968626,1,0,0.0,0.0,0,0,0,0,0,0,692256,0,722.8924661,0.0,32,32,32.0,0.0,0.0,0,0,0,0,0,0,0,0,0,32.00036981,32.0,0.0,0,0,0,0,0,0,86532,2769024,0,0,-1,-1,86531,8,0.0,0.0,0,0,0.0,0.0,0,0,DDOS attack-LOIC-UDP
80,17,21/02/2018 10:15:14,119724780,131298,0,4201536,0,32,32,32.0,0.0,0,0,0.0,0.0,35093.28645,1096.665202,911.8622665,18891.33906,857534,0,120000000,911.8622665,18891.33906,857534,0,0,0.0,0.0,0,0,0,0,0,0,1050384,0,1096.665202,0.0,32,32,32.0,0.0,0.0,0,0,0,0,0,0,0,0,0,32.00024372,32.0,0.0,0,0,0,0,0,0,131298,4201536,0,0,-1,-1,131297,8,0.0,0.0,0,0,0.0,0.0,0,0,DDOS attack-LOIC-UDP
80,17,21/02/2018 10:15:14,119684185,71069,0,2274208,0,32,32,32.0,0.0,0,0,0.0,0.0,19001.74196,593.8044362,1684.079825,32953.01492,896349,0,120000000,1684.079825,32953.01492,896349,0,0,0.0,0.0,0,0,0,0,0,0,568552,0,593.8044362,0.0,32,32,32.0,0.0,0.0,0,0,0,0,0,0,0,0,0,32.00045027,32.0,0.0,0,0,0,0,0,0,71069,2274208,0,0,-1,-1,71068,8,0.0,0.0,0,0,0.0,0.0,0,0,DDOS attack-LOIC-UDP
80,17,21/02/2018 10:15:11,119993903,10,0,320,0,32,32,32.0,0.0,0,0,0.0,0.0,2.666802162,0.083337568,13300000.0,12600000.0,39000000,2013928,120000000,13300000.0,12600000.0,39000000,2013928,0,0.0,0.0,0,0,0,0,0,0,80,0,0.083337568,0.0,32,32,32.0,0.0,0.0,0,0,0,0,0,0,0,0,0,35.2,32.0,0.0,0,0,0,0,0,0,10,320,0,0,-1,-1,9,8,2504680.0,694028.1342,2995432,2013928,16400000.0,12600000.0,39000000,5000068,Benign
80,17,21/02/2018 10:15:15,119696167,115829,0,3706528,0,32,32,32.0,0.0,0,0,0.0,0.0,30966.13779,967.6918059,1033.395785,20104.72949,948237,0,120000000,1033.395785,20104.72949,948237,0,0,0.0,0.0,0,0,0,0,0,0,926632,0,967.6918059,0.0,32,32,32.0,0.0,0.0,0,0,0,0,0,0,0,0,0,32.00027627,32.0,0.0,0,0,0,0,0,0,115829,3706528,0,0,-1,-1,115828,8,0.0,0.0,0,0,0.0,0.0,0,0,DDOS attack-LOIC-UDP
80,17,21/02/2018 10:15:15,119679913,83704,0,2678528,0,32,32,32.0,0.0,0,0,0.0,0.0,22380.76493,699.3989041,1429.816291,30336.33567,923665,1,120000000,1429.816291,30336.33567,923665,1,0,0.0,0.0,0,0,0,0,0,0,669632,0,699.3989041,0.0,32,32,32.0,0.0,0.0,0,0,0,0,0,0,0,0,0,32.0003823,32.0,0.0,0,0,0,0,0,0,83704,2678528,0,0,-1,-1,83703,8,0.0,0.0,0,0,0.0,0.0,0,0,DDOS attack-LOIC-UDP
80,17,21/02/2018 10:15:16,119999868,133338,0,4266816,0,32,32,32.0,0.0,0,0,0.0,0.0,35556.83911,1111.151222,899.9742607,18516.62803,645513,0,120000000,899.9742607,18516.62803,645513,0,0,0.0,0.0,0,0,0,0,0,0,1066704,0,1111.151222,0.0,32,32,32.0,0.0,0.0,0,0,0,0,0,0,0,0,0,32.00023999,32.0,0.0,0,0,0,0,0,0,133338,4266816,0,0,-1,-1,133337,8,0.0,0.0,0,0,0.0,0.0,0,0,DDOS attack-LOIC-UDP
80,17,21/02/2018 10:15:17,119690890,92546,0,2961472,0,32,32,32.0,0.0,0,0,0.0,0.0,24742.66839,773.208387,1293.326382,25391.98661,744895,0,120000000,1293.326382,25391.98661,744895,0,0,0.0,0.0,0,0,0,0,0,0,740368,0,773.208387,0.0,32,32,32.0,0.0,0.0,0,0,0,0,0,0,0,0,0,32.00034577,32.0,0.0,0,0,0,0,0,0,92546,2961472,0,0,-1,-1,92545,8,0.0,0.0,0,0,0.0,0.0,0,0,DDOS attack-LOIC-UDP
80,17,21/02/2018 10:15:17,119962908,121387,0,3884384,0,32,32,32.0,0.0,0,0,0.0,0.0,32379.87529,1011.871103,988.2763086,19406.9216,612513,0,120000000,988.2763086,19406.9216,612513,0,0,0.0,0.0,0,0,0,0,0,0,971096,0,1011.871103,0.0,32,32,32.0,0.0,0.0,0,0,0,0,0,0,0,0,0,32.00026362,32.0,0.0,0,0,0,0,0,0,121387,3884384,0,0,-1,-1,121386,8,0.0,0.0,0,0,0.0,0.0,0,0,DDOS attack-LOIC-UDP
80,17,21/02/2018 10:15:18,119767456,91933,0,2941856,0,32,32,32.0,0.0,0,0,0.0,0.0,24563.06661,767.5958317,1302.783101,25656.55947,1173196,0,120000000,1302.783101,25656.55947,1173196,0,0,0.0,0.0,0,0,0,0,0,0,735464,0,767.5958317,0.0,32,32,32.0,0.0,0.0,0,0,0,0,0,0,0,0,0,32.00034808,32.0,0.0,0,0,0,0,0,0,91933,2941856,0,0,-1,-1,91932,8,0.0,0.0,0,0,0.0,0.0,0,0,DDOS attack-LOIC-UDP
80,17,21/02/2018 10:15:18,119972173,114410,0,3661120,0,32,32,32.0,0.0,0,0,0.0,0.0,30516.40983,953.6378073,1048.625309,20141.20397,909161,0,120000000,1048.625309,20141.20397,909161,0,0,0.0,0.0,0,0,0,0,0,0,915280,0,953.6378073,0.0,32,32,32.0,0.0,0.0,0,0,0,0,0,0,0,0,0,32.0002797,32.0,0.0,0,0,0,0,0,0,114410,3661120,0,0,-1,-1,114409,8,0.0,0.0,0,0,0.0,0.0,0,0,DDOS attack-LOIC-UDP
20388,6,21/02/2018 10:14:18,103765014,14,1,3032,64,536,0,216.5714286,133.8091145,64,64,64.0,0.0,29.8366461,0.144557394,7411786.714,12600000.0,36100000,15,104000000,7981924.154,12900000.0,36100000,17,0,0.0,0.0,0,0,1,0,0,0,304,20,0.134920234,0.00963716,0,536,227.0,154.1289503,23755.73333,0,1,0,0,1,0,0,0,0,242.1333333,216.5714286,64.0,0,0,0,0,0,0,14,3032,1,64,256,255,11,20,8342695.0,0.0,8342695,8342695,23900000.0,13400000.0,36100000,8479927,Benign
80,17,21/02/2018 10:15:19,119849598,96855,0,3099360,0,32,32,32.0,0.0,0,0,0.0,0.0,25860.41215,808.1378796,1237.425383,24828.73898,716914,0,120000000,1237.425383,24828.73898,716914,0,0,0.0,0.0,0,0,0,0,0,0,774840,0,808.1378796,0.0,32,32,32.0,0.0,0.0,0,0,0,0,0,0,0,0,0,32.00033039,32.0,0.0,0,0,0,0,0,0,96855,3099360,0,0,-1,-1,96854,8,0.0,0.0,0,0,0.0,0.0,0,0,DDOS attack-LOIC-UDP
80,17,21/02/2018 10:15:19,119999788,131810,0,4217920,0,32,32,32.0,0.0,0,0,0.0,0.0,35149.39543,1098.418607,910.4066338,18787.58693,945278,0,120000000,910.4066338,18787.58693,945278,0,0,0.0,0.0,0,0,0,0,0,0,1054480,0,1098.418607,0.0,32,32,32.0,0.0,0.0,0,0,0,0,0,0,0,0,0,32.00024277,32.0,0.0,0,0,0,0,0,0,131810,4217920,0,0,-1,-1,131809,8,0.0,0.0,0,0,0.0,0.0,0,0,DDOS attack-LOIC-UDP
80,17,21/02/2018 10:15:20,119999918,112659,0,3605088,0,32,32,32.0,0.0,0,0,0.0,0.0,30042.42053,938.8256415,1065.169966,20309.81924,852166,0,120000000,1065.169966,20309.81924,852166,0,0,0.0,0.0,0,0,0,0,0,0,901272,0,938.8256415,0.0,32,32,32.0,0.0,0.0,0,0,0,0,0,0,0,0,0,32.00028404,32.0,0.0,0,0,0,0,0,0,112659,3605088,0,0,-1,-1,112658,8,0.0,0.0,0,0,0.0,0.0,0,0,DDOS attack-LOIC-UDP
80,17,21/02/2018 10:15:20,119641339,89418,0,2861376,0,32,32,32.0,0.0,0,0,0.0,0.0,23916.28198,747.3838119,1338.015579,25831.70438,733739,0,120000000,1338.015579,25831.70438,733739,0,0,0.0,0.0,0,0,0,0,0,0,715344,0,747.3838119,0.0,32,32,32.0,0.0,0.0,0,0,0,0,0,0,0,0,0,32.00035787,32.0,0.0,0,0,0,0,0,0,89418,2861376,0,0,-1,-1,89417,8,0.0,0.0,0,0,0.0,0.0,0,0,DDOS attack-LOIC-UDP
80,17,21/02/2018 10:15:17,118004042,15,0,480,0,32,32,32.0,0.0,0,0,0.0,0.0,4.067657276,0.12711429,8428860.143,7431092.022,31000000,1000067,118000000,8428860.143,7431092.022,31000000,1000067,0,0.0,0.0,0,0,0,0,0,0,120,0,0.12711429,0.0,32,32,32.0,0.0,0.0,0,0,0,0,0,0,0,0,0,34.13333333,32.0,0.0,0,0,0,0,0,0,15,480,0,0,-1,-1,14,8,2000727.333,999959.7378,2999985,1000067,10200000.0,7470636.9,31000000,5004001,Benign
80,17,21/02/2018 10:15:18,118987900,13,0,416,0,32,32,32.0,0.0,0,0,0.0,0.0,3.496153811,0.109254807,9915658.333,7881593.424,26000000,1988855,119000000,9915658.333,7881593.424,26000000,1988855,0,0.0,0.0,0,0,0,0,0,0,104,0,0.109254807,0.0,32,32,32.0,0.0,0.0,0,0,0,0,0,0,0,0,0,34.46153846,32.0,0.0,0,0,0,0,0,0,13,416,0,0,-1,-1,12,8,1996174.5,10351.33617,2003494,1988855,11500000.0,7694087.332,26000000,5007962,Benign
80,17,21/02/2018 10:15:21,119659757,104151,0,3332832,0,32,32,32.0,0.0,0,0,0.0,0.0,27852.57202,870.3928757,1148.917494,23848.39896,671153,0,120000000,1148.917494,23848.39896,671153,0,0,0.0,0.0,0,0,0,0,0,0,833208,0,870.3928757,0.0,32,32,32.0,0.0,0.0,0,0,0,0,0,0,0,0,0,32.00030725,32.0,0.0,0,0,0,0,0,0,104151,3332832,0,0,-1,-1,104150,8,0.0,0.0,0,0,0.0,0.0,0,0,DDOS attack-LOIC-UDP
80,17,21/02/2018 10:15:21,119997735,131639,0,4212448,0,32,32,32.0,0.0,0,0,0.0,0.0,35104.39593,1097.012373,911.5736717,18607.35975,613129,0,120000000,911.5736717,18607.35975,613129,0,0,0.0,0.0,0,0,0,0,0,0,1053112,0,1097.012373,0.0,32,32,32.0,0.0,0.0,0,0,0,0,0,0,0,0,0,32.00024309,32.0,0.0,0,0,0,0,0,0,131639,4212448,0,0,-1,-1,131638,8,0.0,0.0,0,0,0.0,0.0,0,0,DDOS attack-LOIC-UDP
80,17,21/02/2018 10:15:04,119005827,13,0,416,0,32,32,32.0,0.0,0,0,0.0,0.0,3.495627151,0.109238348,9917152.25,7220296.317,27000000,1000730,119000000,9917152.25,7220296.317,27000000,1000730,0,0.0,0.0,0,0,0,0,0,0,104,0,0.109238348,0.0,32,32,32.0,0.0,0.0,0,0,0,0,0,0,0,0,0,34.46153846,32.0,0.0,0,0,0,0,0,0,13,416,0,0,-1,-1,12,8,2000404.0,1413752.529,3000078,1000730,11500000.0,6839761.244,27000000,5006275,Benign
80,17,21/02/2018 10:15:17,111968012,12,0,384,0,32,32,32.0,0.0,0,0,0.0,0.0,3.429550933,0.107173467,10200000.0,6796098.44,20000000,1993524,112000000,10200000.0,6796098.44,20000000,1993524,0,0.0,0.0,0,0,0,0,0,0,96,0,0.107173467,0.0,32,32,32.0,0.0,0.0,0,0,0,0,0,0,0,0,0,34.66666667,32.0,0.0,0,0,0,0,0,0,12,384,0,0,-1,-1,11,8,1998783.5,7438.056231,2004043,1993524,13200000.0,5154263.237,20000000,5983890,Benign
80,17,21/02/2018 10:14:56,115983767,13,0,416,0,32,32,32.0,0.0,0,0,0.0,0.0,3.586708819,0.112084651,9665313.917,5647684.739,21000000,3995920,116000000,9665313.917,5647684.739,21000000,3995920,0,0.0,0.0,0,0,0,0,0,0,104,0,0.112084651,0.0,32,32,32.0,0.0,0.0,0,0,0,0,0,0,0,0,0,34.46153846,32.0,0.0,0,0,0,0,0,0,13,416,0,0,-1,-1,12,8,7995978.0,0.0,7995978,7995978,11400000.0,5434943.276,21000000,5000060,Benign
80,17,21/02/2018 10:15:22,119906978,93374,0,2987968,0,32,32,32.0,0.0,0,0,0.0,0.0,24919.05017,778.7203177,1284.171848,25111.6073,663538,0,120000000,1284.171848,25111.6073,663538,0,0,0.0,0.0,0,0,0,0,0,0,746992,0,778.7203177,0.0,32,32,32.0,0.0,0.0,0,0,0,0,0,0,0,0,0,32.00034271,32.0,0.0,0,0,0,0,0,0,93374,2987968,0,0,-1,-1,93373,8,0.0,0.0,0,0,0.0,0.0,0,0,DDOS attack-LOIC-UDP
80,17,21/02/2018 10:15:23,119799268,98845,0,3163040,0,32,32,32.0,0.0,0,0,0.0,0.0,26402.83244,825.0885139,1212.00344,23480.17174,1198127,0,120000000,1212.00344,23480.17174,1198127,0,0,0.0,0.0,0,0,0,0,0,0,790760,0,825.0885139,0.0,32,32,32.0,0.0,0.0,0,0,0,0,0,0,0,0,0,32.00032374,32.0,0.0,0,0,0,0,0,0,98845,3163040,0,0,-1,-1,98844,8,0.0,0.0,0,0,0.0,0.0,0,0,DDOS attack-LOIC-UDP
80,17,21/02/2018 10:15:23,119922108,99541,0,3185312,0,32,32,32.0,0.0,0,0,0.0,0.0,26561.50774,830.0471169,1204.76299,24324.7007,761919,0,120000000,1204.76299,24324.7007,761919,0,0,0.0,0.0,0,0,0,0,0,0,796328,0,830.0471169,0.0,32,32,32.0,0.0,0.0,0,0,0,0,0,0,0,0,0,32.00032148,32.0,0.0,0,0,0,0,0,0,99541,3185312,0,0,-1,-1,99540,8,0.0,0.0,0,0,0.0,0.0,0,0,DDOS attack-LOIC-UDP
80,17,21/02/2018 10:15:23,105958891,9,0,288,0,32,32,32.0,0.0,0,0,0.0,0.0,2.718035243,0.084938601,13200000.0,8566465.933,25000000,3006508,106000000,13200000.0,8566465.933,25000000,3006508,0,0.0,0.0,0,0,0,0,0,0,72,0,0.084938601,0.0,32,32,32.0,0.0,0.0,0,0,0,0,0,0,0,0,0,35.55555556,32.0,0.0,0,0,0,0,0,0,9,288,0,0,-1,-1,8,8,3996728.5,1400383.261,4986949,3006508,16300000.0,7531994.853,25000000,7972029,Benign
80,17,21/02/2018 10:15:24,119865732,95072,0,3042304,0,32,32,32.0,0.0,0,0,0.0,0.0,25380.93206,793.1541268,1260.802264,24901.35687,680004,1,120000000,1260.802264,24901.35687,680004,1,0,0.0,0.0,0,0,0,0,0,0,760576,0,793.1541268,0.0,32,32,32.0,0.0,0.0,0,0,0,0,0,0,0,0,0,32.00033659,32.0,0.0,0,0,0,0,0,0,95072,3042304,0,0,-1,-1,95071,8,0.0,0.0,0,0,0.0,0.0,0,0,DDOS attack-LOIC-UDP
80,17,21/02/2018 10:15:24,119921824,105859,0,3387488,0,32,32,32.0,0.0,0,0,0.0,0.0,28247.46895,882.7334047,1132.855561,22690.19651,752215,0,120000000,1132.855561,22690.19651,752215,0,0,0.0,0.0,0,0,0,0,0,0,846872,0,882.7334047,0.0,32,32,32.0,0.0,0.0,0,0,0,0,0,0,0,0,0,32.00030229,32.0,0.0,0,0,0,0,0,0,105859,3387488,0,0,-1,-1,105858,8,0.0,0.0,0,0,0.0,0.0,0,0,DDOS attack-LOIC-UDP
80,17,21/02/2018 10:15:26,119474925,99480,0,3183360,0,32,32,32.0,0.0,0,0,0.0,0.0,26644.58672,832.643335,1201.006494,23211.47411,654580,0,119000000,1201.006494,23211.47411,654580,0,0,0.0,0.0,0,0,0,0,0,0,795840,0,832.643335,0.0,32,32,32.0,0.0,0.0,0,0,0,0,0,0,0,0,0,32.00032167,32.0,0.0,0,0,0,0,0,0,99480,3183360,0,0,-1,-1,99479,8,0.0,0.0,0,0,0.0,0.0,0,0,DDOS attack-LOIC-UDP
80,17,21/02/2018 10:15:23,114999378,18,0,576,0,32,32,32.0,0.0,0,0,0.0,0.0,5.008722743,0.156522586,6764669.294,6270506.432,21000000,985072,115000000,6764669.294,6270506.432,21000000,985072,0,0.0,0.0,0,0,0,0,0,0,144,0,0.156522586,0.0,32,32,32.0,0.0,0.0,0,0,0,0,0,0,0,0,0,33.77777778,32.0,0.0,0,0,0,0,0,0,18,576,0,0,-1,-1,17,8,9003615.0,6999484.954,16000000,1989065,12600000.0,5886872.032,21000000,6994148,Benign
80,17,21/02/2018 10:15:26,119931305,101502,0,3248064,0,32,32,32.0,0.0,0,0,0.0,0.0,27082.70372,846.3344912,1181.577571,24103.88576,684986,0,120000000,1181.577571,24103.88576,684986,0,0,0.0,0.0,0,0,0,0,0,0,812016,0,846.3344912,0.0,32,32,32.0,0.0,0.0,0,0,0,0,0,0,0,0,0,32.00031526,32.0,0.0,0,0,0,0,0,0,101502,3248064,0,0,-1,-1,101501,8,0.0,0.0,0,0,0.0,0.0,0,0,DDOS attack-LOIC-UDP
80,17,21/02/2018 10:15:26,119932571,90645,0,2900640,0,32,32,32.0,0.0,0,0,0.0,0.0,24185.59008,755.7996901,1323.116489,25445.8721,650828,0,120000000,1323.116489,25445.8721,650828,0,0,0.0,0.0,0,0,0,0,0,0,725160,0,755.7996901,0.0,32,32,32.0,0.0,0.0,0,0,0,0,0,0,0,0,0,32.00035303,32.0,0.0,0,0,0,0,0,0,90645,2900640,0,0,-1,-1,90644,8,0.0,0.0,0,0,0.0,0.0,0,0,DDOS attack-LOIC-UDP
80,17,21/02/2018 10:15:27,119548582,113292,0,3625344,0,32,32,32.0,0.0,0,0,0.0,0.0,30325.27814,947.6649418,1055.234591,21852.22582,749116,0,120000000,1055.234591,21852.22582,749116,0,0,0.0,0.0,0,0,0,0,0,0,906336,0,947.6649418,0.0,32,32,32.0,0.0,0.0,0,0,0,0,0,0,0,0,0,32.00028246,32.0,0.0,0,0,0,0,0,0,113292,3625344,0,0,-1,-1,113291,8,0.0,0.0,0,0,0.0,0.0,0,0,DDOS attack-LOIC-UDP
80,17,21/02/2018 10:15:27,119526053,106364,0,3403648,0,32,32,32.0,0.0,0,0,0.0,0.0,28476.20175,889.8813048,1123.75594,22526.44257,654466,0,120000000,1123.75594,22526.44257,654466,0,0,0.0,0.0,0,0,0,0,0,0,850912,0,889.8813048,0.0,32,32,32.0,0.0,0.0,0,0,0,0,0,0,0,0,0,32.00030085,32.0,0.0,0,0,0,0,0,0,106364,3403648,0,0,-1,-1,106363,8,0.0,0.0,0,0,0.0,0.0,0,0,DDOS attack-LOIC-UDP
80,17,21/02/2018 10:15:28,119674302,97852,0,3131264,0,32,32,32.0,0.0,0,0,0.0,0.0,26164.88208,817.652565,1223.025845,25887.39152,829624,0,120000000,1223.025845,25887.39152,829624,0,0,0.0,0.0,0,0,0,0,0,0,782816,0,817.652565,0.0,32,32,32.0,0.0,0.0,0,0,0,0,0,0,0,0,0,32.00032702,32.0,0.0,0,0,0,0,0,0,97852,3131264,0,0,-1,-1,97851,8,0.0,0.0,0,0,0.0,0.0,0,0,DDOS attack-LOIC-UDP
80,17,21/02/2018 10:15:29,119512553,110345,0,3531040,0,32,32,32.0,0.0,0,0,0.0,0.0,29545.34826,923.2921332,1083.090635,22152.47702,662632,0,120000000,1083.090635,22152.47702,662632,0,0,0.0,0.0,0,0,0,0,0,0,882760,0,923.2921332,0.0,32,32,32.0,0.0,0.0,0,0,0,0,0,0,0,0,0,32.00029,32.0,0.0,0,0,0,0,0,0,110345,3531040,0,0,-1,-1,110344,8,0.0,0.0,0,0,0.0,0.0,0,0,DDOS attack-LOIC-UDP
80,17,21/02/2018 10:15:29,119615568,86936,0,2781952,0,32,32,32.0,0.0,0,0,0.0,0.0,23257.44087,726.7950272,1375.919572,27347.37393,805890,0,120000000,1375.919572,27347.37393,805890,0,0,0.0,0.0,0,0,0,0,0,0,695488,0,726.7950272,0.0,32,32,32.0,0.0,0.0,0,0,0,0,0,0,0,0,0,32.00036809,32.0,0.0,0,0,0,0,0,0,86936,2781952,0,0,-1,-1,86935,8,0.0,0.0,0,0,0.0,0.0,0,0,DDOS attack-LOIC-UDP
80,17,21/02/2018 10:15:27,119995979,11,0,352,0,32,32,32.0,0.0,0,0,0.0,0.0,2.933431628,0.091669738,12000000.0,9070934.684,29000000,1003873,120000000,12000000.0,9070934.684,29000000,1003873,0,0.0,0.0,0,0,0,0,0,0,88,0,0.091669738,0.0,32,32,32.0,0.0,0.0,0,0,0,0,0,0,0,0,0,34.90909091,32.0,0.0,0,0,0,0,0,0,11,352,0,0,-1,-1,10,8,2487673.0,2098410.084,3971473,1003873,14400000.0,8535150.775,29000000,5000020,Benign
80,17,21/02/2018 10:15:30,119999969,100967,0,3230944,0,32,32,32.0,0.0,0,0,0.0,0.0,26924.54029,841.391884,1188.5186,23262.79637,742521,0,120000000,1188.5186,23262.79637,742521,0,0,0.0,0.0,0,0,0,0,0,0,807736,0,841.391884,0.0,32,32,32.0,0.0,0.0,0,0,0,0,0,0,0,0,0,32.00031694,32.0,0.0,0,0,0,0,0,0,100967,3230944,0,0,-1,-1,100966,8,0.0,0.0,0,0,0.0,0.0,0,0,DDOS attack-LOIC-UDP
80,17,21/02/2018 10:15:28,108007987,10,0,320,0,32,32,32.0,0.0,0,0,0.0,0.0,2.962743857,0.092585746,12000000.0,11600000.0,38000000,1999987,108000000,12000000.0,11600000.0,38000000,1999987,0,0.0,0.0,0,0,0,0,0,0,80,0,0.092585746,0.0,32,32,32.0,0.0,0.0,0,0,0,0,0,0,0,0,0,35.2,32.0,0.0,0,0,0,0,0,0,10,320,0,0,-1,-1,9,8,2002035.5,2897.016483,2004084,1999987,14900000.0,11700000.0,38000000,5991950,Benign
80,17,21/02/2018 10:15:30,119970006,97316,0,3114112,0,32,32,32.0,0.0,0,0,0.0,0.0,25957.42139,811.1694185,1232.80076,25936.61115,823493,0,120000000,1232.80076,25936.61115,823493,0,0,0.0,0.0,0,0,0,0,0,0,778528,0,811.1694185,0.0,32,32,32.0,0.0,0.0,0,0,0,0,0,0,0,0,0,32.00032883,32.0,0.0,0,0,0,0,0,0,97316,3114112,0,0,-1,-1,97315,8,0.0,0.0,0,0,0.0,0.0,0,0,DDOS attack-LOIC-UDP
80,17,21/02/2018 10:15:30,119995648,100772,0,3224704,0,32,32,32.0,0.0,0,0,0.0,0.0,26873.50795,839.7971233,1190.7756,23378.64477,1078520,0,120000000,1190.7756,23378.64477,1078520,0,0,0.0,0.0,0,0,0,0,0,0,806176,0,839.7971233,0.0,32,32,32.0,0.0,0.0,0,0,0,0,0,0,0,0,0,32.00031755,32.0,0.0,0,0,0,0,0,0,100772,3224704,0,0,-1,-1,100771,8,0.0,0.0,0,0,0.0,0.0,0,0,DDOS attack-LOIC-UDP
80,17,21/02/2018 10:15:31,119999832,84952,0,2718464,0,32,32,32.0,0.0,0,0,0.0,0.0,22653.89838,707.9343244,1412.577039,27813.39033,798286,1,120000000,1412.577039,27813.39033,798286,1,0,0.0,0.0,0,0,0,0,0,0,679616,0,707.9343244,0.0,32,32,32.0,0.0,0.0,0,0,0,0,0,0,0,0,0,32.00037668,32.0,0.0,0,0,0,0,0,0,84952,2718464,0,0,-1,-1,84951,8,0.0,0.0,0,0,0.0,0.0,0,0,DDOS attack-LOIC-UDP
80,17,21/02/2018 10:15:25,111990990,14,0,448,0,32,32,32.0,0.0,0,0,0.0,0.0,4.000321812,0.125010057,8614691.538,8033302.459,26000000,2983820,112000000,8614691.538,8033302.459,26000000,2983820,0,0.0,0.0,0,0,0,0,0,0,112,0,0.125010057,0.0,32,32,32.0,0.0,0.0,0,0,0,0,0,0,0,0,0,34.28571429,32.0,0.0,0,0,0,0,0,0,14,448,0,0,-1,-1,13,8,2994126.5,14575.59208,3004433,2983820,11100000.0,8604741.417,26000000,5003959,Benign
80,17,21/02/2018 10:15:30,119975874,16,0,512,0,32,32,32.0,0.0,0,0,0.0,0.0,4.267524652,0.133360145,7998391.6,6352488.485,21000000,999311,120000000,7998391.6,6352488.485,21000000,999311,0,0.0,0.0,0,0,0,0,0,0,128,0,0.133360145,0.0,32,32,32.0,0.0,0.0,0,0,0,0,0,0,0,0,0,34.0,32.0,0.0,0,0,0,0,0,0,16,512,0,0,-1,-1,15,8,2203626.8,1306513.833,4005184,999311,11700000.0,5625865.019,21000000,5988012,Benign
80,17,21/02/2018 10:15:32,119966041,109314,0,3498048,0,32,32,32.0,0.0,0,0,0.0,0.0,29158.65166,911.2078642,1097.454475,22254.49573,686960,0,120000000,1097.454475,22254.49573,686960,0,0,0.0,0.0,0,0,0,0,0,0,874512,0,911.2078642,0.0,32,32,32.0,0.0,0.0,0,0,0,0,0,0,0,0,0,32.00029273,32.0,0.0,0,0,0,0,0,0,109314,3498048,0,0,-1,-1,109313,8,0.0,0.0,0,0,0.0,0.0,0,0,DDOS attack-LOIC-UDP
80,17,21/02/2018 10:15:32,119999535,96059,0,3073888,0,32,32,32.0,0.0,0,0,0.0,0.0,25615.83259,800.4947686,1249.240407,26187.32011,811439,0,120000000,1249.240407,26187.32011,811439,0,0,0.0,0.0,0,0,0,0,0,0,768472,0,800.4947686,0.0,32,32,32.0,0.0,0.0,0,0,0,0,0,0,0,0,0,32.00033313,32.0,0.0,0,0,0,0,0,0,96059,3073888,0,0,-1,-1,96058,8,0.0,0.0,0,0,0.0,0.0,0,0,DDOS attack-LOIC-UDP
80,17,21/02/2018 10:15:32,109982271,16,0,512,0,32,32,32.0,0.0,0,0,0.0,0.0,4.655295761,0.145477993,7332151.4,4473479.569,19000000,998771,110000000,7332151.4,4473479.569,19000000,998771,0,0.0,0.0,0,0,0,0,0,0,128,0,0.145477993,0.0,32,32,32.0,0.0,0.0,0,0,0,0,0,0,0,0,0,34.0,32.0,0.0,0,0,0,0,0,0,16,512,0,0,-1,-1,15,8,5644514.333,590841.745,5995291,4962361,9304872.8,4087546.928,19000000,5002099,Benign
80,17,21/02/2018 10:15:33,119917232,103295,0,3305440,0,32,32,32.0,0.0,0,0,0.0,0.0,27564.34538,861.3857932,1160.931245,22860.07845,734689,0,120000000,1160.931245,22860.07845,734689,0,0,0.0,0.0,0,0,0,0,0,0,826360,0,861.3857932,0.0,32,32,32.0,0.0,0.0,0,0,0,0,0,0,0,0,0,32.00030979,32.0,0.0,0,0,0,0,0,0,103295,3305440,0,0,-1,-1,103294,8,0.0,0.0,0,0,0.0,0.0,0,0,DDOS attack-LOIC-UDP
80,17,21/02/2018 10:15:33,119566351,84949,0,2718368,0,32,32,32.0,0.0,0,0,0.0,0.0,22735.2259,710.4758094,1407.524026,27744.45488,942917,1,120000000,1407.524026,27744.45488,942917,1,0,0.0,0.0,0,0,0,0,0,0,679592,0,710.4758094,0.0,32,32,32.0,0.0,0.0,0,0,0,0,0,0,0,0,0,32.0003767,32.0,0.0,0,0,0,0,0,0,84949,2718368,0,0,-1,-1,84948,8,0.0,0.0,0,0,0.0,0.0,0,0,DDOS attack-LOIC-UDP
80,17,21/02/2018 10:15:34,119626185,81164,0,2597248,0,32,32,32.0,0.0,0,0,0.0,0.0,21711.36696,678.4802174,1473.900484,28665.12144,917589,1,120000000,1473.900484,28665.12144,917589,1,0,0.0,0.0,0,0,0,0,0,0,649312,0,678.4802174,0.0,32,32,32.0,0.0,0.0,0,0,0,0,0,0,0,0,0,32.00039426,32.0,0.0,0,0,0,0,0,0,81164,2597248,0,0,-1,-1,81163,8,0.0,0.0,0,0,0.0,0.0,0,0,DDOS attack-LOIC-UDP
80,17,21/02/2018 10:15:35,119993762,111081,0,3554592,0,32,32,32.0,0.0,0,0,0.0,0.0,29623.13991,925.7231222,1080.246327,20929.71575,863532,0,120000000,1080.246327,20929.71575,863532,0,0,0.0,0.0,0,0,0,0,0,0,888648,0,925.7231222,0.0,32,32,32.0,0.0,0.0,0,0,0,0,0,0,0,0,0,32.00028808,32.0,0.0,0,0,0,0,0,0,111081,3554592,0,0,-1,-1,111080,8,0.0,0.0,0,0,0.0,0.0,0,0,DDOS attack-LOIC-UDP
80,17,21/02/2018 10:15:36,119640709,98998,0,3167936,0,32,32,32.0,0.0,0,0,0.0,0.0,26478.74646,827.4608269,1208.528632,25706.02112,800099,0,120000000,1208.528632,25706.02112,800099,0,0,0.0,0.0,0,0,0,0,0,0,791984,0,827.4608269,0.0,32,32,32.0,0.0,0.0,0,0,0,0,0,0,0,0,0,32.00032324,32.0,0.0,0,0,0,0,0,0,98998,3167936,0,0,-1,-1,98997,8,0.0,0.0,0,0,0.0,0.0,0,0,DDOS attack-LOIC-UDP
80,17,21/02/2018 10:15:36,119637987,85413,0,2733216,0,32,32,32.0,0.0,0,0,0.0,0.0,22845.7204,713.9287624,1400.716375,27770.81512,851051,0,120000000,1400.716375,27770.81512,851051,0,0,0.0,0.0,0,0,0,0,0,0,683304,0,713.9287624,0.0,32,32,32.0,0.0,0.0,0,0,0,0,0,0,0,0,0,32.00037465,32.0,0.0,0,0,0,0,0,0,85413,2733216,0,0,-1,-1,85412,8,0.0,0.0,0,0,0.0,0.0,0,0,DDOS attack-LOIC-UDP
80,17,21/02/2018 10:15:36,119686870,126099,0,4035168,0,32,32,32.0,0.0,0,0,0.0,0.0,33714.37485,1053.574214,949.15756,19529.89932,847112,0,120000000,949.15756,19529.89932,847112,0,0,0.0,0.0,0,0,0,0,0,0,1008792,0,1053.574214,0.0,32,32,32.0,0.0,0.0,0,0,0,0,0,0,0,0,0,32.00025377,32.0,0.0,0,0,0,0,0,0,126099,4035168,0,0,-1,-1,126098,8,0.0,0.0,0,0,0.0,0.0,0,0,DDOS attack-LOIC-UDP
80,17,21/02/2018 10:15:34,116027340,19,0,608,0,32,32,32.0,0.0,0,0,0.0,0.0,5.240144263,0.163754508,6445963.333,3941589.324,13000000,1048001,116000000,6445963.333,3941589.324,13000000,1048001,0,0.0,0.0,0,0,0,0,0,0,152,0,0.163754508,0.0,32,32,32.0,0.0,0.0,0,0,0,0,0,0,0,0,0,33.68421053,32.0,0.0,0,0,0,0,0,0,19,608,0,0,-1,-1,18,8,4508956.25,2355663.136,6004749,1048001,8908319.545,2882743.112,13000000,5004066,Benign
80,17,21/02/2018 10:15:36,102999925,12,0,384,0,32,32,32.0,0.0,0,0,0.0,0.0,3.728158054,0.116504939,9363629.545,7475178.055,21000000,1979956,103000000,9363629.545,7475178.055,21000000,1979956,0,0.0,0.0,0,0,0,0,0,0,96,0,0.116504939,0.0,32,32,32.0,0.0,0.0,0,0,0,0,0,0,0,0,0,34.66666667,32.0,0.0,0,0,0,0,0,0,12,384,0,0,-1,-1,11,8,2314073.333,568337.2355,2970296,1979956,13100000.0,6835007.028,21000000,7000187,Benign
80,17,21/02/2018 10:15:37,119698495,109040,0,3489280,0,32,32,32.0,0.0,0,0,0.0,0.0,29150.57537,910.9554803,1097.758554,20939.32166,681103,0,120000000,1097.758554,20939.32166,681103,0,0,0.0,0.0,0,0,0,0,0,0,872320,0,910.9554803,0.0,32,32,32.0,0.0,0.0,0,0,0,0,0,0,0,0,0,32.00029347,32.0,0.0,0,0,0,0,0,0,109040,3489280,0,0,-1,-1,109039,8,0.0,0.0,0,0,0.0,0.0,0,0,DDOS attack-LOIC-UDP
80,17,21/02/2018 10:15:37,119607246,97718,0,3126976,0,32,32,32.0,0.0,0,0,0.0,0.0,26143.70036,816.9906362,1224.016763,25840.50374,836549,0,120000000,1224.016763,25840.50374,836549,0,0,0.0,0.0,0,0,0,0,0,0,781744,0,816.9906362,0.0,32,32,32.0,0.0,0.0,0,0,0,0,0,0,0,0,0,32.00032747,32.0,0.0,0,0,0,0,0,0,97718,3126976,0,0,-1,-1,97717,8,0.0,0.0,0,0,0.0,0.0,0,0,DDOS attack-LOIC-UDP
80,17,21/02/2018 10:15:33,114990662,10,0,320,0,32,32,32.0,0.0,0,0,0.0,0.0,2.782834662,0.086963583,12800000.0,14300000.0,44000000,2000024,115000000,12800000.0,14300000.0,44000000,2000024,0,0.0,0.0,0,0,0,0,0,0,80,0,0.086963583,0.0,32,32,32.0,0.0,0.0,0,0,0,0,0,0,0,0,0,35.2,32.0,0.0,0,0,0,0,0,0,10,320,0,0,-1,-1,9,8,5017927.0,1411228.158,6015816,4020038,21000000.0,14800000.0,44000000,5998677,Benign
80,17,21/02/2018 10:15:16,115991141,12,0,384,0,32,32,32.0,0.0,0,0,0.0,0.0,3.31059766,0.103456177,10500000.0,11500000.0,42000000,1984006,116000000,10500000.0,11500000.0,42000000,1984006,0,0.0,0.0,0,0,0,0,0,0,96,0,0.103456177,0.0,32,32,32.0,0.0,0.0,0,0,0,0,0,0,0,0,0,34.66666667,32.0,0.0,0,0,0,0,0,0,12,384,0,0,-1,-1,11,8,2988512.5,1407854.551,3984016,1993009,13800000.0,12000000.0,42000000,6006844,Benign
80,17,21/02/2018 10:15:26,107004045,13,0,416,0,32,32,32.0,0.0,0,0,0.0,0.0,3.887703498,0.121490734,8917003.75,6554608.82,23000000,3987809,107000000,8917003.75,6554608.82,23000000,3987809,0,0.0,0.0,0,0,0,0,0,0,104,0,0.121490734,0.0,32,32,32.0,0.0,0.0,0,0,0,0,0,0,0,0,0,34.46153846,32.0,0.0,0,0,0,0,0,0,13,416,0,0,-1,-1,12,8,8688001.0,7245564.217,17000000,4032026,13500000.0,6638660.371,23000000,6967979,Benign
80,17,21/02/2018 10:15:38,119999984,133821,0,4282272,0,32,32,32.0,0.0,0,0,0.0,0.0,35685.60476,1115.175149,896.7268271,18909.67099,695530,0,120000000,896.7268271,18909.67099,695530,0,0,0.0,0.0,0,0,0,0,0,0,1070568,0,1115.175149,0.0,32,32,32.0,0.0,0.0,0,0,0,0,0,0,0,0,0,32.00023913,32.0,0.0,0,0,0,0,0,0,133821,4282272,0,0,-1,-1,133820,8,0.0,0.0,0,0,0.0,0.0,0,0,DDOS attack-LOIC-UDP
80,17,21/02/2018 10:15:39,112007848,12,0,384,0,32,32,32.0,0.0,0,0,0.0,0.0,3.428331201,0.10713535,10200000.0,5076161.001,21000000,3003197,112000000,10200000.0,5076161.001,21000000,3003197,0,0.0,0.0,0,0,0,0,0,0,96,0,0.10713535,0.0,32,32,32.0,0.0,0.0,0,0,0,0,0,0,0,0,0,34.66666667,32.0,0.0,0,0,0,0,0,0,12,384,0,0,-1,-1,11,8,3006424.0,4563.667166,3009651,3003197,11800000.0,4058843.739,21000000,5996723,Benign
80,17,21/02/2018 10:15:29,118015991,10,0,320,0,32,32,32.0,0.0,0,0,0.0,0.0,2.711496953,0.08473428,13100000.0,13400000.0,44000000,940054,118000000,13100000.0,13400000.0,44000000,940054,0,0.0,0.0,0,0,0,0,0,0,80,0,0.08473428,0.0,32,32,32.0,0.0,0.0,0,0,0,0,0,0,0,0,0,35.2,32.0,0.0,0,0,0,0,0,0,10,320,0,0,-1,-1,9,8,1298719.667,617921.028,2012230,940054,19000000.0,12700000.0,44000000,10000000,Benign
500,17,21/02/2018 10:14:06,47489457,3,0,1500,0,500,500,500.0,0.0,0,0,0.0,0.0,31.58595812,0.063171916,23700000.0,17700000.0,36300000,11200000,47500000,23700000.0,17700000.0,36300000,11200000,0,0.0,0.0,0,0,0,0,0,0,24,0,0.063171916,0.0,500,500,500.0,0.0,0.0,0,0,0,0,0,0,0,0,0,666.6666667,500.0,0.0,0,0,0,0,0,0,3,1500,0,0,-1,-1,2,8,0.0,0.0,0,0,23700000.0,17700000.0,36300000,11200000,Benign
80,17,21/02/2018 10:15:24,105990074,9,0,288,0,32,32,32.0,0.0,0,0,0.0,0.0,2.717235578,0.084913612,13200000.0,11000000.0,38000000,2000066,106000000,13200000.0,11000000.0,38000000,2000066,0,0.0,0.0,0,0,0,0,0,0,72,0,0.084913612,0.0,32,32,32.0,0.0,0.0,0,0,0,0,0,0,0,0,0,35.55555556,32.0,0.0,0,0,0,0,0,0,9,288,0,0,-1,-1,8,8,2000066.0,0.0,2000066,2000066,14900000.0,10900000.0,38000000,5003819,Benign
80,17,21/02/2018 10:15:39,119980663,113743,0,3639776,0,32,32,32.0,0.0,0,0,0.0,0.0,30336.35512,948.0110974,1054.849247,20575.23465,966676,0,120000000,1054.849247,20575.23465,966676,0,0,0.0,0.0,0,0,0,0,0,0,909944,0,948.0110974,0.0,32,32,32.0,0.0,0.0,0,0,0,0,0,0,0,0,0,32.00028134,32.0,0.0,0,0,0,0,0,0,113743,3639776,0,0,-1,-1,113742,8,0.0,0.0,0,0,0.0,0.0,0,0,DDOS attack-LOIC-UDP
80,17,21/02/2018 10:15:40,119840919,131908,0,4221056,0,32,32,32.0,0.0,0,0,0.0,0.0,35222.1598,1100.692494,908.5258478,19042.71228,667870,0,120000000,908.5258478,19042.71228,667870,0,0,0.0,0.0,0,0,0,0,0,0,1055264,0,1100.692494,0.0,32,32,32.0,0.0,0.0,0,0,0,0,0,0,0,0,0,32.00024259,32.0,0.0,0,0,0,0,0,0,131908,4221056,0,0,-1,-1,131907,8,0.0,0.0,0,0,0.0,0.0,0,0,DDOS attack-LOIC-UDP
80,17,21/02/2018 10:15:38,115987920,14,0,448,0,32,32,32.0,0.0,0,0,0.0,0.0,3.862471195,0.120702225,8922147.692,6317248.211,28000000,1015957,116000000,8922147.692,6317248.211,28000000,1015957,0,0.0,0.0,0,0,0,0,0,0,112,0,0.120702225,0.0,32,32,32.0,0.0,0.0,0,0,0,0,0,0,0,0,0,34.28571429,32.0,0.0,0,0,0,0,0,0,14,448,0,0,-1,-1,13,8,2993827.5,2797131.286,4971698,1015957,10000000.0,6228945.358,28000000,5999822,Benign
80,17,21/02/2018 10:15:25,112027977,11,0,352,0,32,32,32.0,0.0,0,0,0.0,0.0,3.14207227,0.098189758,11200000.0,6887873.52,24000000,4992185,112000000,11200000.0,6887873.52,24000000,4992185,0,0.0,0.0,0,0,0,0,0,0,88,0,0.098189758,0.0,32,32,32.0,0.0,0.0,0,0,0,0,0,0,0,0,0,34.90909091,32.0,0.0,0,0,0,0,0,0,11,352,0,0,-1,-1,10,8,4992185.0,0.0,4992185,4992185,11900000.0,6929355.66,24000000,6007876,Benign
80,17,21/02/2018 10:15:32,107003938,11,0,352,0,32,32,32.0,0.0,0,0,0.0,0.0,3.289598557,0.102799955,10700000.0,7736044.349,23000000,3002227,107000000,10700000.0,7736044.349,23000000,3002227,0,0.0,0.0,0,0,0,0,0,0,88,0,0.102799955,0.0,32,32,32.0,0.0,0.0,0,0,0,0,0,0,0,0,0,34.90909091,32.0,0.0,0,0,0,0,0,0,11,352,0,0,-1,-1,10,8,3002227.0,0.0,3002227,3002227,14000000.0,6889665.672,23000000,5004030,Benign
80,17,21/02/2018 10:15:31,119976069,16,0,512,0,32,32,32.0,0.0,0,0,0.0,0.0,4.267517716,0.133359929,7998404.6,7081879.416,19000000,957233,120000000,7998404.6,7081879.416,19000000,957233,0,0.0,0.0,0,0,0,0,0,0,128,0,0.133359929,0.0,32,32,32.0,0.0,0.0,0,0,0,0,0,0,0,0,0,34.0,32.0,0.0,0,0,0,0,0,0,16,512,0,0,-1,-1,15,8,1746670.5,955539.8234,3000091,983954,14100000.0,2902126.816,19000000,11000000,Benign
80,17,21/02/2018 10:15:42,119969363,116850,0,3739200,0,32,32,32.0,0.0,0,0,0.0,0.0,31167.95744,973.99867,1026.704234,20160.02854,670305,0,120000000,1026.704234,20160.02854,670305,0,0,0.0,0.0,0,0,0,0,0,0,934800,0,973.99867,0.0,32,32,32.0,0.0,0.0,0,0,0,0,0,0,0,0,0,32.00027386,32.0,0.0,0,0,0,0,0,0,116850,3739200,0,0,-1,-1,116849,8,0.0,0.0,0,0,0.0,0.0,0,0,DDOS attack-LOIC-UDP
80,17,21/02/2018 10:15:42,119594731,126942,0,4062144,0,32,32,32.0,0.0,0,0,0.0,0.0,33965.91109,1061.434722,942.128477,19305.97302,689330,0,120000000,942.128477,19305.97302,689330,0,0,0.0,0.0,0,0,0,0,0,0,1015536,0,1061.434722,0.0,32,32,32.0,0.0,0.0,0,0,0,0,0,0,0,0,0,32.00025208,32.0,0.0,0,0,0,0,0,0,126942,4062144,0,0,-1,-1,126941,8,0.0,0.0,0,0,0.0,0.0,0,0,DDOS attack-LOIC-UDP
80,17,21/02/2018 10:15:33,119051938,14,0,448,0,32,32,32.0,0.0,0,0,0.0,0.0,3.763063479,0.117595734,9157841.385,7923973.304,26000000,979958,119000000,9157841.385,7923973.304,26000000,979958,0,0.0,0.0,0,0,0,0,0,0,112,0,0.117595734,0.0,32,32,32.0,0.0,0.0,0,0,0,0,0,0,0,0,0,34.28571429,32.0,0.0,0,0,0,0,0,0,14,448,0,0,-1,-1,13,8,1000018.8,14530.83632,1020073,979958,14300000.0,5512998.631,26000000,8980281,Benign
80,17,21/02/2018 10:15:43,119747504,118275,0,3784800,0,32,32,32.0,0.0,0,0,0.0,0.0,31606.5043,987.7032594,1012.458393,20038.15255,675158,0,120000000,1012.458393,20038.15255,675158,0,0,0.0,0.0,0,0,0,0,0,0,946200,0,987.7032594,0.0,32,32,32.0,0.0,0.0,0,0,0,0,0,0,0,0,0,32.00027056,32.0,0.0,0,0,0,0,0,0,118275,3784800,0,0,-1,-1,118274,8,0.0,0.0,0,0,0.0,0.0,0,0,DDOS attack-LOIC-UDP
80,17,21/02/2018 10:15:45,119748898,124512,0,3984384,0,32,32,32.0,0.0,0,0,0.0,0.0,33272.82394,1039.775748,961.7535639,19759.52542,948629,0,120000000,961.7535639,19759.52542,948629,0,0,0.0,0.0,0,0,0,0,0,0,996096,0,1039.775748,0.0,32,32,32.0,0.0,0.0,0,0,0,0,0,0,0,0,0,32.000257,32.0,0.0,0,0,0,0,0,0,124512,3984384,0,0,-1,-1,124511,8,0.0,0.0,0,0,0.0,0.0,0,0,DDOS attack-LOIC-UDP
80,17,21/02/2018 10:15:36,118008098,13,0,416,0,32,32,32.0,0.0,0,0,0.0,0.0,3.525181806,0.110161931,9834008.167,6884392.656,18000000,960004,118000000,9834008.167,6884392.656,18000000,960004,0,0.0,0.0,0,0,0,0,0,0,104,0,0.110161931,0.0,32,32,32.0,0.0,0.0,0,0,0,0,0,0,0,0,0,34.46153846,32.0,0.0,0,0,0,0,0,0,13,416,0,0,-1,-1,12,8,1310841.333,572923.1948,1971982,960004,14300000.0,2707515.002,18000000,11000000,Benign
80,17,21/02/2018 10:15:37,119007973,15,0,480,0,32,32,32.0,0.0,0,0,0.0,0.0,4.033343211,0.126041975,8500569.5,6322020.369,17000000,955017,119000000,8500569.5,6322020.369,17000000,955017,0,0.0,0.0,0,0,0,0,0,0,120,0,0.126041975,0.0,32,32,32.0,0.0,0.0,0,0,0,0,0,0,0,0,0,34.13333333,32.0,0.0,0,0,0,0,0,0,15,480,0,0,-1,-1,14,8,972738.75,21536.01038,999949,955017,12700000.0,3151694.708,17000000,8048138,Benign
0,0,21/02/2018 10:14:58,112641425,3,0,0,0,0,0,0.0,0.0,0,0,0.0,0.0,0.0,0.026633186,56300000.0,43023.9121,56400000,56300000,113000000,56300000.0,43023.9121,56400000,56300000,0,0.0,0.0,0,0,0,0,0,0,0,0,0.026633186,0.0,0,0,0.0,0.0,0.0,0,0,0,0,0,0,0,0,0,0.0,0.0,0.0,0,0,0,0,0,0,3,0,0,0,-1,-1,0,0,0.0,0.0,0,0,56300000.0,43023.9121,56400000,56300000,Benign
80,17,21/02/2018 10:15:38,119988168,15,0,480,0,32,32,32.0,0.0,0,0,0.0,0.0,4.000394439,0.125012326,8570583.429,8089312.679,28000000,980185,120000000,8570583.429,8089312.679,28000000,980185,0,0.0,0.0,0,0,0,0,0,0,120,0,0.125012326,0.0,32,32,32.0,0.0,0.0,0,0,0,0,0,0,0,0,0,34.13333333,32.0,0.0,0,0,0,0,0,0,15,480,0,0,-1,-1,14,8,4970728.667,29583.98645,5004167,4947958,13100000.0,7953392.296,28000000,5000082,Benign
80,17,21/02/2018 10:15:47,110999816,11,0,352,0,32,32,32.0,0.0,0,0,0.0,0.0,3.171176428,0.099099263,11100000.0,11900000.0,30000000,959183,111000000,11100000.0,11900000.0,30000000,959183,0,0.0,0.0,0,0,0,0,0,0,88,0,0.099099263,0.0,32,32,32.0,0.0,0.0,0,0,0,0,0,0,0,0,0,34.90909091,32.0,0.0,0,0,0,0,0,0,11,352,0,0,-1,-1,10,8,1244783.5,483758.0922,1970396,1000040,21200000.0,7912075.398,30000000,12000000,Benign
80,17,21/02/2018 10:15:42,119007314,12,0,384,0,32,32,32.0,0.0,0,0,0.0,0.0,3.226692437,0.100834139,10800000.0,8064195.611,25000000,960053,119000000,10800000.0,8064195.611,25000000,960053,0,0.0,0.0,0,0,0,0,0,0,96,0,0.100834139,0.0,32,32,32.0,0.0,0.0,0,0,0,0,0,0,0,0,0,34.66666667,32.0,0.0,0,0,0,0,0,0,12,384,0,0,-1,-1,11,8,4970026.5,1366128.18,5936025,4004028,13600000.0,7645369.57,25000000,5074106,Benign
80,17,21/02/2018 10:15:47,113998704,17,0,544,0,32,32,32.0,0.0,0,0,0.0,0.0,4.771984074,0.149124502,7124919.0,8437027.295,31000000,983887,114000000,7124919.0,8437027.295,31000000,983887,0,0.0,0.0,0,0,0,0,0,0,136,0,0.149124502,0.0,32,32,32.0,0.0,0.0,0,0,0,0,0,0,0,0,0,33.88235294,32.0,0.0,0,0,0,0,0,0,17,544,0,0,-1,-1,16,8,5485671.5,3859195.062,11000000,2000059,13200000.0,10100000.0,31000000,6011930,Benign
80,17,21/02/2018 10:15:47,107959771,15,0,480,0,32,32,32.0,0.0,0,0,0.0,0.0,4.446100576,0.138940643,7711412.214,3887273.809,15000000,2999997,108000000,7711412.214,3887273.809,15000000,2999997,0,0.0,0.0,0,0,0,0,0,0,120,0,0.138940643,0.0,32,32,32.0,0.0,0.0,0,0,0,0,0,0,0,0,0,34.13333333,32.0,0.0,0,0,0,0,0,0,15,480,0,0,-1,-1,14,8,4342528.0,2304865.439,7003953,3007642,9493218.7,3065547.039,15000000,5948002,Benign
80,17,21/02/2018 10:15:30,118992007,13,0,416,0,32,32,32.0,0.0,0,0,0.0,0.0,3.496033141,0.109251036,9916000.583,5151021.763,17000000,979957,119000000,9916000.583,5151021.763,17000000,979957,0,0.0,0.0,0,0,0,0,0,0,104,0,0.109251036,0.0,32,32,32.0,0.0,0.0,0,0,0,0,0,0,0,0,0,34.46153846,32.0,0.0,0,0,0,0,0,0,13,416,0,0,-1,-1,12,8,2990708.5,2835909.022,4995999,985418,12400000.0,2508894.536,17000000,8987944,Benign
80,17,21/02/2018 10:15:43,110014649,16,0,512,0,32,32,32.0,0.0,0,0,0.0,0.0,4.653925679,0.145435177,7334309.933,4611959.09,16000000,1005387,110000000,7334309.933,4611959.09,16000000,1005387,0,0.0,0.0,0,0,0,0,0,0,128,0,0.145435177,0.0,32,32,32.0,0.0,0.0,0,0,0,0,0,0,0,0,0,34.0,32.0,0.0,0,0,0,0,0,0,16,512,0,0,-1,-1,15,8,2005023.0,1413698.789,3004659,1005387,9089157.636,4071522.045,16000000,5000010,Benign
80,17,21/02/2018 10:15:42,114007265,12,0,384,0,32,32,32.0,0.0,0,0,0.0,0.0,3.368206403,0.10525645,10400000.0,4944095.966,21000000,3003841,114000000,10400000.0,4944095.966,21000000,3003841,0,0.0,0.0,0,0,0,0,0,0,96,0,0.10525645,0.0,32,32,32.0,0.0,0.0,0,0,0,0,0,0,0,0,0,34.66666667,32.0,0.0,0,0,0,0,0,0,12,384,0,0,-1,-1,11,8,3999428.5,1407973.345,4995016,3003841,11800000.0,4234238.865,21000000,8003974,Benign
80,17,21/02/2018 10:15:40,118995982,12,0,384,0,32,32,32.0,0.0,0,0,0.0,0.0,3.226999715,0.100843741,10800000.0,9871913.306,28000000,1983980,119000000,10800000.0,9871913.306,28000000,1983980,0,0.0,0.0,0,0,0,0,0,0,96,0,0.100843741,0.0,32,32,32.0,0.0,0.0,0,0,0,0,0,0,0,0,0,34.66666667,32.0,0.0,0,0,0,0,0,0,12,384,0,0,-1,-1,11,8,2656188.333,1153383.468,3987999,1988363,15900000.0,8990144.807,28000000,5007610,Benign
80,17,21/02/2018 10:15:41,119991681,17,0,544,0,32,32,32.0,0.0,0,0,0.0,0.0,4.533647628,0.141676488,7499480.063,7785402.492,26100000,919902,120000000,7499480.063,7785402.492,26100000,919902,0,0.0,0.0,0,0,0,0,0,0,136,0,0.141676488,0.0,32,32,32.0,0.0,0.0,0,0,0,0,0,0,0,0,0,33.88235294,32.0,0.0,0,0,0,0,0,0,17,544,0,0,-1,-1,16,8,1370232.2,522140.1595,1960044,983681,14000000.0,5698686.803,26100000,8008121,Benign
80,17,21/02/2018 10:15:50,112011939,13,0,416,0,32,32,32.0,0.0,0,0,0.0,0.0,3.71388982,0.116059057,9334328.25,5544953.709,18000000,1996019,112000000,9334328.25,5544953.709,18000000,1996019,0,0.0,0.0,0,0,0,0,0,0,104,0,0.116059057,0.0,32,32,32.0,0.0,0.0,0,0,0,0,0,0,0,0,0,34.46153846,32.0,0.0,0,0,0,0,0,0,13,416,0,0,-1,-1,12,8,1998056.0,2880.753027,2000093,1996019,11800000.0,3926764.354,18000000,5023878,Benign
80,17,21/02/2018 10:15:41,115995840,15,0,480,0,32,32,32.0,0.0,0,0,0.0,0.0,4.138079435,0.129314982,8285417.143,5270292.277,18000000,1004031,116000000,8285417.143,5270292.277,18000000,1004031,0,0.0,0.0,0,0,0,0,0,0,120,0,0.129314982,0.0,32,32,32.0,0.0,0.0,0,0,0,0,0,0,0,0,0,34.13333333,32.0,0.0,0,0,0,0,0,0,15,480,0,0,-1,-1,14,8,2333472.0,1151330.945,2999900,1004031,9908674.909,4724140.625,18000000,5972053,Benign
80,17,21/02/2018 10:15:47,117939812,9,0,288,0,32,32,32.0,0.0,0,0,0.0,0.0,2.441923513,0.07631011,14700000.0,9864710.761,35000000,4940346,118000000,14700000.0,9864710.761,35000000,4940346,0,0.0,0.0,0,0,0,0,0,0,72,0,0.07631011,0.0,32,32,32.0,0.0,0.0,0,0,0,0,0,0,0,0,0,35.55555556,32.0,0.0,0,0,0,0,0,0,9,288,0,0,-1,-1,8,8,9932117.0,0.0,9932117,9932117,18000000.0,9233750.152,35000000,7992015,Benign
80,17,21/02/2018 10:15:43,104001433,9,0,288,0,32,32,32.0,0.0,0,0,0.0,0.0,2.769192613,0.086537269,13000000.0,9956757.018,31000000,2000072,104000000,13000000.0,9956757.018,31000000,2000072,0,0.0,0.0,0,0,0,0,0,0,72,0,0.086537269,0.0,32,32,32.0,0.0,0.0,0,0,0,0,0,0,0,0,0,35.55555556,32.0,0.0,0,0,0,0,0,0,9,288,0,0,-1,-1,8,8,0.0,0.0,0,0,16700000.0,8618577.491,31000000,7005507,Benign
80,17,21/02/2018 10:15:54,100947994,19,0,608,0,32,32,32.0,0.0,0,0,0.0,0.0,6.022903239,0.188215726,5608221.889,4880920.816,19000000,952211,101000000,5608221.889,4880920.816,19000000,952211,0,0.0,0.0,0,0,0,0,0,0,152,0,0.188215726,0.0,32,32,32.0,0.0,0.0,0,0,0,0,0,0,0,0,0,33.68421053,32.0,0.0,0,0,0,0,0,0,19,608,0,0,-1,-1,18,8,4733629.5,489553.3887,4996165,4000007,11000000.0,4856835.298,19000000,5007970,Benign
80,17,21/02/2018 10:15:53,110006002,11,0,352,0,32,32,32.0,0.0,0,0,0.0,0.0,3.199825406,0.099994544,11000000.0,10600000.0,37000000,2000068,110000000,11000000.0,10600000.0,37000000,2000068,0,0.0,0.0,0,0,0,0,0,0,88,0,0.099994544,0.0,32,32,32.0,0.0,0.0,0,0,0,0,0,0,0,0,0,34.90909091,32.0,0.0,0,0,0,0,0,0,11,352,0,0,-1,-1,10,8,3338750.0,1159360.277,4016099,2000068,14300000.0,11200000.0,37000000,5007890,Benign
80,17,21/02/2018 10:15:34,110983946,12,0,384,0,32,32,32.0,0.0,0,0,0.0,0.0,3.459959876,0.108123746,10100000.0,9451276.865,33000000,1989535,111000000,10100000.0,9451276.865,33000000,1989535,0,0.0,0.0,0,0,0,0,0,0,96,0,0.108123746,0.0,32,32,32.0,0.0,0.0,0,0,0,0,0,0,0,0,0,34.66666667,32.0,0.0,0,0,0,0,0,0,12,384,0,0,-1,-1,11,8,3321483.333,2280597.991,5954832,1989535,14400000.0,9376671.198,33000000,5012122,Benign
80,17,21/02/2018 10:15:47,117991864,18,0,576,0,32,32,32.0,0.0,0,0,0.0,0.0,4.881692521,0.152552891,6940697.882,5330130.775,19000000,1980030,118000000,6940697.882,5330130.775,19000000,1980030,0,0.0,0.0,0,0,0,0,0,0,144,0,0.152552891,0.0,32,32,32.0,0.0,0.0,0,0,0,0,0,0,0,0,0,33.77777778,32.0,0.0,0,0,0,0,0,0,18,576,0,0,-1,-1,17,8,7000694.5,6781062.168,17000000,1980030,9998787.333,5718699.62,19000000,5003940,Benign
80,17,21/02/2018 10:15:47,116998626,15,0,480,0,32,32,32.0,0.0,0,0,0.0,0.0,4.102612282,0.128206634,8357044.714,6957800.656,24000000,1012627,117000000,8357044.714,6957800.656,24000000,1012627,0,0.0,0.0,0,0,0,0,0,0,120,0,0.128206634,0.0,32,32,32.0,0.0,0.0,0,0,0,0,0,0,0,0,0,34.13333333,32.0,0.0,0,0,0,0,0,0,15,480,0,0,-1,-1,14,8,3657750.667,1497255.001,4956161,2019925,12900000.0,5815566.665,24000000,5956019,Benign
80,17,21/02/2018 10:15:55,115004999,10,0,320,0,32,32,32.0,0.0,0,0,0.0,0.0,2.782487742,0.086952742,12800000.0,14100000.0,49000000,3004015,115000000,12800000.0,14100000.0,49000000,3004015,0,0.0,0.0,0,0,0,0,0,0,80,0,0.086952742,0.0,32,32,32.0,0.0,0.0,0,0,0,0,0,0,0,0,0,35.2,32.0,0.0,0,0,0,0,0,0,10,320,0,0,-1,-1,9,8,3004015.0,0.0,3004015,3004015,14000000.0,14600000.0,49000000,5007550,Benign
80,17,21/02/2018 10:15:53,111013066,9,0,288,0,32,32,32.0,0.0,0,0,0.0,0.0,2.594289216,0.081071538,13900000.0,7064780.313,26000000,943997,111000000,13900000.0,7064780.313,26000000,943997,0,0.0,0.0,0,0,0,0,0,0,72,0,0.081071538,0.0,32,32,32.0,0.0,0.0,0,0,0,0,0,0,0,0,0,35.55555556,32.0,0.0,0,0,0,0,0,0,9,288,0,0,-1,-1,8,8,943997.0,0.0,943997,943997,15700000.0,5135358.938,26000000,11000000,Benign
80,17,21/02/2018 10:15:40,114995836,15,0,480,0,32,32,32.0,0.0,0,0,0.0,0.0,4.174064181,0.130439506,8213988.286,4951982.77,19000000,2972089,115000000,8213988.286,4951982.77,19000000,2972089,0,0.0,0.0,0,0,0,0,0,0,120,0,0.130439506,0.0,32,32,32.0,0.0,0.0,0,0,0,0,0,0,0,0,0,34.13333333,32.0,0.0,0,0,0,0,0,0,15,480,0,0,-1,-1,14,8,4986418.0,2167558.772,8000119,2972089,10600000.0,4716641.671,19000000,5017774,Benign
80,17,21/02/2018 10:15:55,111979863,11,0,352,0,32,32,32.0,0.0,0,0,0.0,0.0,3.143422313,0.098231947,11200000.0,6030433.267,19000000,1040060,112000000,11200000.0,6030433.267,19000000,1040060,0,0.0,0.0,0,0,0,0,0,0,88,0,0.098231947,0.0,32,32,32.0,0.0,0.0,0,0,0,0,0,0,0,0,0,34.90909091,32.0,0.0,0,0,0,0,0,0,11,352,0,0,-1,-1,10,8,1040060.0,0.0,1040060,1040060,12300000.0,5155662.325,19000000,5988014,Benign
80,17,21/02/2018 10:15:49,110963978,11,0,352,0,32,32,32.0,0.0,0,0,0.0,0.0,3.172200622,0.099131269,11100000.0,8434797.665,26000000,959972,111000000,11100000.0,8434797.665,26000000,959972,0,0.0,0.0,0,0,0,0,0,0,88,0,0.099131269,0.0,32,32,32.0,0.0,0.0,0,0,0,0,0,0,0,0,0,34.90909091,32.0,0.0,0,0,0,0,0,0,11,352,0,0,-1,-1,10,8,3992014.0,1402894.197,4984010,3000018,14600000.0,7637437.932,26000000,5016000,Benign
80,17,21/02/2018 10:15:50,119991936,13,0,416,0,32,32,32.0,0.0,0,0,0.0,0.0,3.466899642,0.108340614,9999328.0,10700000.0,37000000,2008149,120000000,9999328.0,10700000.0,37000000,2008149,0,0.0,0.0,0,0,0,0,0,0,104,0,0.108340614,0.0,32,32,32.0,0.0,0.0,0,0,0,0,0,0,0,0,0,34.46153846,32.0,0.0,0,0,0,0,0,0,13,416,0,0,-1,-1,12,8,3247003.25,1256952.306,4999914,2008149,13400000.0,11900000.0,37000000,5000162,Benign
80,17,21/02/2018 10:15:53,102992426,13,0,416,0,32,32,32.0,0.0,0,0,0.0,0.0,4.039131965,0.126222874,8582702.167,10000000.0,35000000,979952,103000000,8582702.167,10000000.0,35000000,979952,0,0.0,0.0,0,0,0,0,0,0,104,0,0.126222874,0.0,32,32,32.0,0.0,0.0,0,0,0,0,0,0,0,0,0,34.46153846,32.0,0.0,0,0,0,0,0,0,13,416,0,0,-1,-1,12,8,1997394.75,5529.416568,2003906,1991989,15300000.0,10500000.0,35000000,5000825,Benign
80,17,21/02/2018 10:15:40,117996093,11,0,352,0,32,32,32.0,0.0,0,0,0.0,0.0,2.98314962,0.093223426,11800000.0,11700000.0,42000000,2000111,118000000,11800000.0,11700000.0,42000000,2000111,0,0.0,0.0,0,0,0,0,0,0,88,0,0.093223426,0.0,32,32,32.0,0.0,0.0,0,0,0,0,0,0,0,0,0,34.90909091,32.0,0.0,0,0,0,0,0,0,11,352,0,0,-1,-1,10,8,5988032.0,1408594.892,6984059,4992005,17300000.0,12400000.0,42000000,6984105,Benign
80,17,21/02/2018 10:15:56,116999357,13,0,416,0,32,32,32.0,0.0,0,0,0.0,0.0,3.555575096,0.111111722,9749946.417,5059923.279,17000000,2013006,117000000,9749946.417,5059923.279,17000000,2013006,0,0.0,0.0,0,0,0,0,0,0,104,0,0.111111722,0.0,32,32,32.0,0.0,0.0,0,0,0,0,0,0,0,0,0,34.46153846,32.0,0.0,0,0,0,0,0,0,13,416,0,0,-1,-1,12,8,3971009.333,1695775.515,4967950,2013006,11700000.0,4217453.246,17000000,5008106,Benign
80,17,21/02/2018 10:15:58,108003998,13,0,416,0,32,32,32.0,0.0,0,0,0.0,0.0,3.851709267,0.120365915,9000333.167,6165949.104,26000000,1023720,108000000,9000333.167,6165949.104,26000000,1023720,0,0.0,0.0,0,0,0,0,0,0,104,0,0.120365915,0.0,32,32,32.0,0.0,0.0,0,0,0,0,0,0,0,0,0,34.46153846,32.0,0.0,0,0,0,0,0,0,13,416,0,0,-1,-1,12,8,2506723.0,2097282.956,3989726,1023720,10300000.0,5893582.959,26000000,6001029,Benign
80,17,21/02/2018 10:15:57,110966256,13,0,416,0,32,32,32.0,0.0,0,0,0.0,0.0,3.74888741,0.117152732,9247188.0,7215986.679,24000000,958651,111000000,9247188.0,7215986.679,24000000,958651,0,0.0,0.0,0,0,0,0,0,0,104,0,0.117152732,0.0,32,32,32.0,0.0,0.0,0,0,0,0,0,0,0,0,0,34.46153846,32.0,0.0,0,0,0,0,0,0,13,416,0,0,-1,-1,12,8,3643431.0,4613188.43,8970232,960010,14300000.0,4732267.457,24000000,11000000,Benign
80,17,21/02/2018 10:15:49,119983486,14,0,448,0,32,32,32.0,0.0,0,0,0.0,0.0,3.733847173,0.116682724,9229498.923,7448877.358,24000000,2020021,120000000,9229498.923,7448877.358,24000000,2020021,0,0.0,0.0,0,0,0,0,0,0,112,0,0.116682724,0.0,32,32,32.0,0.0,0.0,0,0,0,0,0,0,0,0,0,34.28571429,32.0,0.0,0,0,0,0,0,0,14,448,0,0,-1,-1,13,8,13000000.0,0.0,13000000,13000000,13000000.0,7248136.21,24000000,5043793,Benign
80,17,21/02/2018 10:15:51,118992058,15,0,480,0,32,32,32.0,0.0,0,0,0.0,0.0,4.033882665,0.126058833,8499432.714,6283574.402,21000000,2000116,119000000,8499432.714,6283574.402,21000000,2000116,0,0.0,0.0,0,0,0,0,0,0,120,0,0.126058833,0.0,32,32,32.0,0.0,0.0,0,0,0,0,0,0,0,0,0,34.13333333,32.0,0.0,0,0,0,0,0,0,15,480,0,0,-1,-1,14,8,3012111.0,1425459.389,4020063,2004159,10800000.0,5980011.894,21000000,5007777,Benign
80,17,21/02/2018 10:15:39,117007996,13,0,416,0,32,32,32.0,0.0,0,0,0.0,0.0,3.555312579,0.111103518,9750666.333,6428217.416,22000000,1012073,117000000,9750666.333,6428217.416,22000000,1012073,0,0.0,0.0,0,0,0,0,0,0,104,0,0.111103518,0.0,32,32,32.0,0.0,0.0,0,0,0,0,0,0,0,0,0,34.46153846,32.0,0.0,0,0,0,0,0,0,13,416,0,0,-1,-1,12,8,5496229.5,724621.109,6008614,4983845,11800000.0,6080797.844,22000000,5004048,Benign
80,17,21/02/2018 10:16:02,119995968,123963,0,3966816,0,32,32,32.0,0.0,0,0,0.0,0.0,33057.91075,1033.059711,968.0060664,19186.54377,632945,0,120000000,968.0060664,19186.54377,632945,0,0,0.0,0.0,0,0,0,0,0,0,991704,0,1033.059711,0.0,32,32,32.0,0.0,0.0,0,0,0,0,0,0,0,0,0,32.00025814,32.0,0.0,0,0,0,0,0,0,123963,3966816,0,0,-1,-1,123962,8,0.0,0.0,0,0,0.0,0.0,0,0,DDOS attack-LOIC-UDP
80,17,21/02/2018 10:15:45,118983871,11,0,352,0,32,32,32.0,0.0,0,0,0.0,0.0,2.958384166,0.092449505,11900000.0,10000000.0,38000000,2015989,119000000,11900000.0,10000000.0,38000000,2015989,0,0.0,0.0,0,0,0,0,0,0,88,0,0.092449505,0.0,32,32,32.0,0.0,0.0,0,0,0,0,0,0,0,0,0,34.90909091,32.0,0.0,0,0,0,0,0,0,11,352,0,0,-1,-1,10,8,4003921.0,1721600.768,4999881,2015989,15300000.0,10300000.0,38000000,7984027,Benign
80,17,21/02/2018 10:16:02,119900235,130272,0,4168704,0,32,32,32.0,0.0,0,0,0.0,0.0,34768.10533,1086.503292,920.3908391,18822.293,903091,1,120000000,920.3908391,18822.293,903091,1,0,0.0,0.0,0,0,0,0,0,0,1042176,0,1086.503292,0.0,32,32,32.0,0.0,0.0,0,0,0,0,0,0,0,0,0,32.00024564,32.0,0.0,0,0,0,0,0,0,130272,4168704,0,0,-1,-1,130271,8,0.0,0.0,0,0,0.0,0.0,0,0,DDOS attack-LOIC-UDP
80,17,21/02/2018 10:15:50,109992008,15,0,480,0,32,32,32.0,0.0,0,0,0.0,0.0,4.363953425,0.136373545,7856572.0,6332617.52,18000000,1032436,110000000,7856572.0,6332617.52,18000000,1032436,0,0.0,0.0,0,0,0,0,0,0,120,0,0.136373545,0.0,32,32,32.0,0.0,0.0,0,0,0,0,0,0,0,0,0,34.13333333,32.0,0.0,0,0,0,0,0,0,15,480,0,0,-1,-1,14,8,3006714.25,818146.3085,3999955,1996284,12200000.0,4777865.314,18000000,5995786,Benign
80,17,21/02/2018 10:15:59,118996003,13,0,416,0,32,32,32.0,0.0,0,0,0.0,0.0,3.495915741,0.109247367,9916333.583,7369186.279,26000000,2020027,119000000,9916333.583,7369186.279,26000000,2020027,0,0.0,0.0,0,0,0,0,0,0,104,0,0.109247367,0.0,32,32,32.0,0.0,0.0,0,0,0,0,0,0,0,0,0,34.46153846,32.0,0.0,0,0,0,0,0,0,13,416,0,0,-1,-1,12,8,4741702.5,2491480.098,7994681,2020027,14300000.0,6700226.734,26000000,5008095,Benign
80,17,21/02/2018 10:16:04,119878533,120938,0,3870016,0,32,32,32.0,0.0,0,0,0.0,0.0,32282.8108,1008.837838,991.2477819,19566.04198,913026,0,120000000,991.2477819,19566.04198,913026,0,0,0.0,0.0,0,0,0,0,0,0,967504,0,1008.837838,0.0,32,32,32.0,0.0,0.0,0,0,0,0,0,0,0,0,0,32.0002646,32.0,0.0,0,0,0,0,0,0,120938,3870016,0,0,-1,-1,120937,8,0.0,0.0,0,0,0.0,0.0,0,0,DDOS attack-LOIC-UDP
80,17,21/02/2018 10:16:04,119849673,131321,0,4202272,0,32,32,32.0,0.0,0,0,0.0,0.0,35062.85745,1095.714295,912.6536171,18799.17079,889922,0,120000000,912.6536171,18799.17079,889922,0,0,0.0,0.0,0,0,0,0,0,0,1050568,0,1095.714295,0.0,32,32,32.0,0.0,0.0,0,0,0,0,0,0,0,0,0,32.00024368,32.0,0.0,0,0,0,0,0,0,131321,4202272,0,0,-1,-1,131320,8,0.0,0.0,0,0,0.0,0.0,0,0,DDOS attack-LOIC-UDP
80,17,21/02/2018 10:15:51,115012010,15,0,480,0,32,32,32.0,0.0,0,0,0.0,0.0,4.173477187,0.130421162,8215143.571,4676958.746,16000000,2983985,115000000,8215143.571,4676958.746,16000000,2983985,0,0.0,0.0,0,0,0,0,0,0,120,0,0.130421162,0.0,32,32,32.0,0.0,0.0,0,0,0,0,0,0,0,0,0,34.13333333,32.0,0.0,0,0,0,0,0,0,15,480,0,0,-1,-1,14,8,4485923.0,2124061.089,5987861,2983985,9640014.909,4244302.913,16000000,5020161,Benign
80,17,21/02/2018 10:16:04,105987655,12,0,384,0,32,32,32.0,0.0,0,0,0.0,0.0,3.62306346,0.113220733,9635241.364,6806837.433,27000000,2028063,106000000,9635241.364,6806837.433,27000000,2028063,0,0.0,0.0,0,0,0,0,0,0,96,0,0.113220733,0.0,32,32,32.0,0.0,0.0,0,0,0,0,0,0,0,0,0,34.66666667,32.0,0.0,0,0,0,0,0,0,12,384,0,0,-1,-1,11,8,2028063.0,0.0,2028063,2028063,11200000.0,6508599.607,27000000,5019957,Benign
80,17,21/02/2018 10:15:30,110988008,14,0,448,0,32,32,32.0,0.0,0,0,0.0,0.0,4.03647212,0.126139754,8537539.077,5912839.472,22000000,1999956,111000000,8537539.077,5912839.472,22000000,1999956,0,0.0,0.0,0,0,0,0,0,0,112,0,0.126139754,0.0,32,32,32.0,0.0,0.0,0,0,0,0,0,0,0,0,0,34.28571429,32.0,0.0,0,0,0,0,0,0,14,448,0,0,-1,-1,13,8,5993999.0,4830172.595,13000000,1999956,12400000.0,5534131.184,22000000,5006292,Benign
80,17,21/02/2018 10:16:05,119577548,120941,0,3870112,0,32,32,32.0,0.0,0,0,0.0,0.0,32364.87171,1011.402241,988.7344799,19348.28188,631237,0,120000000,988.7344799,19348.28188,631237,0,0,0.0,0.0,0,0,0,0,0,0,967528,0,1011.402241,0.0,32,32,32.0,0.0,0.0,0,0,0,0,0,0,0,0,0,32.00026459,32.0,0.0,0,0,0,0,0,0,120941,3870112,0,0,-1,-1,120940,8,0.0,0.0,0,0,0.0,0.0,0,0,DDOS attack-LOIC-UDP
80,17,21/02/2018 10:15:55,117019249,16,0,512,0,32,32,32.0,0.0,0,0,0.0,0.0,4.375348538,0.136729642,7801283.267,6339504.603,23000000,1020033,117000000,7801283.267,6339504.603,23000000,1020033,0,0.0,0.0,0,0,0,0,0,0,128,0,0.136729642,0.0,32,32,32.0,0.0,0.0,0,0,0,0,0,0,0,0,0,34.0,32.0,0.0,0,0,0,0,0,0,16,512,0,0,-1,-1,15,8,4330124.333,2301832.112,6988030,2991997,11400000.0,5707323.451,23000000,5000091,Benign
80,17,21/02/2018 10:15:57,119989828,12,0,384,0,32,32,32.0,0.0,0,0,0.0,0.0,3.200271276,0.100008477,10900000.0,10300000.0,37000000,2958173,120000000,10900000.0,10300000.0,37000000,2958173,0,0.0,0.0,0,0,0,0,0,0,96,0,0.100008477,0.0,32,32,32.0,0.0,0.0,0,0,0,0,0,0,0,0,0,34.66666667,32.0,0.0,0,0,0,0,0,0,12,384,0,0,-1,-1,11,8,4237442.5,969469.8315,4991757,2958173,14700000.0,11400000.0,37000000,5002801,Benign
80,17,21/02/2018 10:16:07,119669985,135493,0,4335776,0,32,32,32.0,0.0,0,0,0.0,0.0,36231.10674,1132.222086,883.2254672,18428.10294,698346,0,120000000,883.2254672,18428.10294,698346,0,0,0.0,0.0,0,0,0,0,0,0,1083944,0,1132.222086,0.0,32,32,32.0,0.0,0.0,0,0,0,0,0,0,0,0,0,32.00023617,32.0,0.0,0,0,0,0,0,0,135493,4335776,0,0,-1,-1,135492,8,0.0,0.0,0,0,0.0,0.0,0,0,DDOS attack-LOIC-UDP
80,17,21/02/2018 10:15:54,107997588,12,0,384,0,32,32,32.0,0.0,0,0,0.0,0.0,3.555634965,0.111113593,9817962.545,8483351.438,29000000,2996779,108000000,9817962.545,8483351.438,29000000,2996779,0,0.0,0.0,0,0,0,0,0,0,96,0,0.111113593,0.0,32,32,32.0,0.0,0.0,0,0,0,0,0,0,0,0,0,34.66666667,32.0,0.0,0,0,0,0,0,0,12,384,0,0,-1,-1,11,8,4494354.5,1003236.317,5999157,3984129,15000000.0,8527159.085,29000000,8003923,Benign
80,17,21/02/2018 10:16:08,119773875,120975,0,3871200,0,32,32,32.0,0.0,0,0,0.0,0.0,32320.9047,1010.028272,990.0794799,19505.72708,669738,0,120000000,990.0794799,19505.72708,669738,0,0,0.0,0.0,0,0,0,0,0,0,967800,0,1010.028272,0.0,32,32,32.0,0.0,0.0,0,0,0,0,0,0,0,0,0,32.00026452,32.0,0.0,0,0,0,0,0,0,120975,3871200,0,0,-1,-1,120974,8,0.0,0.0,0,0,0.0,0.0,0,0,DDOS attack-LOIC-UDP
80,17,21/02/2018 10:16:08,119804910,124976,0,3999232,0,32,32,32.0,0.0,0,0,0.0,0.0,33381.20282,1043.162588,958.6310062,19173.49605,662970,0,120000000,958.6310062,19173.49605,662970,0,0,0.0,0.0,0,0,0,0,0,0,999808,0,1043.162588,0.0,32,32,32.0,0.0,0.0,0,0,0,0,0,0,0,0,0,32.00025605,32.0,0.0,0,0,0,0,0,0,124976,3999232,0,0,-1,-1,124975,8,0.0,0.0,0,0,0.0,0.0,0,0,DDOS attack-LOIC-UDP
80,17,21/02/2018 10:16:09,119798814,131614,0,4211648,0,32,32,32.0,0.0,0,0,0.0,0.0,35156.00747,1098.625233,910.2354175,18682.16666,667545,0,120000000,910.2354175,18682.16666,667545,0,0,0.0,0.0,0,0,0,0,0,0,1052912,0,1098.625233,0.0,32,32,32.0,0.0,0.0,0,0,0,0,0,0,0,0,0,32.00024314,32.0,0.0,0,0,0,0,0,0,131614,4211648,0,0,-1,-1,131613,8,0.0,0.0,0,0,0.0,0.0,0,0,DDOS attack-LOIC-UDP
80,17,21/02/2018 10:16:07,113031908,13,0,416,0,32,32,32.0,0.0,0,0,0.0,0.0,3.680376695,0.115011772,9419325.667,5321733.101,20000000,1995987,113000000,9419325.667,5321733.101,20000000,1995987,0,0.0,0.0,0,0,0,0,0,0,104,0,0.115011772,0.0,32,32,32.0,0.0,0.0,0,0,0,0,0,0,0,0,0,34.46153846,32.0,0.0,0,0,0,0,0,0,13,416,0,0,-1,-1,12,8,3985395.667,1722883.08,4984097,1995987,11200000.0,4840999.922,20000000,5019960,Benign
80,17,21/02/2018 10:15:37,119008042,17,0,544,0,32,32,32.0,0.0,0,0,0.0,0.0,4.571119656,0.142847489,7438002.625,6811628.2,26000000,1000194,119000000,7438002.625,6811628.2,26000000,1000194,0,0.0,0.0,0,0,0,0,0,0,136,0,0.142847489,0.0,32,32,32.0,0.0,0.0,0,0,0,0,0,0,0,0,0,33.88235294,32.0,0.0,0,0,0,0,0,0,17,544,0,0,-1,-1,16,8,3604262.4,1512028.77,4995587,1010623,11200000.0,6963448.0,26000000,5000064,Benign
80,17,21/02/2018 10:16:08,115994544,15,0,480,0,32,32,32.0,0.0,0,0,0.0,0.0,4.138125669,0.129316427,8285324.571,8421074.227,30000000,1000081,116000000,8285324.571,8421074.227,30000000,1000081,0,0.0,0.0,0,0,0,0,0,0,120,0,0.129316427,0.0,32,32,32.0,0.0,0.0,0,0,0,0,0,0,0,0,0,34.13333333,32.0,0.0,0,0,0,0,0,0,15,480,0,0,-1,-1,14,8,5239867.0,496114.2639,5983975,4983951,13100000.0,9724069.988,30000000,5008173,Benign
80,17,21/02/2018 10:16:11,119792469,126112,0,4035584,0,32,32,32.0,0.0,0,0,0.0,0.0,33688.12776,1052.753992,949.8970669,19056.38129,678096,0,120000000,949.8970669,19056.38129,678096,0,0,0.0,0.0,0,0,0,0,0,0,1008896,0,1052.753992,0.0,32,32,32.0,0.0,0.0,0,0,0,0,0,0,0,0,0,32.00025374,32.0,0.0,0,0,0,0,0,0,126112,4035584,0,0,-1,-1,126111,8,0.0,0.0,0,0,0.0,0.0,0,0,DDOS attack-LOIC-UDP
80,17,21/02/2018 10:15:56,114006871,17,0,544,0,32,32,32.0,0.0,0,0,0.0,0.0,4.771642228,0.14911382,7125429.438,6467196.477,22000000,1997281,114000000,7125429.438,6467196.477,22000000,1997281,0,0.0,0.0,0,0,0,0,0,0,136,0,0.14911382,0.0,32,32,32.0,0.0,0.0,0,0,0,0,0,0,0,0,0,33.88235294,32.0,0.0,0,0,0,0,0,0,17,544,0,0,-1,-1,16,8,8005674.333,10400000.0,20000000,1997281,12900000.0,5955692.723,22000000,6996871,Benign
80,17,21/02/2018 10:16:04,115988329,7,0,224,0,32,32,32.0,0.0,0,0,0.0,0.0,1.931228788,0.0603509,19300000.0,20300000.0,60000000,5029555,116000000,19300000.0,20300000.0,60000000,5029555,0,0.0,0.0,0,0,0,0,0,0,56,0,0.0603509,0.0,32,32,32.0,0.0,0.0,0,0,0,0,0,0,0,0,0,36.57142857,32.0,0.0,0,0,0,0,0,0,7,224,0,0,-1,-1,6,8,0.0,0.0,0,0,19300000.0,20300000.0,60000000,5029555,Benign
80,17,21/02/2018 10:16:12,115029084,9,0,288,0,32,32,32.0,0.0,0,0,0.0,0.0,2.503714626,0.078241082,14400000.0,14100000.0,42000000,2981517,115000000,14400000.0,14100000.0,42000000,2981517,0,0.0,0.0,0,0,0,0,0,0,72,0,0.078241082,0.0,32,32,32.0,0.0,0.0,0,0,0,0,0,0,0,0,0,35.55555556,32.0,0.0,0,0,0,0,0,0,9,288,0,0,-1,-1,8,8,3476716.5,700317.849,3971916,2981517,18000000.0,14700000.0,42000000,5007531,Benign
80,17,21/02/2018 10:16:02,117991521,7,0,224,0,32,32,32.0,0.0,0,0,0.0,0.0,1.898441499,0.059326297,19700000.0,22500000.0,64000000,2994957,118000000,19700000.0,22500000.0,64000000,2994957,0,0.0,0.0,0,0,0,0,0,0,56,0,0.059326297,0.0,32,32,32.0,0.0,0.0,0,0,0,0,0,0,0,0,0,36.57142857,32.0,0.0,0,0,0,0,0,0,7,224,0,0,-1,-1,6,8,2994957.0,0.0,2994957,2994957,23000000.0,23500000.0,64000000,7987856,Benign
80,17,21/02/2018 10:16:01,115991088,12,0,384,0,32,32,32.0,0.0,0,0,0.0,0.0,3.310599173,0.103456224,10500000.0,7946126.768,27000000,2003865,116000000,10500000.0,7946126.768,27000000,2003865,0,0.0,0.0,0,0,0,0,0,0,96,0,0.103456224,0.0,32,32,32.0,0.0,0.0,0,0,0,0,0,0,0,0,0,34.66666667,32.0,0.0,0,0,0,0,0,0,12,384,0,0,-1,-1,11,8,4740985.25,2048389.972,6987876,2016157,16200000.0,6370692.857,27000000,7999097,Benign
80,17,21/02/2018 10:16:09,119019153,13,0,416,0,32,32,32.0,0.0,0,0,0.0,0.0,3.495235763,0.109226118,9918262.75,7528474.749,23000000,2003985,119000000,9918262.75,7528474.749,23000000,2003985,0,0.0,0.0,0,0,0,0,0,0,104,0,0.109226118,0.0,32,32,32.0,0.0,0.0,0,0,0,0,0,0,0,0,0,34.46153846,32.0,0.0,0,0,0,0,0,0,13,416,0,0,-1,-1,12,8,4003939.0,5734.635995,4007994,3999884,12300000.0,7164245.194,23000000,6009135,Benign
80,17,21/02/2018 10:16:03,114975523,14,0,448,0,32,32,32.0,0.0,0,0,0.0,0.0,3.896481515,0.121765047,8844271.0,5283117.464,23000000,3999936,115000000,8844271.0,5283117.464,23000000,3999936,0,0.0,0.0,0,0,0,0,0,0,112,0,0.121765047,0.0,32,32,32.0,0.0,0.0,0,0,0,0,0,0,0,0,0,34.28571429,32.0,0.0,0,0,0,0,0,0,14,448,0,0,-1,-1,13,8,6009962.5,2814357.821,8000014,4019911,11000000.0,4995330.052,23000000,5996144,Benign
80,17,21/02/2018 10:16:21,116995894,15,0,480,0,32,32,32.0,0.0,0,0,0.0,0.0,4.102708083,0.128209628,8356849.571,5666391.195,19000000,1980136,117000000,8356849.571,5666391.195,19000000,1980136,0,0.0,0.0,0,0,0,0,0,0,120,0,0.128209628,0.0,32,32,32.0,0.0,0.0,0,0,0,0,0,0,0,0,0,34.13333333,32.0,0.0,0,0,0,0,0,0,15,480,0,0,-1,-1,14,8,9992100.5,11484.12123,10000000,9983980,10800000.0,5739146.873,19000000,6000084,Benign
80,17,21/02/2018 10:16:04,107971786,12,0,384,0,32,32,32.0,0.0,0,0,0.0,0.0,3.556484654,0.111140145,9815616.909,6591025.667,24000000,3999907,108000000,9815616.909,6591025.667,24000000,3999907,0,0.0,0.0,0,0,0,0,0,0,96,0,0.111140145,0.0,32,32,32.0,0.0,0.0,0,0,0,0,0,0,0,0,0,34.66666667,32.0,0.0,0,0,0,0,0,0,12,384,0,0,-1,-1,11,8,4003975.0,0.0,4003975,4003975,13100000.0,6081323.323,24000000,6997964,Benign
80,17,21/02/2018 10:16:24,112979916,12,0,384,0,32,32,32.0,0.0,0,0,0.0,0.0,3.398834179,0.106213568,10300000.0,7431550.241,29000000,4007898,113000000,10300000.0,7431550.241,29000000,4007898,0,0.0,0.0,0,0,0,0,0,0,96,0,0.106213568,0.0,32,32,32.0,0.0,0.0,0,0,0,0,0,0,0,0,0,34.66666667,32.0,0.0,0,0,0,0,0,0,12,384,0,0,-1,-1,11,8,8997958.5,7039911.98,14000000,4019989,13600000.0,7549052.178,29000000,5004031,Benign
80,17,21/02/2018 10:16:01,116015682,10,0,320,0,32,32,32.0,0.0,0,0,0.0,0.0,2.758247803,0.086195244,12900000.0,5887001.518,23000000,6000122,116000000,12900000.0,5887001.518,23000000,6000122,0,0.0,0.0,0,0,0,0,0,0,80,0,0.086195244,0.0,32,32,32.0,0.0,0.0,0,0,0,0,0,0,0,0,0,35.2,32.0,0.0,0,0,0,0,0,0,10,320,0,0,-1,-1,9,8,0.0,0.0,0,0,12900000.0,5887001.518,23000000,6000122,Benign
80,17,21/02/2018 10:16:27,110007981,12,0,384,0,32,32,32.0,0.0,0,0,0.0,0.0,3.490655828,0.109082995,10000000.0,6290954.63,23000000,1040006,110000000,10000000.0,6290954.63,23000000,1040006,0,0.0,0.0,0,0,0,0,0,0,96,0,0.109082995,0.0,32,32,32.0,0.0,0.0,0,0,0,0,0,0,0,0,0,34.66666667,32.0,0.0,0,0,0,0,0,0,12,384,0,0,-1,-1,11,8,3670700.0,2278269.701,4996029,1040006,12400000.0,5607323.392,23000000,6980060,Benign
80,17,21/02/2018 10:16:25,113000171,15,0,480,0,32,32,32.0,0.0,0,0,0.0,0.0,4.247781183,0.132743162,8071440.786,8336397.626,33000000,1003990,113000000,8071440.786,8336397.626,33000000,1003990,0,0.0,0.0,0,0,0,0,0,0,120,0,0.132743162,0.0,32,32,32.0,0.0,0.0,0,0,0,0,0,0,0,0,0,34.13333333,32.0,0.0,0,0,0,0,0,0,15,480,0,0,-1,-1,14,8,4996016.25,2820890.809,8988011,3000069,11600000.0,9682960.242,33000000,5006779,Benign
80,17,21/02/2018 10:16:34,97007890,10,0,320,0,32,32,32.0,0.0,0,0,0.0,0.0,3.298700755,0.103084399,10800000.0,9173805.088,33000000,3980214,97000000,10800000.0,9173805.088,33000000,3980214,0,0.0,0.0,0,0,0,0,0,0,80,0,0.103084399,0.0,32,32,32.0,0.0,0.0,0,0,0,0,0,0,0,0,0,35.2,32.0,0.0,0,0,0,0,0,0,10,320,0,0,-1,-1,9,8,3992065.0,16759.84493,4003916,3980214,12700000.0,9616262.13,33000000,5003846,Benign
80,17,21/02/2018 10:16:01,111990575,15,0,480,0,32,32,32.0,0.0,0,0,0.0,0.0,4.286074967,0.133939843,7999326.786,5323393.354,19000000,1979957,112000000,7999326.786,5323393.354,19000000,1979957,0,0.0,0.0,0,0,0,0,0,0,120,0,0.133939843,0.0,32,32,32.0,0.0,0.0,0,0,0,0,0,0,0,0,0,34.13333333,32.0,0.0,0,0,0,0,0,0,15,480,0,0,-1,-1,14,8,6992045.667,6253670.237,14000000,1979957,11400000.0,4627736.692,19000000,5000025,Benign
80,17,21/02/2018 10:16:36,116008043,12,0,384,0,32,32,32.0,0.0,0,0,0.0,0.0,3.310115317,0.103441104,10500000.0,6960690.401,28000000,4975994,116000000,10500000.0,6960690.401,28000000,4975994,0,0.0,0.0,0,0,0,0,0,0,96,0,0.103441104,0.0,32,32,32.0,0.0,0.0,0,0,0,0,0,0,0,0,0,34.66666667,32.0,0.0,0,0,0,0,0,0,12,384,0,0,-1,-1,11,8,4983416.5,10497.00017,4990839,4975994,11800000.0,7149039.517,28000000,5005219,Benign
80,17,21/02/2018 10:16:37,100008116,12,0,384,0,32,32,32.0,0.0,0,0,0.0,0.0,3.839688371,0.119990262,9091646.909,5894185.811,20000000,1000112,100000000,9091646.909,5894185.811,20000000,1000112,0,0.0,0.0,0,0,0,0,0,0,96,0,0.119990262,0.0,32,32,32.0,0.0,0.0,0,0,0,0,0,0,0,0,0,34.66666667,32.0,0.0,0,0,0,0,0,0,12,384,0,0,-1,-1,11,8,4996034.0,0.0,4996034,4996034,10400000.0,5575216.689,20000000,5000094,Benign
80,17,21/02/2018 10:16:37,112040005,11,0,352,0,32,32,32.0,0.0,0,0,0.0,0.0,3.141734954,0.098179217,11200000.0,9837108.521,28000000,3988052,112000000,11200000.0,9837108.521,28000000,3988052,0,0.0,0.0,0,0,0,0,0,0,88,0,0.098179217,0.0,32,32,32.0,0.0,0.0,0,0,0,0,0,0,0,0,0,34.90909091,32.0,0.0,0,0,0,0,0,0,11,352,0,0,-1,-1,10,8,5329297.333,2302484.132,7987977,3999931,18400000.0,9395293.658,28000000,8000028,Benign
80,17,21/02/2018 10:16:30,119972117,12,0,384,0,32,32,32.0,0.0,0,0,0.0,0.0,3.200743719,0.100023241,10900000.0,8969685.562,29000000,1040012,120000000,10900000.0,8969685.562,29000000,1040012,0,0.0,0.0,0,0,0,0,0,0,96,0,0.100023241,0.0,32,32,32.0,0.0,0.0,0,0,0,0,0,0,0,0,0,34.66666667,32.0,0.0,0,0,0,0,0,0,12,384,0,0,-1,-1,11,8,5491992.5,718428.2679,5999998,4983987,14900000.0,9060592.745,29000000,6000009,Benign
80,17,21/02/2018 10:16:40,117980096,14,0,448,0,32,32,32.0,0.0,0,0,0.0,0.0,3.797250682,0.118664084,9075392.0,5881829.868,19000000,4000036,118000000,9075392.0,5881829.868,19000000,4000036,0,0.0,0.0,0,0,0,0,0,0,112,0,0.118664084,0.0,32,32,32.0,0.0,0.0,0,0,0,0,0,0,0,0,0,34.28571429,32.0,0.0,0,0,0,0,0,0,14,448,0,0,-1,-1,13,8,5988004.25,2701626.303,9980004,4000036,11800000.0,6154970.618,19000000,5000011,Benign
80,17,21/02/2018 10:16:44,98000108,7,0,224,0,32,32,32.0,0.0,0,0,0.0,0.0,2.285711767,0.071428493,16300000.0,9131081.366,29000000,6000037,98000000,16300000.0,9131081.366,29000000,6000037,0,0.0,0.0,0,0,0,0,0,0,56,0,0.071428493,0.0,32,32,32.0,0.0,0.0,0,0,0,0,0,0,0,0,0,36.57142857,32.0,0.0,0,0,0,0,0,0,7,224,0,0,-1,-1,6,8,0.0,0.0,0,0,16300000.0,9131081.366,29000000,6000037,Benign
80,17,21/02/2018 10:16:43,112000067,7,0,224,0,32,32,32.0,0.0,0,0,0.0,0.0,1.999998804,0.062499963,18700000.0,12100000.0,37000000,9007937,112000000,18700000.0,12100000.0,37000000,9007937,0,0.0,0.0,0,0,0,0,0,0,56,0,0.062499963,0.0,32,32,32.0,0.0,0.0,0,0,0,0,0,0,0,0,0,36.57142857,32.0,0.0,0,0,0,0,0,0,7,224,0,0,-1,-1,6,8,0.0,0.0,0,0,18700000.0,12100000.0,37000000,9007937,Benign
80,17,21/02/2018 10:16:46,106999982,15,0,480,0,32,32,32.0,0.0,0,0,0.0,0.0,4.485982063,0.140186939,7642855.857,5615225.728,19000000,991798,107000000,7642855.857,5615225.728,19000000,991798,0,0.0,0.0,0,0,0,0,0,0,120,0,0.140186939,0.0,32,32,32.0,0.0,0.0,0,0,0,0,0,0,0,0,0,34.13333333,32.0,0.0,0,0,0,0,0,0,15,480,0,0,-1,-1,14,8,5990546.667,5560606.643,12000000,991798,11700000.0,5190913.032,19000000,5000011,Benign
80,17,21/02/2018 10:16:52,119805356,154914,0,4957248,0,32,32,32.0,0.0,0,0,0.0,0.0,41377.51571,1293.047366,773.3718668,16358.80869,599360,1,120000000,773.3718668,16358.80869,599360,1,0,0.0,0.0,0,0,0,0,0,0,1239312,0,1293.047366,0.0,32,32,32.0,0.0,0.0,0,0,0,0,0,0,0,0,0,32.00020657,32.0,0.0,0,0,0,0,0,0,154914,4957248,0,0,-1,-1,154913,8,0.0,0.0,0,0,0.0,0.0,0,0,DDOS attack-LOIC-UDP
80,17,21/02/2018 10:16:52,119791539,132579,0,4242528,0,32,32,32.0,0.0,0,0,0.0,0.0,35415.92366,1106.747614,903.5551826,17690.98183,598007,0,120000000,903.5551826,17690.98183,598007,0,0,0.0,0.0,0,0,0,0,0,0,1060632,0,1106.747614,0.0,32,32,32.0,0.0,0.0,0,0,0,0,0,0,0,0,0,32.00024137,32.0,0.0,0,0,0,0,0,0,132579,4242528,0,0,-1,-1,132578,8,0.0,0.0,0,0,0.0,0.0,0,0,DDOS attack-LOIC-UDP
80,17,21/02/2018 10:16:54,119760774,150040,0,4801280,0,32,32,32.0,0.0,0,0,0.0,0.0,40090.58926,1252.830914,798.1976286,16606.40988,601888,0,120000000,798.1976286,16606.40988,601888,0,0,0.0,0.0,0,0,0,0,0,0,1200320,0,1252.830914,0.0,32,32,32.0,0.0,0.0,0,0,0,0,0,0,0,0,0,32.00021328,32.0,0.0,0,0,0,0,0,0,150040,4801280,0,0,-1,-1,150039,8,0.0,0.0,0,0,0.0,0.0,0,0,DDOS attack-LOIC-UDP
80,17,21/02/2018 10:16:54,119741513,146523,0,4688736,0,32,32,32.0,0.0,0,0,0.0,0.0,39157.14678,1223.660837,817.2254883,17192.73164,584053,0,120000000,817.2254883,17192.73164,584053,0,0,0.0,0.0,0,0,0,0,0,0,1172184,0,1223.660837,0.0,32,32,32.0,0.0,0.0,0,0,0,0,0,0,0,0,0,32.0002184,32.0,0.0,0,0,0,0,0,0,146523,4688736,0,0,-1,-1,146522,8,0.0,0.0,0,0,0.0,0.0,0,0,DDOS attack-LOIC-UDP
80,17,21/02/2018 10:16:55,119740472,137473,0,4399136,0,32,32,32.0,0.0,0,0,0.0,0.0,36738.92316,1148.091349,871.0171671,17366.06591,597408,0,120000000,871.0171671,17366.06591,597408,0,0,0.0,0.0,0,0,0,0,0,0,1099784,0,1148.091349,0.0,32,32,32.0,0.0,0.0,0,0,0,0,0,0,0,0,0,32.00023277,32.0,0.0,0,0,0,0,0,0,137473,4399136,0,0,-1,-1,137472,8,0.0,0.0,0,0,0.0,0.0,0,0,DDOS attack-LOIC-UDP
80,17,21/02/2018 10:16:55,119724245,130745,0,4183840,0,32,32,32.0,0.0,0,0,0.0,0.0,34945.63695,1092.051155,915.7150233,18198.42099,581531,0,120000000,915.7150233,18198.42099,581531,0,0,0.0,0.0,0,0,0,0,0,0,1045960,0,1092.051155,0.0,32,32,32.0,0.0,0.0,0,0,0,0,0,0,0,0,0,32.00024475,32.0,0.0,0,0,0,0,0,0,130745,4183840,0,0,-1,-1,130744,8,0.0,0.0,0,0,0.0,0.0,0,0,DDOS attack-LOIC-UDP
80,17,21/02/2018 10:16:55,119734814,149009,0,4768288,0,32,32,32.0,0.0,0,0,0.0,0.0,39823.73915,1244.491848,803.5462123,16692.26099,602393,0,120000000,803.5462123,16692.26099,602393,0,0,0.0,0.0,0,0,0,0,0,0,1192072,0,1244.491848,0.0,32,32,32.0,0.0,0.0,0,0,0,0,0,0,0,0,0,32.00021475,32.0,0.0,0,0,0,0,0,0,149009,4768288,0,0,-1,-1,149008,8,0.0,0.0,0,0,0.0,0.0,0,0,DDOS attack-LOIC-UDP
80,17,21/02/2018 10:16:56,119749263,142348,0,4555136,0,32,32,32.0,0.0,0,0,0.0,0.0,38038.9481,1188.717128,841.248941,17434.72876,585617,1,120000000,841.248941,17434.72876,585617,1,0,0.0,0.0,0,0,0,0,0,0,1138784,0,1188.717128,0.0,32,32,32.0,0.0,0.0,0,0,0,0,0,0,0,0,0,32.0002248,32.0,0.0,0,0,0,0,0,0,142348,4555136,0,0,-1,-1,142347,8,0.0,0.0,0,0,0.0,0.0,0,0,DDOS attack-LOIC-UDP
80,17,21/02/2018 10:16:56,119739423,133564,0,4274048,0,32,32,32.0,0.0,0,0,0.0,0.0,35694.57655,1115.455517,896.5014488,17607.19891,598629,0,120000000,896.5014488,17607.19891,598629,0,0,0.0,0.0,0,0,0,0,0,0,1068512,0,1115.455517,0.0,32,32,32.0,0.0,0.0,0,0,0,0,0,0,0,0,0,32.00023959,32.0,0.0,0,0,0,0,0,0,133564,4274048,0,0,-1,-1,133563,8,0.0,0.0,0,0,0.0,0.0,0,0,DDOS attack-LOIC-UDP
80,17,21/02/2018 10:16:58,119926277,150002,0,4800064,0,32,32,32.0,0.0,0,0,0.0,0.0,40025.1231,1250.785097,799.5031833,16637.41281,597689,0,120000000,799.5031833,16637.41281,597689,0,0,0.0,0.0,0,0,0,0,0,0,1200016,0,1250.785097,0.0,32,32,32.0,0.0,0.0,0,0,0,0,0,0,0,0,0,32.00021333,32.0,0.0,0,0,0,0,0,0,150002,4800064,0,0,-1,-1,150001,8,0.0,0.0,0,0,0.0,0.0,0,0,DDOS attack-LOIC-UDP
80,17,21/02/2018 10:16:58,119725791,126029,0,4032928,0,32,32,32.0,0.0,0,0,0.0,0.0,33684.70541,1052.647044,949.9935808,18529.69733,584230,1,120000000,949.9935808,18529.69733,584230,1,0,0.0,0.0,0,0,0,0,0,0,1008232,0,1052.647044,0.0,32,32,32.0,0.0,0.0,0,0,0,0,0,0,0,0,0,32.00025391,32.0,0.0,0,0,0,0,0,0,126029,4032928,0,0,-1,-1,126028,8,0.0,0.0,0,0,0.0,0.0,0,0,DDOS attack-LOIC-UDP
80,17,21/02/2018 10:16:59,119710476,150204,0,4806528,0,32,32,32.0,0.0,0,0,0.0,0.0,40151.27298,1254.727281,796.9912452,16961.64365,583268,0,120000000,796.9912452,16961.64365,583268,0,0,0.0,0.0,0,0,0,0,0,0,1201632,0,1254.727281,0.0,32,32,32.0,0.0,0.0,0,0,0,0,0,0,0,0,0,32.00021304,32.0,0.0,0,0,0,0,0,0,150204,4806528,0,0,-1,-1,150203,8,0.0,0.0,0,0,0.0,0.0,0,0,DDOS attack-LOIC-UDP
80,17,21/02/2018 10:16:59,119913861,137689,0,4406048,0,32,32,32.0,0.0,0,0,0.0,0.0,36743.44203,1148.232563,870.9100357,17332.66163,600126,1,120000000,870.9100357,17332.66163,600126,1,0,0.0,0.0,0,0,0,0,0,0,1101512,0,1148.232563,0.0,32,32,32.0,0.0,0.0,0,0,0,0,0,0,0,0,0,32.00023241,32.0,0.0,0,0,0,0,0,0,137689,4406048,0,0,-1,-1,137688,8,0.0,0.0,0,0,0.0,0.0,0,0,DDOS attack-LOIC-UDP
80,17,21/02/2018 10:17:00,119999736,156781,0,5016992,0,32,32,32.0,0.0,0,0,0.0,0.0,41808.35865,1306.511208,765.4020666,16215.64136,599625,0,120000000,765.4020666,16215.64136,599625,0,0,0.0,0.0,0,0,0,0,0,0,1254248,0,1306.511208,0.0,32,32,32.0,0.0,0.0,0,0,0,0,0,0,0,0,0,32.00020411,32.0,0.0,0,0,0,0,0,0,156781,5016992,0,0,-1,-1,156780,8,0.0,0.0,0,0,0.0,0.0,0,0,DDOS attack-LOIC-UDP
80,17,21/02/2018 10:17:00,119691658,128938,0,4126016,0,32,32,32.0,0.0,0,0,0.0,0.0,34472.04316,1077.251349,928.2956638,18309.27753,587064,1,120000000,928.2956638,18309.27753,587064,1,0,0.0,0.0,0,0,0,0,0,0,1031504,0,1077.251349,0.0,32,32,32.0,0.0,0.0,0,0,0,0,0,0,0,0,0,32.00024818,32.0,0.0,0,0,0,0,0,0,128938,4126016,0,0,-1,-1,128937,8,0.0,0.0,0,0,0.0,0.0,0,0,DDOS attack-LOIC-UDP
80,17,21/02/2018 10:17:00,119617794,149728,0,4791296,0,32,32,32.0,0.0,0,0,0.0,0.0,40055.04398,1251.720125,798.9059689,16939.25838,575763,0,120000000,798.9059689,16939.25838,575763,0,0,0.0,0.0,0,0,0,0,0,0,1197824,0,1251.720125,0.0,32,32,32.0,0.0,0.0,0,0,0,0,0,0,0,0,0,32.00021372,32.0,0.0,0,0,0,0,0,0,149728,4791296,0,0,-1,-1,149727,8,0.0,0.0,0,0,0.0,0.0,0,0,DDOS attack-LOIC-UDP
80,17,21/02/2018 10:17:01,119999959,136536,0,4369152,0,32,32,32.0,0.0,0,0,0.0,0.0,36409.61244,1137.800389,878.895221,17360.35818,598542,0,120000000,878.895221,17360.35818,598542,0,0,0.0,0.0,0,0,0,0,0,0,1092288,0,1137.800389,0.0,32,32,32.0,0.0,0.0,0,0,0,0,0,0,0,0,0,32.00023437,32.0,0.0,0,0,0,0,0,0,136536,4369152,0,0,-1,-1,136535,8,0.0,0.0,0,0,0.0,0.0,0,0,DDOS attack-LOIC-UDP
80,17,21/02/2018 10:17:01,119769768,144131,0,4612192,0,32,32,32.0,0.0,0,0,0.0,0.0,38508.81635,1203.400511,830.9843058,17334.44043,588801,0,120000000,830.9843058,17334.44043,588801,0,0,0.0,0.0,0,0,0,0,0,0,1153048,0,1203.400511,0.0,32,32,32.0,0.0,0.0,0,0,0,0,0,0,0,0,0,32.00022202,32.0,0.0,0,0,0,0,0,0,144131,4612192,0,0,-1,-1,144130,8,0.0,0.0,0,0,0.0,0.0,0,0,DDOS attack-LOIC-UDP
80,17,21/02/2018 10:17:01,119665584,129006,0,4128192,0,32,32,32.0,0.0,0,0,0.0,0.0,34497.7383,1078.054322,927.6042324,18252.47627,577100,1,120000000,927.6042324,18252.47627,577100,1,0,0.0,0.0,0,0,0,0,0,0,1032048,0,1078.054322,0.0,32,32,32.0,0.0,0.0,0,0,0,0,0,0,0,0,0,32.00024805,32.0,0.0,0,0,0,0,0,0,129006,4128192,0,0,-1,-1,129005,8,0.0,0.0,0,0,0.0,0.0,0,0,DDOS attack-LOIC-UDP
80,17,21/02/2018 10:17:02,119873830,127678,0,4085696,0,32,32,32.0,0.0,0,0,0.0,0.0,34083.30242,1065.103201,938.8835107,18429.631,590195,0,120000000,938.8835107,18429.631,590195,0,0,0.0,0.0,0,0,0,0,0,0,1021424,0,1065.103201,0.0,32,32,32.0,0.0,0.0,0,0,0,0,0,0,0,0,0,32.00025063,32.0,0.0,0,0,0,0,0,0,127678,4085696,0,0,-1,-1,127677,8,0.0,0.0,0,0,0.0,0.0,0,0,DDOS attack-LOIC-UDP
80,17,21/02/2018 10:17:02,119704629,146380,0,4684160,0,32,32,32.0,0.0,0,0,0.0,0.0,39130.98465,1222.84327,817.771873,17159.94333,582235,1,120000000,817.771873,17159.94333,582235,1,0,0.0,0.0,0,0,0,0,0,0,1171040,0,1222.84327,0.0,32,32,32.0,0.0,0.0,0,0,0,0,0,0,0,0,0,32.00021861,32.0,0.0,0,0,0,0,0,0,146380,4684160,0,0,-1,-1,146379,8,0.0,0.0,0,0,0.0,0.0,0,0,DDOS attack-LOIC-UDP
80,17,21/02/2018 10:17:03,119851000,145304,0,4649728,0,32,32,32.0,0.0,0,0,0.0,0.0,38795.90492,1212.372029,824.835,17294.90586,582794,0,120000000,824.835,17294.90586,582794,0,0,0.0,0.0,0,0,0,0,0,0,1162432,0,1212.372029,0.0,32,32,32.0,0.0,0.0,0,0,0,0,0,0,0,0,0,32.00022023,32.0,0.0,0,0,0,0,0,0,145304,4649728,0,0,-1,-1,145303,8,0.0,0.0,0,0,0.0,0.0,0,0,DDOS attack-LOIC-UDP
80,17,21/02/2018 10:17:03,119640824,129619,0,4147808,0,32,32,32.0,0.0,0,0,0.0,0.0,34668.83511,1083.401097,923.0263081,18217.09642,578865,0,120000000,923.0263081,18217.09642,578865,0,0,0.0,0.0,0,0,0,0,0,0,1036952,0,1083.401097,0.0,32,32,32.0,0.0,0.0,0,0,0,0,0,0,0,0,0,32.00024688,32.0,0.0,0,0,0,0,0,0,129619,4147808,0,0,-1,-1,129618,8,0.0,0.0,0,0,0.0,0.0,0,0,DDOS attack-LOIC-UDP
80,17,21/02/2018 10:17:04,119805817,128857,0,4123424,0,32,32,32.0,0.0,0,0,0.0,0.0,34417.56088,1075.548777,929.7651409,18354.40835,582986,0,120000000,929.7651409,18354.40835,582986,0,0,0.0,0.0,0,0,0,0,0,0,1030856,0,1075.548777,0.0,32,32,32.0,0.0,0.0,0,0,0,0,0,0,0,0,0,32.00024834,32.0,0.0,0,0,0,0,0,0,128857,4123424,0,0,-1,-1,128856,8,0.0,0.0,0,0,0.0,0.0,0,0,DDOS attack-LOIC-UDP
80,17,21/02/2018 10:17:04,119618688,144975,0,4639200,0,32,32,32.0,0.0,0,0,0.0,0.0,38783.23762,1211.976175,825.1044187,17216.94627,577875,0,120000000,825.1044187,17216.94627,577875,0,0,0.0,0.0,0,0,0,0,0,0,1159800,0,1211.976175,0.0,32,32,32.0,0.0,0.0,0,0,0,0,0,0,0,0,0,32.00022073,32.0,0.0,0,0,0,0,0,0,144975,4639200,0,0,-1,-1,144974,8,0.0,0.0,0,0,0.0,0.0,0,0,DDOS attack-LOIC-UDP
80,17,21/02/2018 10:17:05,119756924,129726,0,4151232,0,32,32,32.0,0.0,0,0,0.0,0.0,34663.81618,1083.244256,923.159946,18214.52161,578054,0,120000000,923.159946,18214.52161,578054,0,0,0.0,0.0,0,0,0,0,0,0,1037808,0,1083.244256,0.0,32,32,32.0,0.0,0.0,0,0,0,0,0,0,0,0,0,32.00024667,32.0,0.0,0,0,0,0,0,0,129726,4151232,0,0,-1,-1,129725,8,0.0,0.0,0,0,0.0,0.0,0,0,DDOS attack-LOIC-UDP
80,17,21/02/2018 10:17:06,119932374,67908,0,2173056,0,32,32,32.0,0.0,0,0,0.0,0.0,18119.01097,566.2190928,1766.126821,35349.72331,921609,1,120000000,1766.126821,35349.72331,921609,1,0,0.0,0.0,0,0,0,0,0,0,543264,0,566.2190928,0.0,32,32,32.0,0.0,0.0,0,0,0,0,0,0,0,0,0,32.00047123,32.0,0.0,0,0,0,0,0,0,67908,2173056,0,0,-1,-1,67907,8,0.0,0.0,0,0,0.0,0.0,0,0,DDOS attack-LOIC-UDP
80,17,21/02/2018 10:17:07,119956458,147512,0,4720384,0,32,32,32.0,0.0,0,0,0.0,0.0,39350.81178,1229.712868,813.2034764,17126.92111,574656,0,120000000,813.2034764,17126.92111,574656,0,0,0.0,0.0,0,0,0,0,0,0,1180096,0,1229.712868,0.0,32,32,32.0,0.0,0.0,0,0,0,0,0,0,0,0,0,32.00021693,32.0,0.0,0,0,0,0,0,0,147512,4720384,0,0,-1,-1,147511,8,0.0,0.0,0,0,0.0,0.0,0,0,DDOS attack-LOIC-UDP
80,17,21/02/2018 10:17:07,119654545,76909,0,2461088,0,32,32,32.0,0.0,0,0,0.0,0.0,20568.27846,642.7587017,1555.814025,33138.53492,918666,1,120000000,1555.814025,33138.53492,918666,1,0,0.0,0.0,0,0,0,0,0,0,615272,0,642.7587017,0.0,32,32,32.0,0.0,0.0,0,0,0,0,0,0,0,0,0,32.00041608,32.0,0.0,0,0,0,0,0,0,76909,2461088,0,0,-1,-1,76908,8,0.0,0.0,0,0,0.0,0.0,0,0,DDOS attack-LOIC-UDP
80,17,21/02/2018 10:17:07,119953143,132773,0,4248736,0,32,32,32.0,0.0,0,0,0.0,0.0,35419.96394,1106.873873,903.4521059,18044.56106,576141,0,120000000,903.4521059,18044.56106,576141,0,0,0.0,0.0,0,0,0,0,0,0,1062184,0,1106.873873,0.0,32,32,32.0,0.0,0.0,0,0,0,0,0,0,0,0,0,32.00024101,32.0,0.0,0,0,0,0,0,0,132773,4248736,0,0,-1,-1,132772,8,0.0,0.0,0,0,0.0,0.0,0,0,DDOS attack-LOIC-UDP
80,17,21/02/2018 10:17:08,119943410,68409,0,2189088,0,32,32,32.0,0.0,0,0,0.0,0.0,18251.00687,570.3439647,1753.353555,35139.25519,911065,1,120000000,1753.353555,35139.25519,911065,1,0,0.0,0.0,0,0,0,0,0,0,547272,0,570.3439647,0.0,32,32,32.0,0.0,0.0,0,0,0,0,0,0,0,0,0,32.00046777,32.0,0.0,0,0,0,0,0,0,68409,2189088,0,0,-1,-1,68408,8,0.0,0.0,0,0,0.0,0.0,0,0,DDOS attack-LOIC-UDP
80,17,21/02/2018 10:16:41,102999958,11,0,352,0,32,32,32.0,0.0,0,0,0.0,0.0,3.417477122,0.10679616,10300000.0,4063774.439,15000000,3000102,103000000,10300000.0,4063774.439,15000000,3000102,0,0.0,0.0,0,0,0,0,0,0,88,0,0.10679616,0.0,32,32,32.0,0.0,0.0,0,0,0,0,0,0,0,0,0,34.90909091,32.0,0.0,0,0,0,0,0,0,11,352,0,0,-1,-1,10,8,4000044.0,1414131.538,4999986,3000102,11900000.0,2602337.259,15000000,7984133,Benign
80,17,21/02/2018 10:17:09,119594011,77464,0,2478848,0,32,32,32.0,0.0,0,0,0.0,0.0,20727.19177,647.7247427,1543.88561,32945.54029,910530,1,120000000,1543.88561,32945.54029,910530,1,0,0.0,0.0,0,0,0,0,0,0,619712,0,647.7247427,0.0,32,32,32.0,0.0,0.0,0,0,0,0,0,0,0,0,0,32.0004131,32.0,0.0,0,0,0,0,0,0,77464,2478848,0,0,-1,-1,77463,8,0.0,0.0,0,0,0.0,0.0,0,0,DDOS attack-LOIC-UDP
80,17,21/02/2018 10:17:09,119663520,144654,0,4628928,0,32,32,32.0,0.0,0,0,0.0,0.0,38682.86676,1208.839586,827.2453388,17234.83338,574611,0,120000000,827.2453388,17234.83338,574611,0,0,0.0,0.0,0,0,0,0,0,0,1157232,0,1208.839586,0.0,32,32,32.0,0.0,0.0,0,0,0,0,0,0,0,0,0,32.00022122,32.0,0.0,0,0,0,0,0,0,144654,4628928,0,0,-1,-1,144653,8,0.0,0.0,0,0,0.0,0.0,0,0,DDOS attack-LOIC-UDP
80,17,21/02/2018 10:17:09,119707018,68002,0,2176064,0,32,32,32.0,0.0,0,0,0.0,0.0,18178.24916,568.0702864,1760.371436,35116.72047,922973,1,120000000,1760.371436,35116.72047,922973,1,0,0.0,0.0,0,0,0,0,0,0,544016,0,568.0702864,0.0,32,32,32.0,0.0,0.0,0,0,0,0,0,0,0,0,0,32.00047057,32.0,0.0,0,0,0,0,0,0,68002,2176064,0,0,-1,-1,68001,8,0.0,0.0,0,0,0.0,0.0,0,0,DDOS attack-LOIC-UDP
80,17,21/02/2018 10:17:10,119983117,132513,0,4240416,0,32,32,32.0,0.0,0,0,0.0,0.0,35341.77229,1104.430384,905.4509554,18024.67948,576346,1,120000000,905.4509554,18024.67948,576346,1,0,0.0,0.0,0,0,0,0,0,0,1060104,0,1104.430384,0.0,32,32,32.0,0.0,0.0,0,0,0,0,0,0,0,0,0,32.00024149,32.0,0.0,0,0,0,0,0,0,132513,4240416,0,0,-1,-1,132512,8,0.0,0.0,0,0,0.0,0.0,0,0,DDOS attack-LOIC-UDP
80,17,21/02/2018 10:17:11,119692065,76803,0,2457696,0,32,32,32.0,0.0,0,0,0.0,0.0,20533.49151,641.6716096,1558.449845,32898.18867,915324,1,120000000,1558.449845,32898.18867,915324,1,0,0.0,0.0,0,0,0,0,0,0,614424,0,641.6716096,0.0,32,32,32.0,0.0,0.0,0,0,0,0,0,0,0,0,0,32.00041665,32.0,0.0,0,0,0,0,0,0,76803,2457696,0,0,-1,-1,76802,8,0.0,0.0,0,0,0.0,0.0,0,0,DDOS attack-LOIC-UDP
80,17,21/02/2018 10:17:12,119781528,144032,0,4609024,0,32,32,32.0,0.0,0,0,0.0,0.0,38478.58745,1202.455858,831.6371337,17654.505,578702,0,120000000,831.6371337,17654.505,578702,0,0,0.0,0.0,0,0,0,0,0,0,1152256,0,1202.455858,0.0,32,32,32.0,0.0,0.0,0,0,0,0,0,0,0,0,0,32.00022217,32.0,0.0,0,0,0,0,0,0,144032,4609024,0,0,-1,-1,144031,8,0.0,0.0,0,0,0.0,0.0,0,0,DDOS attack-LOIC-UDP
80,17,21/02/2018 10:17:13,119999855,68741,0,2199712,0,32,32,32.0,0.0,0,0,0.0,0.0,18330.95548,572.8423589,1745.706357,34697.63143,916324,1,120000000,1745.706357,34697.63143,916324,1,0,0.0,0.0,0,0,0,0,0,0,549928,0,572.8423589,0.0,32,32,32.0,0.0,0.0,0,0,0,0,0,0,0,0,0,32.00046552,32.0,0.0,0,0,0,0,0,0,68741,2199712,0,0,-1,-1,68740,8,0.0,0.0,0,0,0.0,0.0,0,0,DDOS attack-LOIC-UDP
80,17,21/02/2018 10:17:13,119806296,120266,0,3848512,0,32,32,32.0,0.0,0,0,0.0,0.0,32122.78593,1003.83706,996.1858895,19340.33943,580129,0,120000000,996.1858895,19340.33943,580129,0,0,0.0,0.0,0,0,0,0,0,0,962128,0,1003.83706,0.0,32,32,32.0,0.0,0.0,0,0,0,0,0,0,0,0,0,32.00026608,32.0,0.0,0,0,0,0,0,0,120266,3848512,0,0,-1,-1,120265,8,0.0,0.0,0,0,0.0,0.0,0,0,DDOS attack-LOIC-UDP
80,17,21/02/2018 10:17:14,119999984,78553,0,2513696,0,32,32,32.0,0.0,0,0,0.0,0.0,20947.46946,654.6084206,1527.65027,32397.33147,920725,1,120000000,1527.65027,32397.33147,920725,1,0,0.0,0.0,0,0,0,0,0,0,628424,0,654.6084206,0.0,32,32,32.0,0.0,0.0,0,0,0,0,0,0,0,0,0,32.00040737,32.0,0.0,0,0,0,0,0,0,78553,2513696,0,0,-1,-1,78552,8,0.0,0.0,0,0,0.0,0.0,0,0,DDOS attack-LOIC-UDP
80,17,21/02/2018 10:17:14,119800164,138076,0,4418432,0,32,32,32.0,0.0,0,0,0.0,0.0,36881.68574,1152.552679,867.6455839,18033.15758,579752,0,120000000,867.6455839,18033.15758,579752,0,0,0.0,0.0,0,0,0,0,0,0,1104608,0,1152.552679,0.0,32,32,32.0,0.0,0.0,0,0,0,0,0,0,0,0,0,32.00023176,32.0,0.0,0,0,0,0,0,0,138076,4418432,0,0,-1,-1,138075,8,0.0,0.0,0,0,0.0,0.0,0,0,DDOS attack-LOIC-UDP
80,17,21/02/2018 10:17:14,119712708,71385,0,2284320,0,32,32,32.0,0.0,0,0,0.0,0.0,19081.68346,596.3026081,1677.024375,33894.82564,907875,1,120000000,1677.024375,33894.82564,907875,1,0,0.0,0.0,0,0,0,0,0,0,571080,0,596.3026081,0.0,32,32,32.0,0.0,0.0,0,0,0,0,0,0,0,0,0,32.00044827,32.0,0.0,0,0,0,0,0,0,71385,2284320,0,0,-1,-1,71384,8,0.0,0.0,0,0,0.0,0.0,0,0,DDOS attack-LOIC-UDP
80,17,21/02/2018 10:17:04,111007972,13,0,416,0,32,32,32.0,0.0,0,0,0.0,0.0,3.747478605,0.117108706,9250664.333,4222324.31,18000000,3004007,111000000,9250664.333,4222324.31,18000000,3004007,0,0.0,0.0,0,0,0,0,0,0,104,0,0.117108706,0.0,32,32,32.0,0.0,0.0,0,0,0,0,0,0,0,0,0,34.46153846,32.0,0.0,0,0,0,0,0,0,13,416,0,0,-1,-1,12,8,3999951.0,1408477.512,4995895,3004007,10300000.0,3770594.74,18000000,5999983,Benign
80,17,21/02/2018 10:17:15,119837587,123147,0,3940704,0,32,32,32.0,0.0,0,0,0.0,0.0,32883.70618,1027.615818,973.1342228,19103.93069,575870,1,120000000,973.1342228,19103.93069,575870,1,0,0.0,0.0,0,0,0,0,0,0,985176,0,1027.615818,0.0,32,32,32.0,0.0,0.0,0,0,0,0,0,0,0,0,0,32.00025985,32.0,0.0,0,0,0,0,0,0,123147,3940704,0,0,-1,-1,123146,8,0.0,0.0,0,0,0.0,0.0,0,0,DDOS attack-LOIC-UDP
80,17,21/02/2018 10:17:16,119999985,82645,0,2644640,0,32,32,32.0,0.0,0,0,0.0,0.0,22038.66942,688.7084194,1452.010854,31443.02188,922064,1,120000000,1452.010854,31443.02188,922064,1,0,0.0,0.0,0,0,0,0,0,0,661160,0,688.7084194,0.0,32,32,32.0,0.0,0.0,0,0,0,0,0,0,0,0,0,32.0003872,32.0,0.0,0,0,0,0,0,0,82645,2644640,0,0,-1,-1,82644,8,0.0,0.0,0,0,0.0,0.0,0,0,DDOS attack-LOIC-UDP
80,17,21/02/2018 10:17:16,119849969,143653,0,4596896,0,32,32,32.0,0.0,0,0,0.0,0.0,38355.42085,1198.606902,834.307695,17689.39998,579051,0,120000000,834.307695,17689.39998,579051,0,0,0.0,0.0,0,0,0,0,0,0,1149224,0,1198.606902,0.0,32,32,32.0,0.0,0.0,0,0,0,0,0,0,0,0,0,32.00022276,32.0,0.0,0,0,0,0,0,0,143653,4596896,0,0,-1,-1,143652,8,0.0,0.0,0,0,0.0,0.0,0,0,DDOS attack-LOIC-UDP
80,17,21/02/2018 10:17:17,119679182,116996,0,3743872,0,32,32,32.0,0.0,0,0,0.0,0.0,31282.56675,977.5802111,1022.942707,20591.70549,636566,0,120000000,1022.942707,20591.70549,636566,0,0,0.0,0.0,0,0,0,0,0,0,935968,0,977.5802111,0.0,32,32,32.0,0.0,0.0,0,0,0,0,0,0,0,0,0,32.00027351,32.0,0.0,0,0,0,0,0,0,116996,3743872,0,0,-1,-1,116995,8,0.0,0.0,0,0,0.0,0.0,0,0,DDOS attack-LOIC-UDP
80,17,21/02/2018 10:17:09,117000021,18,0,576,0,32,32,32.0,0.0,0,0,0.0,0.0,4.923076039,0.153846126,6882354.176,5999006.54,21000000,999999,117000000,6882354.176,5999006.54,21000000,999999,0,0.0,0.0,0,0,0,0,0,0,144,0,0.153846126,0.0,32,32,32.0,0.0,0.0,0,0,0,0,0,0,0,0,0,33.77777778,32.0,0.0,0,0,0,0,0,0,18,576,0,0,-1,-1,17,8,5755994.25,4361748.389,12000000,2000066,11700000.0,5426001.906,21000000,5012054,Benign
80,17,21/02/2018 10:17:17,119904035,126385,0,4044320,0,32,32,32.0,0.0,0,0,0.0,0.0,33729.64054,1054.051267,948.727964,18861.25486,580427,0,120000000,948.727964,18861.25486,580427,0,0,0.0,0.0,0,0,0,0,0,0,1011080,0,1054.051267,0.0,32,32,32.0,0.0,0.0,0,0,0,0,0,0,0,0,0,32.00025319,32.0,0.0,0,0,0,0,0,0,126385,4044320,0,0,-1,-1,126384,8,0.0,0.0,0,0,0.0,0.0,0,0,DDOS attack-LOIC-UDP
80,17,21/02/2018 10:17:18,119867265,117145,0,3748640,0,32,32,32.0,0.0,0,0,0.0,0.0,31273.2588,977.2893375,1023.247157,20535.69207,650122,0,120000000,1023.247157,20535.69207,650122,0,0,0.0,0.0,0,0,0,0,0,0,937160,0,977.2893375,0.0,32,32,32.0,0.0,0.0,0,0,0,0,0,0,0,0,0,32.00027317,32.0,0.0,0,0,0,0,0,0,117145,3748640,0,0,-1,-1,117144,8,0.0,0.0,0,0,0.0,0.0,0,0,DDOS attack-LOIC-UDP
80,17,21/02/2018 10:17:18,119894614,125901,0,4028832,0,32,32,32.0,0.0,0,0,0.0,0.0,33603.11081,1050.097213,952.3003495,18914.93948,578715,0,120000000,952.3003495,18914.93948,578715,0,0,0.0,0.0,0,0,0,0,0,0,1007208,0,1050.097213,0.0,32,32,32.0,0.0,0.0,0,0,0,0,0,0,0,0,0,32.00025417,32.0,0.0,0,0,0,0,0,0,125901,4028832,0,0,-1,-1,125900,8,0.0,0.0,0,0,0.0,0.0,0,0,DDOS attack-LOIC-UDP
80,17,21/02/2018 10:17:19,119626772,133070,0,4258240,0,32,32,32.0,0.0,0,0,0.0,0.0,35596.04534,1112.376417,898.9830238,19255.39613,633009,0,120000000,898.9830238,19255.39613,633009,0,0,0.0,0.0,0,0,0,0,0,0,1064560,0,1112.376417,0.0,32,32,32.0,0.0,0.0,0,0,0,0,0,0,0,0,0,32.00024047,32.0,0.0,0,0,0,0,0,0,133070,4258240,0,0,-1,-1,133069,8,0.0,0.0,0,0,0.0,0.0,0,0,DDOS attack-LOIC-UDP
80,17,21/02/2018 10:17:19,119862299,141684,0,4533888,0,32,32,32.0,0.0,0,0,0.0,0.0,37825.80543,1182.05642,845.9892789,17818.48649,579574,1,120000000,845.9892789,17818.48649,579574,1,0,0.0,0.0,0,0,0,0,0,0,1133472,0,1182.05642,0.0,32,32,32.0,0.0,0.0,0,0,0,0,0,0,0,0,0,32.00022585,32.0,0.0,0,0,0,0,0,0,141684,4533888,0,0,-1,-1,141683,8,0.0,0.0,0,0,0.0,0.0,0,0,DDOS attack-LOIC-UDP
80,17,21/02/2018 10:17:20,119590077,119372,0,3819904,0,32,32,32.0,0.0,0,0,0.0,0.0,31941.6468,998.1764624,1001.835261,20310.00231,633884,0,120000000,1001.835261,20310.00231,633884,0,0,0.0,0.0,0,0,0,0,0,0,954976,0,998.1764624,0.0,32,32,32.0,0.0,0.0,0,0,0,0,0,0,0,0,0,32.00026807,32.0,0.0,0,0,0,0,0,0,119372,3819904,0,0,-1,-1,119371,8,0.0,0.0,0,0,0.0,0.0,0,0,DDOS attack-LOIC-UDP
80,17,21/02/2018 10:17:20,119854559,124998,0,3999936,0,32,32,32.0,0.0,0,0,0.0,0.0,33373.24866,1042.91402,958.8594846,18960.59371,583722,1,120000000,958.8594846,18960.59371,583722,1,0,0.0,0.0,0,0,0,0,0,0,999984,0,1042.91402,0.0,32,32,32.0,0.0,0.0,0,0,0,0,0,0,0,0,0,32.000256,32.0,0.0,0,0,0,0,0,0,124998,3999936,0,0,-1,-1,124997,8,0.0,0.0,0,0,0.0,0.0,0,0,DDOS attack-LOIC-UDP
80,17,21/02/2018 10:17:21,119993827,128102,0,4099264,0,32,32,32.0,0.0,0,0,0.0,0.0,34162.2907,1067.571584,936.7126486,19631.62128,645395,0,120000000,936.7126486,19631.62128,645395,0,0,0.0,0.0,0,0,0,0,0,0,1024816,0,1067.571584,0.0,32,32,32.0,0.0,0.0,0,0,0,0,0,0,0,0,0,32.0002498,32.0,0.0,0,0,0,0,0,0,128102,4099264,0,0,-1,-1,128101,8,0.0,0.0,0,0,0.0,0.0,0,0,DDOS attack-LOIC-UDP
80,17,21/02/2018 10:17:22,119924367,139602,0,4467264,0,32,32,32.0,0.0,0,0,0.0,0.0,37250.67817,1164.083693,859.0509165,17950.87563,581251,0,120000000,859.0509165,17950.87563,581251,0,0,0.0,0.0,0,0,0,0,0,0,1116816,0,1164.083693,0.0,32,32,32.0,0.0,0.0,0,0,0,0,0,0,0,0,0,32.00022922,32.0,0.0,0,0,0,0,0,0,139602,4467264,0,0,-1,-1,139601,8,0.0,0.0,0,0,0.0,0.0,0,0,DDOS attack-LOIC-UDP
80,17,21/02/2018 10:17:23,119753265,119582,0,3826624,0,32,32,32.0,0.0,0,0,0.0,0.0,31954.23524,998.5698511,1001.440572,20281.02912,635588,0,120000000,1001.440572,20281.02912,635588,0,0,0.0,0.0,0,0,0,0,0,0,956656,0,998.5698511,0.0,32,32,32.0,0.0,0.0,0,0,0,0,0,0,0,0,0,32.0002676,32.0,0.0,0,0,0,0,0,0,119582,3826624,0,0,-1,-1,119581,8,0.0,0.0,0,0,0.0,0.0,0,0,DDOS attack-LOIC-UDP
80,17,21/02/2018 10:17:23,119592631,124319,0,3978208,0,32,32,32.0,0.0,0,0,0.0,0.0,33264.65825,1039.52057,961.9896636,19842.40168,632230,0,120000000,961.9896636,19842.40168,632230,0,0,0.0,0.0,0,0,0,0,0,0,994552,0,1039.52057,0.0,32,32,32.0,0.0,0.0,0,0,0,0,0,0,0,0,0,32.0002574,32.0,0.0,0,0,0,0,0,0,124319,3978208,0,0,-1,-1,124318,8,0.0,0.0,0,0,0.0,0.0,0,0,DDOS attack-LOIC-UDP
80,17,21/02/2018 10:17:23,116022455,13,0,416,0,32,32,32.0,0.0,0,0,0.0,0.0,3.585512822,0.112047276,9668537.917,4942795.866,19000000,2003965,116000000,9668537.917,4942795.866,19000000,2003965,0,0.0,0.0,0,0,0,0,0,0,104,0,0.112047276,0.0,32,32,32.0,0.0,0.0,0,0,0,0,0,0,0,0,0,34.46153846,32.0,0.0,0,0,0,0,0,0,13,416,0,0,-1,-1,12,8,2507961.0,712757.9786,3011957,2003965,11100000.0,4016331.225,19000000,6996009,Benign
80,17,21/02/2018 10:17:23,119877319,108192,0,3462144,0,32,32,32.0,0.0,0,0,0.0,0.0,28880.72597,902.5226865,1108.01563,22045.05283,582820,0,120000000,1108.01563,22045.05283,582820,0,0,0.0,0.0,0,0,0,0,0,0,865536,0,902.5226865,0.0,32,32,32.0,0.0,0.0,0,0,0,0,0,0,0,0,0,32.00029577,32.0,0.0,0,0,0,0,0,0,108192,3462144,0,0,-1,-1,108191,8,0.0,0.0,0,0,0.0,0.0,0,0,DDOS attack-LOIC-UDP
80,17,21/02/2018 10:17:21,115000142,9,0,288,0,32,32,32.0,0.0,0,0,0.0,0.0,2.504344734,0.078260773,14400000.0,10700000.0,32000000,2980055,115000000,14400000.0,10700000.0,32000000,2980055,0,0.0,0.0,0,0,0,0,0,0,72,0,0.078260773,0.0,32,32,32.0,0.0,0.0,0,0,0,0,0,0,0,0,0,35.55555556,32.0,0.0,0,0,0,0,0,0,9,288,0,0,-1,-1,8,8,2980055.0,0.0,2980055,2980055,16000000.0,10500000.0,32000000,5040066,Benign
80,17,21/02/2018 10:17:24,119822971,113545,0,3633440,0,32,32,32.0,0.0,0,0,0.0,0.0,30323.40101,947.6062816,1055.299893,20764.23312,633525,0,120000000,1055.299893,20764.23312,633525,0,0,0.0,0.0,0,0,0,0,0,0,908360,0,947.6062816,0.0,32,32,32.0,0.0,0.0,0,0,0,0,0,0,0,0,0,32.00028183,32.0,0.0,0,0,0,0,0,0,113545,3633440,0,0,-1,-1,113544,8,0.0,0.0,0,0,0.0,0.0,0,0,DDOS attack-LOIC-UDP
80,17,21/02/2018 10:17:22,115000271,7,0,224,0,32,32,32.0,0.0,0,0,0.0,0.0,1.947821497,0.060869422,19200000.0,17600000.0,42000000,3012015,115000000,19200000.0,17600000.0,42000000,3012015,0,0.0,0.0,0,0,0,0,0,0,56,0,0.060869422,0.0,32,32,32.0,0.0,0.0,0,0,0,0,0,0,0,0,0,36.57142857,32.0,0.0,0,0,0,0,0,0,7,224,0,0,-1,-1,6,8,3012015.0,0.0,3012015,3012015,22400000.0,17600000.0,42000000,5999995,Benign
80,17,21/02/2018 10:17:24,119826060,114747,0,3671904,0,32,32,32.0,0.0,0,0,0.0,0.0,30643.61792,957.6130601,1044.272219,21413.74161,586820,0,120000000,1044.272219,21413.74161,586820,0,0,0.0,0.0,0,0,0,0,0,0,917976,0,957.6130601,0.0,32,32,32.0,0.0,0.0,0,0,0,0,0,0,0,0,0,32.00027887,32.0,0.0,0,0,0,0,0,0,114747,3671904,0,0,-1,-1,114746,8,0.0,0.0,0,0,0.0,0.0,0,0,DDOS attack-LOIC-UDP
80,17,21/02/2018 10:17:24,113999825,10,0,320,0,32,32,32.0,0.0,0,0,0.0,0.0,2.807021853,0.087719433,12700000.0,12300000.0,40000000,999968,114000000,12700000.0,12300000.0,40000000,999968,0,0.0,0.0,0,0,0,0,0,0,80,0,0.087719433,0.0,32,32,32.0,0.0,0.0,0,0,0,0,0,0,0,0,0,35.2,32.0,0.0,0,0,0,0,0,0,10,320,0,0,-1,-1,9,8,1001927.5,2771.151475,1003887,999968,16000000.0,12000000.0,40000000,5004054,Benign
80,17,21/02/2018 10:17:21,114012034,17,0,544,0,32,32,32.0,0.0,0,0,0.0,0.0,4.771426146,0.149107067,7125752.125,4000712.744,13000000,1999987,114000000,7125752.125,4000712.744,13000000,1999987,0,0.0,0.0,0,0,0,0,0,0,136,0,0.149107067,0.0,32,32,32.0,0.0,0.0,0,0,0,0,0,0,0,0,0,33.88235294,32.0,0.0,0,0,0,0,0,0,17,544,0,0,-1,-1,16,8,3394419.2,2177114.43,6968042,1999987,9703993.8,2539447.598,13000000,5999981,Benign
80,17,21/02/2018 10:17:26,119661245,106288,0,3401216,0,32,32,32.0,0.0,0,0,0.0,0.0,28423.7056,888.2408001,1125.831428,22201.98307,608842,1,120000000,1125.831428,22201.98307,608842,1,0,0.0,0.0,0,0,0,0,0,0,850304,0,888.2408001,0.0,32,32,32.0,0.0,0.0,0,0,0,0,0,0,0,0,0,32.00030107,32.0,0.0,0,0,0,0,0,0,106288,3401216,0,0,-1,-1,106287,8,0.0,0.0,0,0,0.0,0.0,0,0,DDOS attack-LOIC-UDP
80,17,21/02/2018 10:17:26,119805111,127322,0,4074304,0,32,32,32.0,0.0,0,0,0.0,0.0,34007.76449,1062.74264,940.9689761,19558.71218,634138,0,120000000,940.9689761,19558.71218,634138,0,0,0.0,0.0,0,0,0,0,0,0,1018576,0,1062.74264,0.0,32,32,32.0,0.0,0.0,0,0,0,0,0,0,0,0,0,32.00025133,32.0,0.0,0,0,0,0,0,0,127322,4074304,0,0,-1,-1,127321,8,0.0,0.0,0,0,0.0,0.0,0,0,DDOS attack-LOIC-UDP
80,17,21/02/2018 10:17:04,118020103,14,0,448,0,32,32,32.0,0.0,0,0,0.0,0.0,3.795963472,0.118623859,9078469.462,7080834.36,24000000,999936,118000000,9078469.462,7080834.36,24000000,999936,0,0.0,0.0,0,0,0,0,0,0,112,0,0.118623859,0.0,32,32,32.0,0.0,0.0,0,0,0,0,0,0,0,0,0,34.28571429,32.0,0.0,0,0,0,0,0,0,14,448,0,0,-1,-1,13,8,1985266.0,1706591.393,3955868,999936,11200000.0,6663423.265,24000000,5008343,Benign
80,17,21/02/2018 10:17:26,119689291,117875,0,3772000,0,32,32,32.0,0.0,0,0,0.0,0.0,31514.93311,984.8416597,1015.400266,20297.65567,638922,0,120000000,1015.400266,20297.65567,638922,0,0,0.0,0.0,0,0,0,0,0,0,943000,0,984.8416597,0.0,32,32,32.0,0.0,0.0,0,0,0,0,0,0,0,0,0,32.00027147,32.0,0.0,0,0,0,0,0,0,117875,3772000,0,0,-1,-1,117874,8,0.0,0.0,0,0,0.0,0.0,0,0,DDOS attack-LOIC-UDP
80,17,21/02/2018 10:17:27,119662974,121210,0,3878720,0,32,32,32.0,0.0,0,0,0.0,0.0,32413.70217,1012.928193,987.2449571,20807.89664,587077,0,120000000,987.2449571,20807.89664,587077,0,0,0.0,0.0,0,0,0,0,0,0,969680,0,1012.928193,0.0,32,32,32.0,0.0,0.0,0,0,0,0,0,0,0,0,0,32.000264,32.0,0.0,0,0,0,0,0,0,121210,3878720,0,0,-1,-1,121209,8,0.0,0.0,0,0,0.0,0.0,0,0,DDOS attack-LOIC-UDP
80,17,21/02/2018 10:17:14,110986315,10,0,320,0,32,32,32.0,0.0,0,0,0.0,0.0,2.883238352,0.090101199,12300000.0,10200000.0,37000000,4983855,111000000,12300000.0,10200000.0,37000000,4983855,0,0.0,0.0,0,0,0,0,0,0,80,0,0.090101199,0.0,32,32,32.0,0.0,0.0,0,0,0,0,0,0,0,0,0,35.2,32.0,0.0,0,0,0,0,0,0,10,320,0,0,-1,-1,9,8,4983855.0,0.0,4983855,4983855,14400000.0,10800000.0,37000000,7001591,Benign
80,17,21/02/2018 10:17:28,119626829,105218,0,3366976,0,32,32,32.0,0.0,0,0,0.0,0.0,28145.65953,879.5518604,1136.95343,22309.79003,625627,1,120000000,1136.95343,22309.79003,625627,1,0,0.0,0.0,0,0,0,0,0,0,841744,0,879.5518604,0.0,32,32,32.0,0.0,0.0,0,0,0,0,0,0,0,0,0,32.00030413,32.0,0.0,0,0,0,0,0,0,105218,3366976,0,0,-1,-1,105217,8,0.0,0.0,0,0,0.0,0.0,0,0,DDOS attack-LOIC-UDP
80,17,21/02/2018 10:17:28,119415569,104302,0,3337664,0,32,32,32.0,0.0,0,0,0.0,0.0,27949.99034,873.4371981,1144.912983,24693.21911,812927,0,119000000,1144.912983,24693.21911,812927,0,0,0.0,0.0,0,0,0,0,0,0,834416,0,873.4371981,0.0,32,32,32.0,0.0,0.0,0,0,0,0,0,0,0,0,0,32.0003068,32.0,0.0,0,0,0,0,0,0,104302,3337664,0,0,-1,-1,104301,8,0.0,0.0,0,0,0.0,0.0,0,0,DDOS attack-LOIC-UDP
80,17,21/02/2018 10:17:29,119680239,118363,0,3787616,0,32,32,32.0,0.0,0,0,0.0,0.0,31647.79776,988.9936801,1011.13735,21047.81685,594386,0,120000000,1011.13735,21047.81685,594386,0,0,0.0,0.0,0,0,0,0,0,0,946904,0,988.9936801,0.0,32,32,32.0,0.0,0.0,0,0,0,0,0,0,0,0,0,32.00027035,32.0,0.0,0,0,0,0,0,0,118363,3787616,0,0,-1,-1,118362,8,0.0,0.0,0,0,0.0,0.0,0,0,DDOS attack-LOIC-UDP
80,17,21/02/2018 10:17:29,119435450,87285,0,2793120,0,32,32,32.0,0.0,0,0,0.0,0.0,23386.02149,730.8131715,1368.354452,27025.02778,813261,1,119000000,1368.354452,27025.02778,813261,1,0,0.0,0.0,0,0,0,0,0,0,698280,0,730.8131715,0.0,32,32,32.0,0.0,0.0,0,0,0,0,0,0,0,0,0,32.00036662,32.0,0.0,0,0,0,0,0,0,87285,2793120,0,0,-1,-1,87284,8,0.0,0.0,0,0,0.0,0.0,0,0,DDOS attack-LOIC-UDP
80,17,21/02/2018 10:17:30,119659230,106093,0,3394976,0,32,32,32.0,0.0,0,0,0.0,0.0,28372.03616,886.6261299,1127.881744,22238.04041,581555,0,120000000,1127.881744,22238.04041,581555,0,0,0.0,0.0,0,0,0,0,0,0,848744,0,886.6261299,0.0,32,32,32.0,0.0,0.0,0,0,0,0,0,0,0,0,0,32.00030162,32.0,0.0,0,0,0,0,0,0,106093,3394976,0,0,-1,-1,106092,8,0.0,0.0,0,0,0.0,0.0,0,0,DDOS attack-LOIC-UDP
80,17,21/02/2018 10:17:31,119655406,106076,0,3394432,0,32,32,32.0,0.0,0,0,0.0,0.0,28368.39649,886.5123904,1128.026453,22226.93023,607930,0,120000000,1128.026453,22226.93023,607930,0,0,0.0,0.0,0,0,0,0,0,0,848608,0,886.5123904,0.0,32,32,32.0,0.0,0.0,0,0,0,0,0,0,0,0,0,32.00030167,32.0,0.0,0,0,0,0,0,0,106076,3394432,0,0,-1,-1,106075,8,0.0,0.0,0,0,0.0,0.0,0,0,DDOS attack-LOIC-UDP
80,17,21/02/2018 10:17:30,119749373,103074,0,3298368,0,32,32,32.0,0.0,0,0,0.0,0.0,27543.9271,860.7477218,1161.791866,25032.73809,813698,1,120000000,1161.791866,25032.73809,813698,1,0,0.0,0.0,0,0,0,0,0,0,824592,0,860.7477218,0.0,32,32,32.0,0.0,0.0,0,0,0,0,0,0,0,0,0,32.00031046,32.0,0.0,0,0,0,0,0,0,103074,3298368,0,0,-1,-1,103073,8,0.0,0.0,0,0,0.0,0.0,0,0,DDOS attack-LOIC-UDP
80,17,21/02/2018 10:17:31,119445773,88399,0,2828768,0,32,32,32.0,0.0,0,0,0.0,0.0,23682.44542,740.0764194,1351.227098,27015.10399,814152,1,119000000,1351.227098,27015.10399,814152,1,0,0.0,0.0,0,0,0,0,0,0,707192,0,740.0764194,0.0,32,32,32.0,0.0,0.0,0,0,0,0,0,0,0,0,0,32.000362,32.0,0.0,0,0,0,0,0,0,88399,2828768,0,0,-1,-1,88398,8,0.0,0.0,0,0,0.0,0.0,0,0,DDOS attack-LOIC-UDP
80,17,21/02/2018 10:17:32,119702200,115797,0,3705504,0,32,32,32.0,0.0,0,0,0.0,0.0,30956.02253,967.375704,1033.733462,21291.92945,576726,1,120000000,1033.733462,21291.92945,576726,1,0,0.0,0.0,0,0,0,0,0,0,926376,0,967.375704,0.0,32,32,32.0,0.0,0.0,0,0,0,0,0,0,0,0,0,32.00027635,32.0,0.0,0,0,0,0,0,0,115797,3705504,0,0,-1,-1,115796,8,0.0,0.0,0,0,0.0,0.0,0,0,DDOS attack-LOIC-UDP
80,17,21/02/2018 10:17:30,104003980,16,0,512,0,32,32,32.0,0.0,0,0,0.0,0.0,4.922888528,0.153840266,6933598.667,5814917.78,21000000,1023941,104000000,6933598.667,5814917.78,21000000,1023941,0,0.0,0.0,0,0,0,0,0,0,128,0,0.153840266,0.0,32,32,32.0,0.0,0.0,0,0,0,0,0,0,0,0,0,34.0,32.0,0.0,0,0,0,0,0,0,16,512,0,0,-1,-1,15,8,7519938.5,701467.6046,8015951,7023926,11100000.0,4899981.4,21000000,7000039,Benign
80,17,21/02/2018 10:17:32,119483512,97653,0,3124896,0,32,32,32.0,0.0,0,0,0.0,0.0,26153.36583,817.2926822,1223.564412,25752.66436,811435,1,119000000,1223.564412,25752.66436,811435,1,0,0.0,0.0,0,0,0,0,0,0,781224,0,817.2926822,0.0,32,32,32.0,0.0,0.0,0,0,0,0,0,0,0,0,0,32.00032769,32.0,0.0,0,0,0,0,0,0,97653,3124896,0,0,-1,-1,97652,8,0.0,0.0,0,0,0.0,0.0,0,0,DDOS attack-LOIC-UDP
80,17,21/02/2018 10:17:33,119757844,103184,0,3301888,0,32,32,32.0,0.0,0,0,0.0,0.0,27571.37144,861.6053576,1160.635415,22577.23254,593942,0,120000000,1160.635415,22577.23254,593942,0,0,0.0,0.0,0,0,0,0,0,0,825472,0,861.6053576,0.0,32,32,32.0,0.0,0.0,0,0,0,0,0,0,0,0,0,32.00031013,32.0,0.0,0,0,0,0,0,0,103184,3301888,0,0,-1,-1,103183,8,0.0,0.0,0,0,0.0,0.0,0,0,DDOS attack-LOIC-UDP
80,17,21/02/2018 10:17:33,119558311,88046,0,2817472,0,32,32,32.0,0.0,0,0,0.0,0.0,23565.67249,736.4272652,1357.922778,27218.18935,829182,0,120000000,1357.922778,27218.18935,829182,0,0,0.0,0.0,0,0,0,0,0,0,704368,0,736.4272652,0.0,32,32,32.0,0.0,0.0,0,0,0,0,0,0,0,0,0,32.00036345,32.0,0.0,0,0,0,0,0,0,88046,2817472,0,0,-1,-1,88045,8,0.0,0.0,0,0,0.0,0.0,0,0,DDOS attack-LOIC-UDP
80,17,21/02/2018 10:17:34,119522607,85253,0,2728096,0,32,32,32.0,0.0,0,0,0.0,0.0,22824.93721,713.2792878,1401.991824,27702.04541,822274,1,120000000,1401.991824,27702.04541,822274,1,0,0.0,0.0,0,0,0,0,0,0,682024,0,713.2792878,0.0,32,32,32.0,0.0,0.0,0,0,0,0,0,0,0,0,0,32.00037535,32.0,0.0,0,0,0,0,0,0,85253,2728096,0,0,-1,-1,85252,8,0.0,0.0,0,0,0.0,0.0,0,0,DDOS attack-LOIC-UDP
80,17,21/02/2018 10:17:35,119999804,115412,0,3693184,0,32,32,32.0,0.0,0,0,0.0,0.0,30776.5836,961.7682376,1039.760543,20623.9903,682587,1,120000000,1039.760543,20623.9903,682587,1,0,0.0,0.0,0,0,0,0,0,0,923296,0,961.7682376,0.0,32,32,32.0,0.0,0.0,0,0,0,0,0,0,0,0,0,32.00027727,32.0,0.0,0,0,0,0,0,0,115412,3693184,0,0,-1,-1,115411,8,0.0,0.0,0,0,0.0,0.0,0,0,DDOS attack-LOIC-UDP
80,17,21/02/2018 10:17:32,116000042,16,0,512,0,32,32,32.0,0.0,0,0,0.0,0.0,4.413791505,0.137930985,7733336.133,8395941.918,36000000,999969,116000000,7733336.133,8395941.918,36000000,999969,0,0.0,0.0,0,0,0,0,0,0,128,0,0.137930985,0.0,32,32,32.0,0.0,0.0,0,0,0,0,0,0,0,0,0,34.0,32.0,0.0,0,0,0,0,0,0,16,512,0,0,-1,-1,15,8,7665239.667,4507386.527,12000000,2999874,11600000.0,10100000.0,36000000,5000032,Benign
80,17,21/02/2018 10:17:33,117987982,17,0,544,0,32,32,32.0,0.0,0,0,0.0,0.0,4.610639073,0.144082471,7374248.875,4175172.936,15000000,999895,118000000,7374248.875,4175172.936,15000000,999895,0,0.0,0.0,0,0,0,0,0,0,136,0,0.144082471,0.0,32,32,32.0,0.0,0.0,0,0,0,0,0,0,0,0,0,33.88235294,32.0,0.0,0,0,0,0,0,0,17,544,0,0,-1,-1,16,8,1659949.333,1143224.258,2980031,999895,8692933.385,3394865.973,15000000,5028219,Benign
80,17,21/02/2018 10:17:36,119283128,96038,0,3073216,0,32,32,32.0,0.0,0,0,0.0,0.0,25764.04603,805.1264383,1242.053875,26191.1315,831612,1,119000000,1242.053875,26191.1315,831612,1,0,0.0,0.0,0,0,0,0,0,0,768304,0,805.1264383,0.0,32,32,32.0,0.0,0.0,0,0,0,0,0,0,0,0,0,32.0003332,32.0,0.0,0,0,0,0,0,0,96038,3073216,0,0,-1,-1,96037,8,0.0,0.0,0,0,0.0,0.0,0,0,DDOS attack-LOIC-UDP
80,17,21/02/2018 10:17:36,119480140,86464,0,2766848,0,32,32,32.0,0.0,0,0,0.0,0.0,23157.38833,723.6683854,1381.864381,27626.01756,812429,1,119000000,1381.864381,27626.01756,812429,1,0,0.0,0.0,0,0,0,0,0,0,691712,0,723.6683854,0.0,32,32,32.0,0.0,0.0,0,0,0,0,0,0,0,0,0,32.0003701,32.0,0.0,0,0,0,0,0,0,86464,2766848,0,0,-1,-1,86463,8,0.0,0.0,0,0,0.0,0.0,0,0,DDOS attack-LOIC-UDP
80,17,21/02/2018 10:17:37,119932678,132103,0,4227296,0,32,32,32.0,0.0,0,0,0.0,0.0,35247.24096,1101.47628,907.8793508,19188.13451,640018,0,120000000,907.8793508,19188.13451,640018,0,0,0.0,0.0,0,0,0,0,0,0,1056824,0,1101.47628,0.0,32,32,32.0,0.0,0.0,0,0,0,0,0,0,0,0,0,32.00024224,32.0,0.0,0,0,0,0,0,0,132103,4227296,0,0,-1,-1,132102,8,0.0,0.0,0,0,0.0,0.0,0,0,DDOS attack-LOIC-UDP
80,17,21/02/2018 10:17:26,109995997,17,0,544,0,32,32,32.0,0.0,0,0,0.0,0.0,4.945634522,0.154551079,6874749.813,4899170.921,19000000,999973,110000000,6874749.813,4899170.921,19000000,999973,0,0.0,0.0,0,0,0,0,0,0,136,0,0.154551079,0.0,32,32,32.0,0.0,0.0,0,0,0,0,0,0,0,0,0,33.88235294,32.0,0.0,0,0,0,0,0,0,17,544,0,0,-1,-1,16,8,8664025.333,3058534.722,12000000,5992113,11300000.0,4112531.633,19000000,7003993,Benign
80,17,21/02/2018 10:17:37,119816505,117544,0,3761408,0,32,32,32.0,0.0,0,0,0.0,0.0,31393.0706,981.0334561,1019.3419,20351.1344,635609,0,120000000,1019.3419,20351.1344,635609,0,0,0.0,0.0,0,0,0,0,0,0,940352,0,981.0334561,0.0,32,32,32.0,0.0,0.0,0,0,0,0,0,0,0,0,0,32.00027224,32.0,0.0,0,0,0,0,0,0,117544,3761408,0,0,-1,-1,117543,8,0.0,0.0,0,0,0.0,0.0,0,0,DDOS attack-LOIC-UDP
80,17,21/02/2018 10:17:37,119573440,95718,0,3062976,0,32,32,32.0,0.0,0,0,0.0,0.0,25615.85583,800.4954947,1249.23932,26360.98821,829177,0,120000000,1249.23932,26360.98821,829177,0,0,0.0,0.0,0,0,0,0,0,0,765744,0,800.4954947,0.0,32,32,32.0,0.0,0.0,0,0,0,0,0,0,0,0,0,32.00033432,32.0,0.0,0,0,0,0,0,0,95718,3062976,0,0,-1,-1,95717,8,0.0,0.0,0,0,0.0,0.0,0,0,DDOS attack-LOIC-UDP
80,17,21/02/2018 10:17:38,119800186,130116,0,4163712,0,32,32,32.0,0.0,0,0,0.0,0.0,34755.47192,1086.108497,920.7254044,19340.54149,636018,0,120000000,920.7254044,19340.54149,636018,0,0,0.0,0.0,0,0,0,0,0,0,1040928,0,1086.108497,0.0,32,32,32.0,0.0,0.0,0,0,0,0,0,0,0,0,0,32.00024593,32.0,0.0,0,0,0,0,0,0,130116,4163712,0,0,-1,-1,130115,8,0.0,0.0,0,0,0.0,0.0,0,0,DDOS attack-LOIC-UDP
80,17,21/02/2018 10:17:39,115996028,13,0,416,0,32,32,32.0,0.0,0,0,0.0,0.0,3.586329697,0.112072803,9666335.667,7092455.268,25000000,999975,116000000,9666335.667,7092455.268,25000000,999975,0,0.0,0.0,0,0,0,0,0,0,104,0,0.112072803,0.0,32,32,32.0,0.0,0.0,0,0,0,0,0,0,0,0,0,34.46153846,32.0,0.0,0,0,0,0,0,0,13,416,0,0,-1,-1,12,8,3498030.0,3532783.261,5996085,999975,12100000.0,6475934.972,25000000,5988109,Benign
80,17,21/02/2018 10:17:39,119003903,16,0,512,0,32,32,32.0,0.0,0,0,0.0,0.0,4.302379898,0.134449372,7933593.533,5214610.703,15000000,959992,119000000,7933593.533,5214610.703,15000000,959992,0,0.0,0.0,0,0,0,0,0,0,128,0,0.134449372,0.0,32,32,32.0,0.0,0.0,0,0,0,0,0,0,0,0,0,34.0,32.0,0.0,0,0,0,0,0,0,16,512,0,0,-1,-1,15,8,2313359.333,2292097.257,4960020,980013,11100000.0,2805713.561,15000000,5016032,Benign
80,17,21/02/2018 10:17:37,98992020,11,0,352,0,32,32,32.0,0.0,0,0,0.0,0.0,3.555842178,0.111120068,9899202.0,8778768.012,26000000,1999826,99000000,9899202.0,8778768.012,26000000,1999826,0,0.0,0.0,0,0,0,0,0,0,88,0,0.111120068,0.0,32,32,32.0,0.0,0.0,0,0,0,0,0,0,0,0,0,34.90909091,32.0,0.0,0,0,0,0,0,0,11,352,0,0,-1,-1,10,8,5330020.0,3483904.204,8980013,2040185,16600000.0,7648779.056,26000000,8961996,Benign
80,17,21/02/2018 10:17:38,118003969,8,0,256,0,32,32,32.0,0.0,0,0,0.0,0.0,2.169418556,0.06779433,16900000.0,16600000.0,45000000,2000224,118000000,16900000.0,16600000.0,45000000,2000224,0,0.0,0.0,0,0,0,0,0,0,64,0,0.06779433,0.0,32,32,32.0,0.0,0.0,0,0,0,0,0,0,0,0,0,36.0,32.0,0.0,0,0,0,0,0,0,8,256,0,0,-1,-1,7,8,2000224.0,0.0,2000224,2000224,19300000.0,16800000.0,45000000,6017621,Benign
80,17,21/02/2018 10:17:40,119697412,113409,0,3629088,0,32,32,32.0,0.0,0,0,0.0,0.0,30318.851,947.4640939,1055.458275,20720.40518,637431,1,120000000,1055.458275,20720.40518,637431,1,0,0.0,0.0,0,0,0,0,0,0,907272,0,947.4640939,0.0,32,32,32.0,0.0,0.0,0,0,0,0,0,0,0,0,0,32.00028216,32.0,0.0,0,0,0,0,0,0,113409,3629088,0,0,-1,-1,113408,8,0.0,0.0,0,0,0.0,0.0,0,0,DDOS attack-LOIC-UDP
80,17,21/02/2018 10:17:40,119687485,136067,0,4354144,0,32,32,32.0,0.0,0,0,0.0,0.0,36379.27558,1136.852362,879.6281584,18899.97508,636833,0,120000000,879.6281584,18899.97508,636833,0,0,0.0,0.0,0,0,0,0,0,0,1088536,0,1136.852362,0.0,32,32,32.0,0.0,0.0,0,0,0,0,0,0,0,0,0,32.00023518,32.0,0.0,0,0,0,0,0,0,136067,4354144,0,0,-1,-1,136066,8,0.0,0.0,0,0,0.0,0.0,0,0,DDOS attack-LOIC-UDP
80,17,21/02/2018 10:17:37,101994269,11,0,352,0,32,32,32.0,0.0,0,0,0.0,0.0,3.451174301,0.107849197,10200000.0,7325570.069,24000000,2008015,102000000,10200000.0,7325570.069,24000000,2008015,0,0.0,0.0,0,0,0,0,0,0,88,0,0.107849197,0.0,32,32,32.0,0.0,0.0,0,0,0,0,0,0,0,0,0,34.90909091,32.0,0.0,0,0,0,0,0,0,11,352,0,0,-1,-1,10,8,2504001.5,701430.8351,2999988,2008015,12100000.0,6912048.033,24000000,5011922,Benign
80,17,21/02/2018 10:17:32,119992040,16,0,512,0,32,32,32.0,0.0,0,0,0.0,0.0,4.266949708,0.133342178,7999469.333,7199805.457,28000000,1983916,120000000,7999469.333,7199805.457,28000000,1983916,0,0.0,0.0,0,0,0,0,0,0,128,0,0.133342178,0.0,32,32,32.0,0.0,0.0,0,0,0,0,0,0,0,0,0,34.0,32.0,0.0,0,0,0,0,0,0,16,512,0,0,-1,-1,15,8,4339966.0,2084015.477,6008042,2003842,11900000.0,6938006.739,28000000,5980090,Benign
80,17,21/02/2018 10:17:42,119999976,129784,0,4153088,0,32,32,32.0,0.0,0,0,0.0,0.0,34609.07359,1081.53355,924.6201429,19375.01556,633599,0,120000000,924.6201429,19375.01556,633599,0,0,0.0,0.0,0,0,0,0,0,0,1038272,0,1081.53355,0.0,32,32,32.0,0.0,0.0,0,0,0,0,0,0,0,0,0,32.00024656,32.0,0.0,0,0,0,0,0,0,129784,4153088,0,0,-1,-1,129783,8,0.0,0.0,0,0,0.0,0.0,0,0,DDOS attack-LOIC-UDP
80,17,21/02/2018 10:17:42,119989762,121109,0,3875488,0,32,32,32.0,0.0,0,0,0.0,0.0,32298.48893,1009.327779,990.766605,20036.97735,636249,0,120000000,990.766605,20036.97735,636249,0,0,0.0,0.0,0,0,0,0,0,0,968872,0,1009.327779,0.0,32,32,32.0,0.0,0.0,0,0,0,0,0,0,0,0,0,32.00026422,32.0,0.0,0,0,0,0,0,0,121109,3875488,0,0,-1,-1,121108,8,0.0,0.0,0,0,0.0,0.0,0,0,DDOS attack-LOIC-UDP
80,17,21/02/2018 10:17:42,105020064,10,0,320,0,32,32,32.0,0.0,0,0,0.0,0.0,3.047036802,0.0952199,11700000.0,7933357.005,28000000,959999,105000000,11700000.0,7933357.005,28000000,959999,0,0.0,0.0,0,0,0,0,0,0,80,0,0.0952199,0.0,32,32,32.0,0.0,0.0,0,0,0,0,0,0,0,0,0,35.2,32.0,0.0,0,0,0,0,0,0,10,320,0,0,-1,-1,9,8,1973956.0,1433951.741,2987913,959999,14400000.0,6579711.885,28000000,7996161,Benign
80,17,21/02/2018 10:17:44,119584431,117284,0,3753088,0,32,32,32.0,0.0,0,0,0.0,0.0,31384.41993,980.7631229,1019.622887,20312.91662,632440,1,120000000,1019.622887,20312.91662,632440,1,0,0.0,0.0,0,0,0,0,0,0,938272,0,980.7631229,0.0,32,32,32.0,0.0,0.0,0,0,0,0,0,0,0,0,0,32.00027284,32.0,0.0,0,0,0,0,0,0,117284,3753088,0,0,-1,-1,117283,8,0.0,0.0,0,0,0.0,0.0,0,0,DDOS attack-LOIC-UDP
80,17,21/02/2018 10:17:43,106991997,12,0,384,0,32,32,32.0,0.0,0,0,0.0,0.0,3.589053488,0.112157921,9726545.182,7232225.97,21000000,960068,107000000,9726545.182,7232225.97,21000000,960068,0,0.0,0.0,0,0,0,0,0,0,96,0,0.112157921,0.0,32,32,32.0,0.0,0.0,0,0,0,0,0,0,0,0,0,34.66666667,32.0,0.0,0,0,0,0,0,0,12,384,0,0,-1,-1,11,8,1479027.0,680199.9539,1960001,998053,14600000.0,3398988.546,21000000,11000000,Benign
80,17,21/02/2018 10:17:45,119926490,138951,0,4446432,0,32,32,32.0,0.0,0,0,0.0,0.0,37076.31233,1158.63476,863.090968,18736.21963,638200,0,120000000,863.090968,18736.21963,638200,0,0,0.0,0.0,0,0,0,0,0,0,1111608,0,1158.63476,0.0,32,32,32.0,0.0,0.0,0,0,0,0,0,0,0,0,0,32.0002303,32.0,0.0,0,0,0,0,0,0,138951,4446432,0,0,-1,-1,138950,8,0.0,0.0,0,0,0.0,0.0,0,0,DDOS attack-LOIC-UDP
80,17,21/02/2018 10:17:45,106992058,10,0,320,0,32,32,32.0,0.0,0,0,0.0,0.0,2.990876201,0.093464881,11900000.0,8920288.057,30000000,980084,107000000,11900000.0,8920288.057,30000000,980084,0,0.0,0.0,0,0,0,0,0,0,80,0,0.093464881,0.0,32,32,32.0,0.0,0.0,0,0,0,0,0,0,0,0,0,35.2,32.0,0.0,0,0,0,0,0,0,10,320,0,0,-1,-1,9,8,980118.0,48.08326112,980152,980084,15000000.0,7423145.334,30000000,6027849,Benign
80,17,21/02/2018 10:17:29,94011909,10,0,320,0,32,32,32.0,0.0,0,0,0.0,0.0,3.403824084,0.106369503,10400000.0,9719293.51,33000000,2058595,94000000,10400000.0,9719293.51,33000000,2058595,0,0.0,0.0,0,0,0,0,0,0,80,0,0.106369503,0.0,32,32,32.0,0.0,0.0,0,0,0,0,0,0,0,0,0,35.2,32.0,0.0,0,0,0,0,0,0,10,320,0,0,-1,-1,9,8,5498902.0,2122789.711,6999941,3997863,13800000.0,10400000.0,33000000,6999936,Benign
80,17,21/02/2018 10:17:47,106991975,13,0,416,0,32,32,32.0,0.0,0,0,0.0,0.0,3.888142078,0.12150444,8915997.917,6592382.435,19000000,940136,107000000,8915997.917,6592382.435,19000000,940136,0,0.0,0.0,0,0,0,0,0,0,104,0,0.12150444,0.0,32,32,32.0,0.0,0.0,0,0,0,0,0,0,0,0,0,34.46153846,32.0,0.0,0,0,0,0,0,0,13,416,0,0,-1,-1,12,8,984041.3333,38510.91821,1012104,940136,12900000.0,3797261.886,19000000,5995837,Benign
80,17,21/02/2018 10:17:49,112008154,17,0,544,0,32,32,32.0,0.0,0,0,0.0,0.0,4.856789266,0.151774665,7000509.625,3979245.144,17000000,1020073,112000000,7000509.625,3979245.144,17000000,1020073,0,0.0,0.0,0,0,0,0,0,0,136,0,0.151774665,0.0,32,32,32.0,0.0,0.0,0,0,0,0,0,0,0,0,0,33.88235294,32.0,0.0,0,0,0,0,0,0,17,544,0,0,-1,-1,16,8,7352833.333,4187018.334,12000000,4006450,8994965.4,3685084.591,17000000,5000075,Benign
80,17,21/02/2018 10:17:41,119004019,11,0,352,0,32,32,32.0,0.0,0,0,0.0,0.0,2.957883296,0.092433853,11900000.0,6469377.989,23000000,2999918,119000000,11900000.0,6469377.989,23000000,2999918,0,0.0,0.0,0,0,0,0,0,0,88,0,0.092433853,0.0,32,32,32.0,0.0,0.0,0,0,0,0,0,0,0,0,0,34.90909091,32.0,0.0,0,0,0,0,0,0,11,352,0,0,-1,-1,10,8,2999918.0,0.0,2999918,2999918,12900000.0,6006818.857,23000000,6024077,Benign
80,17,21/02/2018 10:17:41,116023971,13,0,416,0,32,32,32.0,0.0,0,0,0.0,0.0,3.585465972,0.112045812,9668664.25,7455966.808,30000000,1000027,116000000,9668664.25,7455966.808,30000000,1000027,0,0.0,0.0,0,0,0,0,0,0,104,0,0.112045812,0.0,32,32,32.0,0.0,0.0,0,0,0,0,0,0,0,0,0,34.46153846,32.0,0.0,0,0,0,0,0,0,13,416,0,0,-1,-1,12,8,2984047.5,2805828.699,4968068,1000027,11000000.0,7426613.81,30000000,5979985,Benign
80,17,21/02/2018 10:17:22,109011960,18,0,576,0,32,32,32.0,0.0,0,0,0.0,0.0,5.283823903,0.165119497,6412468.235,5248945.281,18000000,1983905,109000000,6412468.235,5248945.281,18000000,1983905,0,0.0,0.0,0,0,0,0,0,0,144,0,0.165119497,0.0,32,32,32.0,0.0,0.0,0,0,0,0,0,0,0,0,0,33.77777778,32.0,0.0,0,0,0,0,0,0,18,576,0,0,-1,-1,17,8,2569694.143,1514393.999,6003990,1983905,10900000.0,4362324.241,18000000,5016153,Benign
80,17,21/02/2018 10:17:49,107004037,13,0,416,0,32,32,32.0,0.0,0,0,0.0,0.0,3.887703788,0.121490743,8917003.083,6052828.106,16000000,999952,107000000,8917003.083,6052828.106,16000000,999952,0,0.0,0.0,0,0,0,0,0,0,104,0,0.121490743,0.0,32,32,32.0,0.0,0.0,0,0,0,0,0,0,0,0,0,34.46153846,32.0,0.0,0,0,0,0,0,0,13,416,0,0,-1,-1,12,8,2992085.0,1431232.208,4004119,1980051,12600000.0,3198118.902,16000000,6007972,Benign
80,17,21/02/2018 10:17:38,113971941,11,0,352,0,32,32,32.0,0.0,0,0,0.0,0.0,3.088479471,0.096514983,11400000.0,8892932.469,28000000,4004028,114000000,11400000.0,8892932.469,28000000,4004028,0,0.0,0.0,0,0,0,0,0,0,88,0,0.096514983,0.0,32,32,32.0,0.0,0.0,0,0,0,0,0,0,0,0,0,34.90909091,32.0,0.0,0,0,0,0,0,0,11,352,0,0,-1,-1,10,8,6520029.0,3558162.737,9036030,4004028,14400000.0,9111199.39,28000000,6003889,Benign
80,17,21/02/2018 10:17:51,100014090,10,0,320,0,32,32,32.0,0.0,0,0,0.0,0.0,3.199549184,0.099985912,11100000.0,8533055.757,32000000,4012041,100000000,11100000.0,8533055.757,32000000,4012041,0,0.0,0.0,0,0,0,0,0,0,80,0,0.099985912,0.0,32,32,32.0,0.0,0.0,0,0,0,0,0,0,0,0,0,35.2,32.0,0.0,0,0,0,0,0,0,10,320,0,0,-1,-1,9,8,9000126.0,0.0,9000126,9000126,13000000.0,8846732.088,32000000,6007988,Benign
80,17,21/02/2018 10:17:52,113024059,15,0,480,0,32,32,32.0,0.0,0,0,0.0,0.0,4.2468834,0.132715106,8073147.071,5548527.984,25000000,2020149,113000000,8073147.071,5548527.984,25000000,2020149,0,0.0,0.0,0,0,0,0,0,0,120,0,0.132715106,0.0,32,32,32.0,0.0,0.0,0,0,0,0,0,0,0,0,0,34.13333333,32.0,0.0,0,0,0,0,0,0,15,480,0,0,-1,-1,14,8,2516058.5,701321.9406,3011968,2020149,8999328.5,5457872.151,25000000,5000122,Benign
80,17,21/02/2018 10:17:51,109004056,12,0,384,0,32,32,32.0,0.0,0,0,0.0,0.0,3.522804693,0.110087647,9909459.636,5526035.905,16000000,972088,109000000,9909459.636,5526035.905,16000000,972088,0,0.0,0.0,0,0,0,0,0,0,96,0,0.110087647,0.0,32,32,32.0,0.0,0.0,0,0,0,0,0,0,0,0,0,34.66666667,32.0,0.0,0,0,0,0,0,0,12,384,0,0,-1,-1,11,8,986103.5,19820.91018,1000119,972088,11900000.0,3720354.587,16000000,5008132,Benign
80,17,21/02/2018 10:17:42,107992056,15,0,480,0,32,32,32.0,0.0,0,0,0.0,0.0,4.444771382,0.138899106,7713718.286,3967239.581,16000000,2992649,108000000,7713718.286,3967239.581,16000000,2992649,0,0.0,0.0,0,0,0,0,0,0,120,0,0.138899106,0.0,32,32,32.0,0.0,0.0,0,0,0,0,0,0,0,0,0,34.13333333,32.0,0.0,0,0,0,0,0,0,15,480,0,0,-1,-1,14,8,4997707.5,2835580.924,7002766,2992649,8908785.545,3614074.769,16000000,5004181,Benign
80,17,21/02/2018 10:17:37,102991968,13,0,416,0,32,32,32.0,0.0,0,0,0.0,0.0,4.039149927,0.126223435,8582664.0,5899898.784,23000000,1000051,103000000,8582664.0,5899898.784,23000000,1000051,0,0.0,0.0,0,0,0,0,0,0,104,0,0.126223435,0.0,32,32,32.0,0.0,0.0,0,0,0,0,0,0,0,0,0,34.46153846,32.0,0.0,0,0,0,0,0,0,13,416,0,0,-1,-1,12,8,5999975.0,0.0,5999975,5999975,9699199.3,5774448.562,23000000,5008012,Benign
80,17,21/02/2018 10:17:52,109952829,12,0,384,0,32,32,32.0,0.0,0,0,0.0,0.0,3.49240673,0.10913771,9995711.727,8935112.395,27000000,960010,110000000,9995711.727,8935112.395,27000000,960010,0,0.0,0.0,0,0,0,0,0,0,96,0,0.10913771,0.0,32,32,32.0,0.0,0.0,0,0,0,0,0,0,0,0,0,34.66666667,32.0,0.0,0,0,0,0,0,0,12,384,0,0,-1,-1,11,8,1973974.5,2001332.609,4975840,960010,16800000.0,5766209.187,27000000,12000000,Benign
80,17,21/02/2018 10:17:53,113964036,10,0,320,0,32,32,32.0,0.0,0,0,0.0,0.0,2.807903363,0.08774698,12700000.0,6631091.802,25000000,5991856,114000000,12700000.0,6631091.802,25000000,5991856,0,0.0,0.0,0,0,0,0,0,0,80,0,0.08774698,0.0,32,32,32.0,0.0,0.0,0,0,0,0,0,0,0,0,0,35.2,32.0,0.0,0,0,0,0,0,0,10,320,0,0,-1,-1,9,8,0.0,0.0,0,0,12700000.0,6631091.802,25000000,5991856,Benign
80,17,21/02/2018 10:17:52,114004015,7,0,224,0,32,32,32.0,0.0,0,0,0.0,0.0,1.96484308,0.061401346,19000000.0,19100000.0,55000000,4992001,114000000,19000000.0,19100000.0,55000000,4992001,0,0.0,0.0,0,0,0,0,0,0,56,0,0.061401346,0.0,32,32,32.0,0.0,0.0,0,0,0,0,0,0,0,0,0,36.57142857,32.0,0.0,0,0,0,0,0,0,7,224,0,0,-1,-1,6,8,4992001.0,0.0,4992001,4992001,21800000.0,19900000.0,55000000,5991943,Benign
80,17,21/02/2018 10:17:52,119992117,11,0,352,0,32,32,32.0,0.0,0,0,0.0,0.0,2.933526042,0.091672689,12000000.0,4624172.556,18000000,5000012,120000000,12000000.0,4624172.556,18000000,5000012,0,0.0,0.0,0,0,0,0,0,0,88,0,0.091672689,0.0,32,32,32.0,0.0,0.0,0,0,0,0,0,0,0,0,0,34.90909091,32.0,0.0,0,0,0,0,0,0,11,352,0,0,-1,-1,10,8,0.0,0.0,0,0,12000000.0,4624172.556,18000000,5000012,Benign
80,17,21/02/2018 10:17:55,117012143,14,0,448,0,32,32,32.0,0.0,0,0,0.0,0.0,3.828662466,0.119645702,9000934.077,9090925.797,33000000,988092,117000000,9000934.077,9090925.797,33000000,988092,0,0.0,0.0,0,0,0,0,0,0,112,0,0.119645702,0.0,32,32,32.0,0.0,0.0,0,0,0,0,0,0,0,0,0,34.28571429,32.0,0.0,0,0,0,0,0,0,14,448,0,0,-1,-1,13,8,4659931.667,4042459.518,8991783,988092,14400000.0,9458885.478,33000000,6008031,Benign
80,17,21/02/2018 10:17:56,110991950,11,0,352,0,32,32,32.0,0.0,0,0,0.0,0.0,3.171401169,0.099106287,11100000.0,9099659.861,30000000,999971,111000000,11100000.0,9099659.861,30000000,999971,0,0.0,0.0,0,0,0,0,0,0,88,0,0.099106287,0.0,32,32,32.0,0.0,0.0,0,0,0,0,0,0,0,0,0,34.90909091,32.0,0.0,0,0,0,0,0,0,11,352,0,0,-1,-1,10,8,3492008.5,724174.2176,4004077,2979940,14900000.0,8274701.82,30000000,6995894,Benign
80,17,21/02/2018 10:17:57,112004003,12,0,384,0,32,32,32.0,0.0,0,0,0.0,0.0,3.428448892,0.107139028,10200000.0,9498350.129,37000000,1983998,112000000,10200000.0,9498350.129,37000000,1983998,0,0.0,0.0,0,0,0,0,0,0,96,0,0.107139028,0.0,32,32,32.0,0.0,0.0,0,0,0,0,0,0,0,0,0,34.66666667,32.0,0.0,0,0,0,0,0,0,12,384,0,0,-1,-1,11,8,5988024.0,0.0,5988024,5988024,11800000.0,9835156.111,37000000,5000011,Benign
80,17,21/02/2018 10:17:56,108003844,12,0,384,0,32,32,32.0,0.0,0,0,0.0,0.0,3.555429009,0.111107157,9818531.273,7826777.458,29000000,5000001,108000000,9818531.273,7826777.458,29000000,5000001,0,0.0,0.0,0,0,0,0,0,0,96,0,0.111107157,0.0,32,32,32.0,0.0,0.0,0,0,0,0,0,0,0,0,0,34.66666667,32.0,0.0,0,0,0,0,0,0,12,384,0,0,-1,-1,11,8,0.0,0.0,0,0,9818531.273,7826777.458,29000000,5000001,Benign
80,17,21/02/2018 10:17:57,105999892,13,0,416,0,32,32,32.0,0.0,0,0,0.0,0.0,3.9245323,0.122641634,8833324.333,5408495.0,22000000,1000055,106000000,8833324.333,5408495.0,22000000,1000055,0,0.0,0.0,0,0,0,0,0,0,104,0,0.122641634,0.0,32,32,32.0,0.0,0.0,0,0,0,0,0,0,0,0,0,34.46153846,32.0,0.0,0,0,0,0,0,0,13,416,0,0,-1,-1,12,8,1000055.0,0.0,1000055,1000055,10000000.0,5077886.344,22000000,5000085,Benign
80,17,21/02/2018 10:17:51,115004091,15,0,480,0,32,32,32.0,0.0,0,0,0.0,0.0,4.173764566,0.130430143,8214577.929,8503783.822,34000000,2988000,115000000,8214577.929,8503783.822,34000000,2988000,0,0.0,0.0,0,0,0,0,0,0,120,0,0.130430143,0.0,32,32,32.0,0.0,0.0,0,0,0,0,0,0,0,0,0,34.13333333,32.0,0.0,0,0,0,0,0,0,15,480,0,0,-1,-1,14,8,7997040.333,3611493.518,12000000,4983041,14500000.0,10200000.0,34000000,5017081,Benign
80,17,21/02/2018 10:17:59,114992116,14,0,448,0,32,32,32.0,0.0,0,0,0.0,0.0,3.895919265,0.121747477,8845547.385,8025008.545,32000000,1999986,115000000,8845547.385,8025008.545,32000000,1999986,0,0.0,0.0,0,0,0,0,0,0,112,0,0.121747477,0.0,32,32,32.0,0.0,0.0,0,0,0,0,0,0,0,0,0,34.28571429,32.0,0.0,0,0,0,0,0,0,14,448,0,0,-1,-1,13,8,6323294.0,2304122.449,8983859,4987945,13000000.0,9151449.404,32000000,5988002,Benign
80,17,21/02/2018 10:17:50,110971925,13,0,416,0,32,32,32.0,0.0,0,0,0.0,0.0,3.748695898,0.117146747,9247660.417,6279465.533,20000000,1999974,111000000,9247660.417,6279465.533,20000000,1999974,0,0.0,0.0,0,0,0,0,0,0,104,0,0.117146747,0.0,32,32,32.0,0.0,0.0,0,0,0,0,0,0,0,0,0,34.46153846,32.0,0.0,0,0,0,0,0,0,13,416,0,0,-1,-1,12,8,11000000.0,0.0,11000000,11000000,11900000.0,6122038.215,20000000,5012019,Benign
80,17,21/02/2018 10:17:53,119012043,20,0,640,0,32,32,32.0,0.0,0,0,0.0,0.0,5.377607038,0.16805022,6263791.737,3798523.104,14000000,1967995,119000000,6263791.737,3798523.104,14000000,1967995,0,0.0,0.0,0,0,0,0,0,0,160,0,0.16805022,0.0,32,32,32.0,0.0,0.0,0,0,0,0,0,0,0,0,0,33.6,32.0,0.0,0,0,0,0,0,0,20,640,0,0,-1,-1,19,8,8661338.667,11500000.0,22000000,1999982,9302802.7,2489465.138,14000000,6039998,Benign
80,17,21/02/2018 10:17:55,110944006,10,0,320,0,32,32,32.0,0.0,0,0,0.0,0.0,2.884337888,0.090135559,12300000.0,10500000.0,31000000,2003891,111000000,12300000.0,10500000.0,31000000,2003891,0,0.0,0.0,0,0,0,0,0,0,80,0,0.090135559,0.0,32,32,32.0,0.0,0.0,0,0,0,0,0,0,0,0,0,35.2,32.0,0.0,0,0,0,0,0,0,10,320,0,0,-1,-1,9,8,0.0,0.0,0,0,14800000.0,10600000.0,31000000,6964050,Benign
80,17,21/02/2018 10:17:40,118003973,11,0,352,0,32,32,32.0,0.0,0,0,0.0,0.0,2.982950413,0.0932172,11800000.0,7490202.36,23000000,2992084,118000000,11800000.0,7490202.36,23000000,2992084,0,0.0,0.0,0,0,0,0,0,0,88,0,0.0932172,0.0,32,32,32.0,0.0,0.0,0,0,0,0,0,0,0,0,0,34.90909091,32.0,0.0,0,0,0,0,0,0,11,352,0,0,-1,-1,10,8,3668024.0,585412.124,4012010,2992084,15300000.0,6066368.079,23000000,7020114,Benign
80,17,21/02/2018 10:18:02,119772866,117521,0,3760672,0,32,32,32.0,0.0,0,0,0.0,0.0,31398.36363,981.1988635,1019.170065,19800.14875,701196,1,120000000,1019.170065,19800.14875,701196,1,0,0.0,0.0,0,0,0,0,0,0,940168,0,981.1988635,0.0,32,32,32.0,0.0,0.0,0,0,0,0,0,0,0,0,0,32.00027229,32.0,0.0,0,0,0,0,0,0,117521,3760672,0,0,-1,-1,117520,8,0.0,0.0,0,0,0.0,0.0,0,0,DDOS attack-LOIC-UDP
80,17,21/02/2018 10:18:02,119783472,129424,0,4141568,0,32,32,32.0,0.0,0,0,0.0,0.0,34575.45462,1080.482957,925.5192045,18858.44877,677210,0,120000000,925.5192045,18858.44877,677210,0,0,0.0,0.0,0,0,0,0,0,0,1035392,0,1080.482957,0.0,32,32,32.0,0.0,0.0,0,0,0,0,0,0,0,0,0,32.00024725,32.0,0.0,0,0,0,0,0,0,129424,4141568,0,0,-1,-1,129423,8,0.0,0.0,0,0,0.0,0.0,0,0,DDOS attack-LOIC-UDP
80,17,21/02/2018 10:17:56,110991964,12,0,384,0,32,32,32.0,0.0,0,0,0.0,0.0,3.45970993,0.108115935,10100000.0,5730943.823,20000000,3996084,111000000,10100000.0,5730943.823,20000000,3996084,0,0.0,0.0,0,0,0,0,0,0,96,0,0.108115935,0.0,32,32,32.0,0.0,0.0,0,0,0,0,0,0,0,0,0,34.66666667,32.0,0.0,0,0,0,0,0,0,12,384,0,0,-1,-1,11,8,4497995.5,709810.0504,4999907,3996084,12100000.0,5424408.189,20000000,5003898,Benign
80,17,21/02/2018 10:17:59,108964096,14,0,448,0,32,32,32.0,0.0,0,0,0.0,0.0,4.111446031,0.128482688,8381853.538,2539981.522,14000000,3984153,109000000,8381853.538,2539981.522,14000000,3984153,0,0.0,0.0,0,0,0,0,0,0,112,0,0.128482688,0.0,32,32,32.0,0.0,0.0,0,0,0,0,0,0,0,0,0,34.28571429,32.0,0.0,0,0,0,0,0,0,14,448,0,0,-1,-1,13,8,3984153.0,0.0,3984153,3984153,8748328.583,2265685.85,14000000,5979909,Benign
80,17,21/02/2018 10:18:04,119671238,125174,0,4005568,0,32,32,32.0,0.0,0,0,0.0,0.0,33471.43446,1045.982327,956.0467353,19167.82198,676516,0,120000000,956.0467353,19167.82198,676516,0,0,0.0,0.0,0,0,0,0,0,0,1001392,0,1045.982327,0.0,32,32,32.0,0.0,0.0,0,0,0,0,0,0,0,0,0,32.00025564,32.0,0.0,0,0,0,0,0,0,125174,4005568,0,0,-1,-1,125173,8,0.0,0.0,0,0,0.0,0.0,0,0,DDOS attack-LOIC-UDP
80,17,21/02/2018 10:18:03,100999897,13,0,416,0,32,32,32.0,0.0,0,0,0.0,0.0,4.118816082,0.128713003,8416658.083,5460959.875,21100000,3003855,101000000,8416658.083,5460959.875,21100000,3003855,0,0.0,0.0,0,0,0,0,0,0,104,0,0.128713003,0.0,32,32,32.0,0.0,0.0,0,0,0,0,0,0,0,0,0,34.46153846,32.0,0.0,0,0,0,0,0,0,13,416,0,0,-1,-1,12,8,5993965.0,2819862.647,7987909,4000021,10500000.0,5618944.594,21100000,5012063,Benign
80,17,21/02/2018 10:18:04,119634826,137329,0,4394528,0,32,32,32.0,0.0,0,0,0.0,0.0,36732.84901,1147.901532,871.1612053,18285.7043,685133,0,120000000,871.1612053,18285.7043,685133,0,0,0.0,0.0,0,0,0,0,0,0,1098632,0,1147.901532,0.0,32,32,32.0,0.0,0.0,0,0,0,0,0,0,0,0,0,32.00023302,32.0,0.0,0,0,0,0,0,0,137329,4394528,0,0,-1,-1,137328,8,0.0,0.0,0,0,0.0,0.0,0,0,DDOS attack-LOIC-UDP
80,17,21/02/2018 10:17:56,111012101,12,0,384,0,32,32,32.0,0.0,0,0,0.0,0.0,3.459082357,0.108096324,10100000.0,8353440.226,25000000,863889,111000000,10100000.0,8353440.226,25000000,863889,0,0.0,0.0,0,0,0,0,0,0,96,0,0.108096324,0.0,32,32,32.0,0.0,0.0,0,0,0,0,0,0,0,0,0,34.66666667,32.0,0.0,0,0,0,0,0,0,12,384,0,0,-1,-1,11,8,2282033.333,1576766.667,3979965,863889,13000000.0,7939232.542,25000000,5000021,Benign
80,17,21/02/2018 10:18:06,119683921,123824,0,3962368,0,32,32,32.0,0.0,0,0,0.0,0.0,33106.93673,1034.591773,966.5726157,19213.43681,677677,0,120000000,966.5726157,19213.43681,677677,0,0,0.0,0.0,0,0,0,0,0,0,990592,0,1034.591773,0.0,32,32,32.0,0.0,0.0,0,0,0,0,0,0,0,0,0,32.00025843,32.0,0.0,0,0,0,0,0,0,123824,3962368,0,0,-1,-1,123823,8,0.0,0.0,0,0,0.0,0.0,0,0,DDOS attack-LOIC-UDP
80,17,21/02/2018 10:17:56,108003923,10,0,320,0,32,32,32.0,0.0,0,0,0.0,0.0,2.96285534,0.092589229,12000000.0,4819570.282,22000000,6991884,108000000,12000000.0,4819570.282,22000000,6991884,0,0.0,0.0,0,0,0,0,0,0,80,0,0.092589229,0.0,32,32,32.0,0.0,0.0,0,0,0,0,0,0,0,0,0,35.2,32.0,0.0,0,0,0,0,0,0,10,320,0,0,-1,-1,9,8,0.0,0.0,0,0,12000000.0,4819570.282,22000000,6991884,Benign
80,17,21/02/2018 10:18:07,119819680,133335,0,4266720,0,32,32,32.0,0.0,0,0,0.0,0.0,35609.50922,1112.797163,898.6431068,18491.07827,675864,0,120000000,898.6431068,18491.07827,675864,0,0,0.0,0.0,0,0,0,0,0,0,1066680,0,1112.797163,0.0,32,32,32.0,0.0,0.0,0,0,0,0,0,0,0,0,0,32.00024,32.0,0.0,0,0,0,0,0,0,133335,4266720,0,0,-1,-1,133334,8,0.0,0.0,0,0,0.0,0.0,0,0,DDOS attack-LOIC-UDP
80,17,21/02/2018 10:18:00,119987872,15,0,480,0,32,32,32.0,0.0,0,0,0.0,0.0,4.000404308,0.125012635,8570562.286,3839990.606,14000000,2981121,120000000,8570562.286,3839990.606,14000000,2981121,0,0.0,0.0,0,0,0,0,0,0,120,0,0.125012635,0.0,32,32,32.0,0.0,0.0,0,0,0,0,0,0,0,0,0,34.13333333,32.0,0.0,0,0,0,0,0,0,15,480,0,0,-1,-1,14,8,7972027.0,0.0,7972027,7972027,9728718.636,3466008.34,14000000,5000056,Benign
80,17,21/02/2018 10:17:58,100004094,10,0,320,0,32,32,32.0,0.0,0,0,0.0,0.0,3.199868997,0.099995906,11100000.0,8220158.23,25000000,1991859,100000000,11100000.0,8220158.23,25000000,1991859,0,0.0,0.0,0,0,0,0,0,0,80,0,0.099995906,0.0,32,32,32.0,0.0,0.0,0,0,0,0,0,0,0,0,0,35.2,32.0,0.0,0,0,0,0,0,0,10,320,0,0,-1,-1,9,8,2497934.0,715698.1286,3004009,1991859,13600000.0,7629651.892,25000000,6012402,Benign
80,17,21/02/2018 10:18:05,88987790,12,0,384,0,32,32,32.0,0.0,0,0,0.0,0.0,4.315198748,0.134849961,8089799.091,6300448.873,24000000,1000011,89000000,8089799.091,6300448.873,24000000,1000011,0,0.0,0.0,0,0,0,0,0,0,96,0,0.134849961,0.0,32,32,32.0,0.0,0.0,0,0,0,0,0,0,0,0,0,34.66666667,32.0,0.0,0,0,0,0,0,0,12,384,0,0,-1,-1,11,8,1995978.0,990080.9481,2980066,1000011,10400000.0,5877506.585,24000000,5991636,Benign
80,17,21/02/2018 10:17:54,115999931,12,0,384,0,32,32,32.0,0.0,0,0,0.0,0.0,3.310346797,0.103448337,10500000.0,10900000.0,34000000,987922,116000000,10500000.0,10900000.0,34000000,987922,0,0.0,0.0,0,0,0,0,0,0,96,0,0.103448337,0.0,32,32,32.0,0.0,0.0,0,0,0,0,0,0,0,0,0,34.66666667,32.0,0.0,0,0,0,0,0,0,12,384,0,0,-1,-1,11,8,4325305.667,563521.2875,4976004,3999929,14700000.0,11900000.0,34000000,5012011,Benign
80,17,21/02/2018 10:17:56,117972077,13,0,416,0,32,32,32.0,0.0,0,0,0.0,0.0,3.526258167,0.110195568,9831006.417,8545779.865,31000000,1959959,118000000,9831006.417,8545779.865,31000000,1959959,0,0.0,0.0,0,0,0,0,0,0,104,0,0.110195568,0.0,32,32,32.0,0.0,0.0,0,0,0,0,0,0,0,0,0,34.46153846,32.0,0.0,0,0,0,0,0,0,13,416,0,0,-1,-1,12,8,2745951.0,977403.9245,3999899,1959959,13400000.0,8445454.159,31000000,6000088,Benign
80,17,21/02/2018 10:18:08,119777523,124556,0,3985792,0,32,32,32.0,0.0,0,0,0.0,0.0,33276.62737,1039.894605,961.6436353,19132.82975,668171,1,120000000,961.6436353,19132.82975,668171,1,0,0.0,0.0,0,0,0,0,0,0,996448,0,1039.894605,0.0,32,32,32.0,0.0,0.0,0,0,0,0,0,0,0,0,0,32.00025691,32.0,0.0,0,0,0,0,0,0,124556,3985792,0,0,-1,-1,124555,8,0.0,0.0,0,0,0.0,0.0,0,0,DDOS attack-LOIC-UDP
80,17,21/02/2018 10:18:09,119999930,121891,0,3900512,0,32,32,32.0,0.0,0,0,0.0,0.0,32504.28563,1015.758926,984.4936418,19388.95165,678626,0,120000000,984.4936418,19388.95165,678626,0,0,0.0,0.0,0,0,0,0,0,0,975128,0,1015.758926,0.0,32,32,32.0,0.0,0.0,0,0,0,0,0,0,0,0,0,32.00026253,32.0,0.0,0,0,0,0,0,0,121891,3900512,0,0,-1,-1,121890,8,0.0,0.0,0,0,0.0,0.0,0,0,DDOS attack-LOIC-UDP
80,17,21/02/2018 10:18:06,104992094,16,0,512,0,32,32,32.0,0.0,0,0,0.0,0.0,4.876557658,0.152392427,6999472.933,5060029.965,17000000,1003967,105000000,6999472.933,5060029.965,17000000,1003967,0,0.0,0.0,0,0,0,0,0,0,128,0,0.152392427,0.0,32,32,32.0,0.0,0.0,0,0,0,0,0,0,0,0,0,34.0,32.0,0.0,0,0,0,0,0,0,16,512,0,0,-1,-1,15,8,4989343.0,2989993.705,7972014,1992080,11000000.0,3250651.389,17000000,6996061,Benign
80,17,21/02/2018 10:18:07,113964013,17,0,544,0,32,32,32.0,0.0,0,0,0.0,0.0,4.773436681,0.149169896,7122750.813,4948347.359,15000000,1963998,114000000,7122750.813,4948347.359,15000000,1963998,0,0.0,0.0,0,0,0,0,0,0,136,0,0.149169896,0.0,32,32,32.0,0.0,0.0,0,0,0,0,0,0,0,0,0,33.88235294,32.0,0.0,0,0,0,0,0,0,17,544,0,0,-1,-1,16,8,4328619.0,1500194.746,5961847,3011996,10800000.0,3336146.514,15000000,5027838,Benign
80,17,21/02/2018 10:18:10,119755367,133527,0,4272864,0,32,32,32.0,0.0,0,0,0.0,0.0,35679.93742,1114.998044,896.8692764,18516.96847,662789,0,120000000,896.8692764,18516.96847,662789,0,0,0.0,0.0,0,0,0,0,0,0,1068216,0,1114.998044,0.0,32,32,32.0,0.0,0.0,0,0,0,0,0,0,0,0,0,32.00023965,32.0,0.0,0,0,0,0,0,0,133527,4272864,0,0,-1,-1,133526,8,0.0,0.0,0,0,0.0,0.0,0,0,DDOS attack-LOIC-UDP
80,17,21/02/2018 10:17:48,106011970,14,0,448,0,32,32,32.0,0.0,0,0,0.0,0.0,4.225937882,0.132060559,8154766.923,7984732.535,32000000,984004,106000000,8154766.923,7984732.535,32000000,984004,0,0.0,0.0,0,0,0,0,0,0,112,0,0.132060559,0.0,32,32,32.0,0.0,0.0,0,0,0,0,0,0,0,0,0,34.28571429,32.0,0.0,0,0,0,0,0,0,14,448,0,0,-1,-1,13,8,5961230.333,2661700.153,8983848,3967755,12600000.0,8724493.513,32000000,6020082,Benign
80,17,21/02/2018 10:18:10,112007944,13,0,416,0,32,32,32.0,0.0,0,0,0.0,0.0,3.714022284,0.116063196,9333995.333,5806781.486,21000000,999988,112000000,9333995.333,5806781.486,21000000,999988,0,0.0,0.0,0,0,0,0,0,0,104,0,0.116063196,0.0,32,32,32.0,0.0,0.0,0,0,0,0,0,0,0,0,0,34.46153846,32.0,0.0,0,0,0,0,0,0,13,416,0,0,-1,-1,12,8,4984101.0,0.0,4984101,4984101,11300000.0,5220231.322,21000000,6991849,Benign
80,17,21/02/2018 10:18:11,119734457,125685,0,4021920,0,32,32,32.0,0.0,0,0,0.0,0.0,33590.33064,1049.697833,952.6626858,19086.63696,668317,0,120000000,952.6626858,19086.63696,668317,0,0,0.0,0.0,0,0,0,0,0,0,1005480,0,1049.697833,0.0,32,32,32.0,0.0,0.0,0,0,0,0,0,0,0,0,0,32.0002546,32.0,0.0,0,0,0,0,0,0,125685,4021920,0,0,-1,-1,125684,8,0.0,0.0,0,0,0.0,0.0,0,0,DDOS attack-LOIC-UDP
80,17,21/02/2018 10:18:05,119968305,13,0,416,0,32,32,32.0,0.0,0,0,0.0,0.0,3.467582542,0.108361954,9997358.75,5486887.058,17000000,1000120,120000000,9997358.75,5486887.058,17000000,1000120,0,0.0,0.0,0,0,0,0,0,0,104,0,0.108361954,0.0,32,32,32.0,0.0,0.0,0,0,0,0,0,0,0,0,0,34.46153846,32.0,0.0,0,0,0,0,0,0,13,416,0,0,-1,-1,12,8,4497961.0,709846.1129,4999898,3996024,12300000.0,3988074.143,17000000,5007953,Benign
80,17,21/02/2018 10:18:05,106987884,15,0,480,0,32,32,32.0,0.0,0,0,0.0,0.0,4.48648933,0.140202792,7641991.714,5598046.306,20000000,2003901,107000000,7641991.714,5598046.306,20000000,2003901,0,0.0,0.0,0,0,0,0,0,0,120,0,0.140202792,0.0,32,32,32.0,0.0,0.0,0,0,0,0,0,0,0,0,0,34.13333333,32.0,0.0,0,0,0,0,0,0,15,480,0,0,-1,-1,14,8,4659979.667,1538432.645,6000022,2980013,10300000.0,5291025.993,20000000,5016098,Benign
80,17,21/02/2018 10:18:02,118988048,13,0,416,0,32,32,32.0,0.0,0,0,0.0,0.0,3.496149462,0.109254671,9915670.667,7997801.232,29000000,1044051,119000000,9915670.667,7997801.232,29000000,1044051,0,0.0,0.0,0,0,0,0,0,0,104,0,0.109254671,0.0,32,32,32.0,0.0,0.0,0,0,0,0,0,0,0,0,0,34.46153846,32.0,0.0,0,0,0,0,0,0,13,416,0,0,-1,-1,12,8,5023972.0,0.0,5023972,5023972,11400000.0,7942491.155,29000000,6012021,Benign
80,17,21/02/2018 10:17:56,108984062,12,0,384,0,32,32,32.0,0.0,0,0,0.0,0.0,3.523450979,0.110107843,9907642.0,5756481.353,15000000,984028,109000000,9907642.0,5756481.353,15000000,984028,0,0.0,0.0,0,0,0,0,0,0,96,0,0.110107843,0.0,32,32,32.0,0.0,0.0,0,0,0,0,0,0,0,0,0,34.66666667,32.0,0.0,0,0,0,0,0,0,12,384,0,0,-1,-1,11,8,1322593.333,572720.0716,1983850,984028,13100000.0,1952640.489,15000000,9999917,Benign
80,17,21/02/2018 10:18:02,118968134,11,0,352,0,32,32,32.0,0.0,0,0,0.0,0.0,2.958775499,0.092461734,11900000.0,9876011.376,35000000,979993,119000000,11900000.0,9876011.376,35000000,979993,0,0.0,0.0,0,0,0,0,0,0,88,0,0.092461734,0.0,32,32,32.0,0.0,0.0,0,0,0,0,0,0,0,0,0,34.90909091,32.0,0.0,0,0,0,0,0,0,11,352,0,0,-1,-1,10,8,979993.0,0.0,979993,979993,13100000.0,9652729.881,35000000,5012053,Benign
80,17,21/02/2018 10:18:02,93000153,14,0,448,0,32,32,32.0,0.0,0,0,0.0,0.0,4.817196376,0.150537387,7153857.923,5141221.756,19000000,2000004,93000000,7153857.923,5141221.756,19000000,2000004,0,0.0,0.0,0,0,0,0,0,0,112,0,0.150537387,0.0,32,32,32.0,0.0,0.0,0,0,0,0,0,0,0,0,0,34.28571429,32.0,0.0,0,0,0,0,0,0,14,448,0,0,-1,-1,13,8,6347309.333,2091545.989,8034752,4007270,10600000.0,4756824.048,19000000,5000148,Benign
80,17,21/02/2018 10:18:10,119000208,16,0,512,0,32,32,32.0,0.0,0,0,0.0,0.0,4.302513488,0.134453547,7933347.2,6154004.092,23000000,995946,119000000,7933347.2,6154004.092,23000000,995946,0,0.0,0.0,0,0,0,0,0,0,128,0,0.134453547,0.0,32,32,32.0,0.0,0.0,0,0,0,0,0,0,0,0,0,34.0,32.0,0.0,0,0,0,0,0,0,16,512,0,0,-1,-1,15,8,5402394.2,2086679.56,9031983,3987960,11500000.0,6562825.835,23000000,5012033,Benign
80,17,21/02/2018 10:17:53,107987970,9,0,288,0,32,32,32.0,0.0,0,0,0.0,0.0,2.666963737,0.083342617,13500000.0,12600000.0,41000000,2996125,108000000,13500000.0,12600000.0,41000000,2996125,0,0.0,0.0,0,0,0,0,0,0,72,0,0.083342617,0.0,32,32,32.0,0.0,0.0,0,0,0,0,0,0,0,0,0,35.55555556,32.0,0.0,0,0,0,0,0,0,9,288,0,0,-1,-1,8,8,2996125.0,0.0,2996125,2996125,15000000.0,12800000.0,41000000,5008169,Benign
80,17,21/02/2018 10:18:10,105003491,13,0,416,0,32,32,32.0,0.0,0,0,0.0,0.0,3.961773042,0.123805408,8750290.917,6974040.497,24000000,1972084,105000000,8750290.917,6974040.497,24000000,1972084,0,0.0,0.0,0,0,0,0,0,0,104,0,0.123805408,0.0,32,32,32.0,0.0,0.0,0,0,0,0,0,0,0,0,0,34.46153846,32.0,0.0,0,0,0,0,0,0,13,416,0,0,-1,-1,12,8,7492050.5,3541182.982,9996045,4988056,12900000.0,6367014.835,24000000,8991997,Benign
80,17,21/02/2018 10:17:59,119972000,13,0,416,0,32,32,32.0,0.0,0,0,0.0,0.0,3.467475744,0.108358617,9997666.667,5133543.337,16000000,939962,120000000,9997666.667,5133543.337,16000000,939962,0,0.0,0.0,0,0,0,0,0,0,104,0,0.108358617,0.0,32,32,32.0,0.0,0.0,0,0,0,0,0,0,0,0,0,34.46153846,32.0,0.0,0,0,0,0,0,0,13,416,0,0,-1,-1,12,8,964023.0,34027.39252,988084,939962,11800000.0,3232279.18,16000000,5980047,Benign
80,17,21/02/2018 10:18:07,109020101,17,0,544,0,32,32,32.0,0.0,0,0,0.0,0.0,4.989905485,0.155934546,6813756.313,5013946.336,19000000,1000053,109000000,6813756.313,5013946.336,19000000,1000053,0,0.0,0.0,0,0,0,0,0,0,136,0,0.155934546,0.0,32,32,32.0,0.0,0.0,0,0,0,0,0,0,0,0,0,33.88235294,32.0,0.0,0,0,0,0,0,0,17,544,0,0,-1,-1,16,8,8326711.333,4165491.379,13000000,4992197,9337774.111,5388676.596,19000000,5000026,Benign
80,17,21/02/2018 10:18:12,117012023,11,0,352,0,32,32,32.0,0.0,0,0,0.0,0.0,3.00823788,0.094007434,11700000.0,10900000.0,32000000,1987949,117000000,11700000.0,10900000.0,32000000,1987949,0,0.0,0.0,0,0,0,0,0,0,88,0,0.094007434,0.0,32,32,32.0,0.0,0.0,0,0,0,0,0,0,0,0,0,34.90909091,32.0,0.0,0,0,0,0,0,0,11,352,0,0,-1,-1,10,8,2993258.667,1737685.809,4999764,1987949,15400000.0,11200000.0,32000000,5023944,Benign
80,17,21/02/2018 10:17:55,111003922,13,0,416,0,32,32,32.0,0.0,0,0,0.0,0.0,3.747615332,0.117112979,9250326.833,5576388.849,18000000,1020030,111000000,9250326.833,5576388.849,18000000,1020030,0,0.0,0.0,0,0,0,0,0,0,104,0,0.117112979,0.0,32,32,32.0,0.0,0.0,0,0,0,0,0,0,0,0,0,34.46153846,32.0,0.0,0,0,0,0,0,0,13,416,0,0,-1,-1,12,8,3543985.5,729807.0302,4060037,3027934,12400000.0,3804577.282,18000000,5003858,Benign
80,17,21/02/2018 10:18:13,86995945,8,0,256,0,32,32,32.0,0.0,0,0,0.0,0.0,2.942665891,0.091958309,12400000.0,14700000.0,45000000,1999970,87000000,12400000.0,14700000.0,45000000,1999970,0,0.0,0.0,0,0,0,0,0,0,64,0,0.091958309,0.0,32,32,32.0,0.0,0.0,0,0,0,0,0,0,0,0,0,36.0,32.0,0.0,0,0,0,0,0,0,8,256,0,0,-1,-1,7,8,1999970.0,0.0,1999970,1999970,14200000.0,15300000.0,45000000,5000046,Benign
80,17,21/02/2018 10:18:14,97999990,10,0,320,0,32,32,32.0,0.0,0,0,0.0,0.0,3.265306456,0.102040827,10900000.0,7330377.538,23000000,3983932,98000000,10900000.0,7330377.538,23000000,3983932,0,0.0,0.0,0,0,0,0,0,0,80,0,0.102040827,0.0,32,32,32.0,0.0,0.0,0,0,0,0,0,0,0,0,0,35.2,32.0,0.0,0,0,0,0,0,0,10,320,0,0,-1,-1,9,8,12000000.0,0.0,12000000,12000000,16400000.0,4674125.023,23000000,11000000,Benign
80,17,21/02/2018 10:18:24,115052165,11,0,352,0,32,32,32.0,0.0,0,0,0.0,0.0,3.059481758,0.095608805,11500000.0,13400000.0,46000000,999998,115000000,11500000.0,13400000.0,46000000,999998,0,0.0,0.0,0,0,0,0,0,0,88,0,0.095608805,0.0,32,32,32.0,0.0,0.0,0,0,0,0,0,0,0,0,0,34.90909091,32.0,0.0,0,0,0,0,0,0,11,352,0,0,-1,-1,10,8,4497033.5,4945555.032,7994069,999998,15200000.0,14700000.0,46000000,5991787,Benign
80,17,21/02/2018 10:18:15,110968120,15,0,480,0,32,32,32.0,0.0,0,0,0.0,0.0,4.325566658,0.135173958,7926294.286,5577234.315,20000000,1000064,111000000,7926294.286,5577234.315,20000000,1000064,0,0.0,0.0,0,0,0,0,0,0,120,0,0.135173958,0.0,32,32,32.0,0.0,0.0,0,0,0,0,0,0,0,0,0,34.13333333,32.0,0.0,0,0,0,0,0,0,15,480,0,0,-1,-1,14,8,5644828.667,2325063.797,6999995,2960117,11800000.0,4209902.079,20000000,7033744,Benign
80,17,21/02/2018 10:18:12,111984086,9,0,288,0,32,32,32.0,0.0,0,0,0.0,0.0,2.571793996,0.080368562,14000000.0,10400000.0,34000000,3003999,112000000,14000000.0,10400000.0,34000000,3003999,0,0.0,0.0,0,0,0,0,0,0,72,0,0.080368562,0.0,32,32,32.0,0.0,0.0,0,0,0,0,0,0,0,0,0,35.55555556,32.0,0.0,0,0,0,0,0,0,9,288,0,0,-1,-1,8,8,3987991.5,1391575.539,4971984,3003999,17300000.0,9887189.931,34000000,5016099,Benign
500,17,21/02/2018 10:15:19,23328782,2,0,1000,0,500,500,500.0,0.0,0,0,0.0,0.0,42.86550408,0.085731008,23300000.0,0.0,23300000,23300000,23300000,23300000.0,0.0,23300000,23300000,0,0.0,0.0,0,0,0,0,0,0,16,0,0.085731008,0.0,500,500,500.0,0.0,0.0,0,0,0,0,0,0,0,0,0,750.0,500.0,0.0,0,0,0,0,0,0,2,1000,0,0,-1,-1,1,8,0.0,0.0,0,0,23300000.0,0.0,23300000,23300000,Benign
80,17,21/02/2018 10:18:22,114029340,13,0,416,0,32,32,32.0,0.0,0,0,0.0,0.0,3.64818388,0.114005746,9502445.0,8152670.498,31000000,2003883,114000000,9502445.0,8152670.498,31000000,2003883,0,0.0,0.0,0,0,0,0,0,0,104,0,0.114005746,0.0,32,32,32.0,0.0,0.0,0,0,0,0,0,0,0,0,0,34.46153846,32.0,0.0,0,0,0,0,0,0,13,416,0,0,-1,-1,12,8,3000641.0,1409628.682,3997399,2003883,12400000.0,8681439.462,31000000,5012067,Benign
80,17,21/02/2018 10:18:24,115992109,16,0,512,0,32,32,32.0,0.0,0,0,0.0,0.0,4.414093376,0.137940418,7732807.267,5047469.375,17000000,1020062,116000000,7732807.267,5047469.375,17000000,1020062,0,0.0,0.0,0,0,0,0,0,0,128,0,0.137940418,0.0,32,32,32.0,0.0,0.0,0,0,0,0,0,0,0,0,0,34.0,32.0,0.0,0,0,0,0,0,0,16,512,0,0,-1,-1,15,8,3000145.0,1414398.824,4000276,2000014,10200000.0,4313635.402,17000000,5003888,Benign
80,17,21/02/2018 10:18:27,111991895,15,0,480,0,32,32,32.0,0.0,0,0,0.0,0.0,4.286024448,0.133938264,7999421.071,3410039.797,14000000,1028064,112000000,7999421.071,3410039.797,14000000,1028064,0,0.0,0.0,0,0,0,0,0,0,120,0,0.133938264,0.0,32,32,32.0,0.0,0.0,0,0,0,0,0,0,0,0,0,34.13333333,32.0,0.0,0,0,0,0,0,0,15,480,0,0,-1,-1,14,8,1516096.5,690182.1804,2004129,1028064,9079975.167,2187034.442,14000000,6967958,Benign
0,0,21/02/2018 10:17:47,112641504,3,0,0,0,0,0,0.0,0.0,0,0,0.0,0.0,0.0,0.026633167,56300000.0,4248.297541,56300000,56300000,113000000,56300000.0,4248.297541,56300000,56300000,0,0.0,0.0,0,0,0,0,0,0,0,0,0.026633167,0.0,0,0,0.0,0.0,0.0,0,0,0,0,0,0,0,0,0,0.0,0.0,0.0,0,0,0,0,0,0,3,0,0,0,-1,-1,0,0,0.0,0.0,0,0,56300000.0,4248.297541,56300000,56300000,Benign
80,17,21/02/2018 10:18:36,79999970,10,0,320,0,32,32,32.0,0.0,0,0,0.0,0.0,4.0000015,0.125000047,8888885.556,5500499.006,20000000,1059993,80000000,8888885.556,5500499.006,20000000,1059993,0,0.0,0.0,0,0,0,0,0,0,80,0,0.125000047,0.0,32,32,32.0,0.0,0.0,0,0,0,0,0,0,0,0,0,35.2,32.0,0.0,0,0,0,0,0,0,10,320,0,0,-1,-1,9,8,3350647.0,2045803.952,4995966,1059993,11700000.0,4373760.363,20000000,8952044,Benign
80,17,21/02/2018 10:18:26,110991986,18,0,576,0,32,32,32.0,0.0,0,0,0.0,0.0,5.189563866,0.162173871,6528940.353,4637719.569,17000000,999966,111000000,6528940.353,4637719.569,17000000,999966,0,0.0,0.0,0,0,0,0,0,0,144,0,0.162173871,0.0,32,32,32.0,0.0,0.0,0,0,0,0,0,0,0,0,0,33.77777778,32.0,0.0,0,0,0,0,0,0,18,576,0,0,-1,-1,17,8,3603967.2,1677502.811,5019915,999977,9297215.0,4032495.602,17000000,5007979,Benign
80,17,21/02/2018 10:18:39,108006603,15,0,480,0,32,32,32.0,0.0,0,0,0.0,0.0,4.444172733,0.138880398,7714757.357,5217364.602,18000000,982359,108000000,7714757.357,5217364.602,18000000,982359,0,0.0,0.0,0,0,0,0,0,0,120,0,0.138880398,0.0,32,32,32.0,0.0,0.0,0,0,0,0,0,0,0,0,0,34.13333333,32.0,0.0,0,0,0,0,0,0,15,480,0,0,-1,-1,14,8,6651532.0,2530428.091,9006477,3976147,11000000.0,4379668.313,18000000,5027965,Benign
80,17,21/02/2018 10:18:40,108008096,13,0,416,0,32,32,32.0,0.0,0,0,0.0,0.0,3.851563127,0.120361348,9000674.667,6024677.579,23000000,1999895,108000000,9000674.667,6024677.579,23000000,1999895,0,0.0,0.0,0,0,0,0,0,0,104,0,0.120361348,0.0,32,32,32.0,0.0,0.0,0,0,0,0,0,0,0,0,0,34.46153846,32.0,0.0,0,0,0,0,0,0,13,416,0,0,-1,-1,12,8,4674754.333,556631.7875,5000129,4032028,11700000.0,5517639.355,23000000,5019854,Benign
80,17,21/02/2018 10:18:40,104999972,10,0,320,0,32,32,32.0,0.0,0,0,0.0,0.0,3.04761986,0.095238121,11700000.0,12600000.0,43000000,2999988,105000000,11700000.0,12600000.0,43000000,2999988,0,0.0,0.0,0,0,0,0,0,0,80,0,0.095238121,0.0,32,32,32.0,0.0,0.0,0,0,0,0,0,0,0,0,0,35.2,32.0,0.0,0,0,0,0,0,0,10,320,0,0,-1,-1,9,8,6499919.0,2121413.682,7999985,4999853,15300000.0,14300000.0,43000000,5003993,Benign
80,17,21/02/2018 10:18:42,94992148,14,0,448,0,32,32,32.0,0.0,0,0,0.0,0.0,4.716179278,0.147380602,7307088.308,4344345.702,19000000,2009978,95000000,7307088.308,4344345.702,19000000,2009978,0,0.0,0.0,0,0,0,0,0,0,112,0,0.147380602,0.0,32,32,32.0,0.0,0.0,0,0,0,0,0,0,0,0,0,34.28571429,32.0,0.0,0,0,0,0,0,0,14,448,0,0,-1,-1,13,8,5002567.0,2936905.954,8996020,2009978,9372735.0,4340450.187,19000000,5004090,Benign
80,17,21/02/2018 10:18:35,118000022,15,0,480,0,32,32,32.0,0.0,0,0,0.0,0.0,4.067795852,0.12711862,8428573.0,8436339.484,31000000,1000000,118000000,8428573.0,8436339.484,31000000,1000000,0,0.0,0.0,0,0,0,0,0,0,120,0,0.12711862,0.0,32,32,32.0,0.0,0.0,0,0,0,0,0,0,0,0,0,34.13333333,32.0,0.0,0,0,0,0,0,0,15,480,0,0,-1,-1,14,8,3985295.333,1983956.461,5971934,2004032,13000000.0,8709021.915,31000000,5028047,Benign
80,17,21/02/2018 10:18:47,118000105,10,0,320,0,32,32,32.0,0.0,0,0,0.0,0.0,2.711861994,0.084745687,13100000.0,12900000.0,40000000,3999990,118000000,13100000.0,12900000.0,40000000,3999990,0,0.0,0.0,0,0,0,0,0,0,80,0,0.084745687,0.0,32,32,32.0,0.0,0.0,0,0,0,0,0,0,0,0,0,35.2,32.0,0.0,0,0,0,0,0,0,10,320,0,0,-1,-1,9,8,8500049.0,6352573.783,13000000,4008101,20200000.0,13900000.0,40000000,6000128,Benign
80,17,21/02/2018 10:18:31,112004081,13,0,416,0,32,32,32.0,0.0,0,0,0.0,0.0,3.71415038,0.116067199,9333673.417,5584781.831,21000000,1008015,112000000,9333673.417,5584781.831,21000000,1008015,0,0.0,0.0,0,0,0,0,0,0,104,0,0.116067199,0.0,32,32,32.0,0.0,0.0,0,0,0,0,0,0,0,0,0,34.46153846,32.0,0.0,0,0,0,0,0,0,13,416,0,0,-1,-1,12,8,2987948.0,2800048.101,4967881,1008015,10600000.0,5148933.494,21000000,5992129,Benign
80,17,21/02/2018 10:18:52,119930103,152936,0,4893952,0,32,32,32.0,0.0,0,0,0.0,0.0,40806.70222,1275.209444,784.190035,16506.28889,652379,0,120000000,784.190035,16506.28889,652379,0,0,0.0,0.0,0,0,0,0,0,0,1223488,0,1275.209444,0.0,32,32,32.0,0.0,0.0,0,0,0,0,0,0,0,0,0,32.00020924,32.0,0.0,0,0,0,0,0,0,152936,4893952,0,0,-1,-1,152935,8,0.0,0.0,0,0,0.0,0.0,0,0,DDOS attack-LOIC-UDP
80,17,21/02/2018 10:18:37,106015979,15,0,480,0,32,32,32.0,0.0,0,0,0.0,0.0,4.52761937,0.141488105,7572569.929,7386828.17,27000000,983704,106000000,7572569.929,7386828.17,27000000,983704,0,0.0,0.0,0,0,0,0,0,0,120,0,0.141488105,0.0,32,32,32.0,0.0,0.0,0,0,0,0,0,0,0,0,0,34.13333333,32.0,0.0,0,0,0,0,0,0,15,480,0,0,-1,-1,14,8,5983006.25,4243937.118,12000000,1979892,13700000.0,7689743.471,27000000,8000005,Benign
80,17,21/02/2018 10:18:52,119967488,132592,0,4242944,0,32,32,32.0,0.0,0,0,0.0,0.0,35367.44889,1105.232778,904.7935984,17744.897,651007,1,120000000,904.7935984,17744.897,651007,1,0,0.0,0.0,0,0,0,0,0,0,1060736,0,1105.232778,0.0,32,32,32.0,0.0,0.0,0,0,0,0,0,0,0,0,0,32.00024134,32.0,0.0,0,0,0,0,0,0,132592,4242944,0,0,-1,-1,132591,8,0.0,0.0,0,0,0.0,0.0,0,0,DDOS attack-LOIC-UDP
80,17,21/02/2018 10:18:54,119941652,153041,0,4897312,0,32,32,32.0,0.0,0,0,0.0,0.0,40830.78662,1275.962082,783.7274699,16509.52391,653109,1,120000000,783.7274699,16509.52391,653109,1,0,0.0,0.0,0,0,0,0,0,0,1224328,0,1275.962082,0.0,32,32,32.0,0.0,0.0,0,0,0,0,0,0,0,0,0,32.00020909,32.0,0.0,0,0,0,0,0,0,153041,4897312,0,0,-1,-1,153040,8,0.0,0.0,0,0,0.0,0.0,0,0,DDOS attack-LOIC-UDP
80,17,21/02/2018 10:18:54,119670397,135649,0,4340768,0,32,32,32.0,0.0,0,0,0.0,0.0,36272.69658,1133.521768,882.2127639,18533.6526,606328,0,120000000,882.2127639,18533.6526,606328,0,0,0.0,0.0,0,0,0,0,0,0,1085192,0,1133.521768,0.0,32,32,32.0,0.0,0.0,0,0,0,0,0,0,0,0,0,32.0002359,32.0,0.0,0,0,0,0,0,0,135649,4340768,0,0,-1,-1,135648,8,0.0,0.0,0,0,0.0,0.0,0,0,DDOS attack-LOIC-UDP
80,17,21/02/2018 10:18:55,119921091,135197,0,4326304,0,32,32,32.0,0.0,0,0,0.0,0.0,36076.25618,1127.383006,887.0165611,17569.34644,643847,0,120000000,887.0165611,17569.34644,643847,0,0,0.0,0.0,0,0,0,0,0,0,1081576,0,1127.383006,0.0,32,32,32.0,0.0,0.0,0,0,0,0,0,0,0,0,0,32.00023669,32.0,0.0,0,0,0,0,0,0,135197,4326304,0,0,-1,-1,135196,8,0.0,0.0,0,0,0.0,0.0,0,0,DDOS attack-LOIC-UDP
80,17,21/02/2018 10:18:55,119484245,119776,0,3832832,0,32,32,32.0,0.0,0,0,0.0,0.0,32078.13716,1002.441786,997.5724901,19731.22022,607504,1,119000000,997.5724901,19731.22022,607504,1,0,0.0,0.0,0,0,0,0,0,0,958208,0,1002.441786,0.0,32,32,32.0,0.0,0.0,0,0,0,0,0,0,0,0,0,32.00026717,32.0,0.0,0,0,0,0,0,0,119776,3832832,0,0,-1,-1,119775,8,0.0,0.0,0,0,0.0,0.0,0,0,DDOS attack-LOIC-UDP
80,17,21/02/2018 10:18:49,118980113,15,0,480,0,32,32,32.0,0.0,0,0,0.0,0.0,4.034287646,0.126071489,8498579.5,4650836.524,17000000,2983736,119000000,8498579.5,4650836.524,17000000,2983736,0,0.0,0.0,0,0,0,0,0,0,120,0,0.126071489,0.0,32,32,32.0,0.0,0.0,0,0,0,0,0,0,0,0,0,34.13333333,32.0,0.0,0,0,0,0,0,0,15,480,0,0,-1,-1,14,8,5001931.75,2716470.597,9012009,2983736,11000000.0,3903017.846,17000000,6004044,Benign
80,17,21/02/2018 10:18:55,119919676,152640,0,4884480,0,32,32,32.0,0.0,0,0,0.0,0.0,40731.26415,1272.852005,785.6424374,16562.42506,656843,0,120000000,785.6424374,16562.42506,656843,0,0,0.0,0.0,0,0,0,0,0,0,1221120,0,1272.852005,0.0,32,32,32.0,0.0,0.0,0,0,0,0,0,0,0,0,0,32.00020964,32.0,0.0,0,0,0,0,0,0,152640,4884480,0,0,-1,-1,152639,8,0.0,0.0,0,0,0.0,0.0,0,0,DDOS attack-LOIC-UDP
80,17,21/02/2018 10:18:48,118979956,13,0,416,0,32,32,32.0,0.0,0,0,0.0,0.0,3.49638724,0.109262101,9914996.333,7603012.907,21000000,900013,119000000,9914996.333,7603012.907,21000000,900013,0,0.0,0.0,0,0,0,0,0,0,104,0,0.109262101,0.0,32,32,32.0,0.0,0.0,0,0,0,0,0,0,0,0,0,34.46153846,32.0,0.0,0,0,0,0,0,0,13,416,0,0,-1,-1,12,8,2301360.0,1213643.527,3012061,900013,14000000.0,5739359.629,21000000,7979966,Benign
80,17,21/02/2018 10:18:57,119729411,132887,0,4252384,0,32,32,32.0,0.0,0,0,0.0,0.0,35516.62006,1109.894377,900.9934154,17685.7667,650563,1,120000000,900.9934154,17685.7667,650563,1,0,0.0,0.0,0,0,0,0,0,0,1063096,0,1109.894377,0.0,32,32,32.0,0.0,0.0,0,0,0,0,0,0,0,0,0,32.00024081,32.0,0.0,0,0,0,0,0,0,132887,4252384,0,0,-1,-1,132886,8,0.0,0.0,0,0,0.0,0.0,0,0,DDOS attack-LOIC-UDP
80,17,21/02/2018 10:18:56,119872160,132810,0,4249920,0,32,32,32.0,0.0,0,0,0.0,0.0,35453.77008,1107.930315,902.5906377,18806.9811,600340,1,120000000,902.5906377,18806.9811,600340,1,0,0.0,0.0,0,0,0,0,0,0,1062480,0,1107.930315,0.0,32,32,32.0,0.0,0.0,0,0,0,0,0,0,0,0,0,32.00024095,32.0,0.0,0,0,0,0,0,0,132810,4249920,0,0,-1,-1,132809,8,0.0,0.0,0,0,0.0,0.0,0,0,DDOS attack-LOIC-UDP
80,17,21/02/2018 10:18:58,119426582,152627,0,4884064,0,32,32,32.0,0.0,0,0,0.0,0.0,40895.95397,1277.998561,782.4786209,16455.77716,644705,0,119000000,782.4786209,16455.77716,644705,0,0,0.0,0.0,0,0,0,0,0,0,1221016,0,1277.998561,0.0,32,32,32.0,0.0,0.0,0,0,0,0,0,0,0,0,0,32.00020966,32.0,0.0,0,0,0,0,0,0,152627,4884064,0,0,-1,-1,152626,8,0.0,0.0,0,0,0.0,0.0,0,0,DDOS attack-LOIC-UDP
80,17,21/02/2018 10:18:58,119502537,117551,0,3761632,0,32,32,32.0,0.0,0,0,0.0,0.0,31477.42378,983.6694931,1016.610268,20015.31975,619823,1,120000000,1016.610268,20015.31975,619823,1,0,0.0,0.0,0,0,0,0,0,0,940408,0,983.6694931,0.0,32,32,32.0,0.0,0.0,0,0,0,0,0,0,0,0,0,32.00027222,32.0,0.0,0,0,0,0,0,0,117551,3761632,0,0,-1,-1,117550,8,0.0,0.0,0,0,0.0,0.0,0,0,DDOS attack-LOIC-UDP
80,17,21/02/2018 10:18:52,103011959,7,0,224,0,32,32,32.0,0.0,0,0,0.0,0.0,2.174504807,0.067953275,17200000.0,10500000.0,32000000,3999949,103000000,17200000.0,10500000.0,32000000,3999949,0,0.0,0.0,0,0,0,0,0,0,56,0,0.067953275,0.0,32,32,32.0,0.0,0.0,0,0,0,0,0,0,0,0,0,36.57142857,32.0,0.0,0,0,0,0,0,0,7,224,0,0,-1,-1,6,8,0.0,0.0,0,0,19800000.0,9194709.351,32000000,9007916,Benign
80,17,21/02/2018 10:18:59,119723332,136787,0,4377184,0,32,32,32.0,0.0,0,0,0.0,0.0,36560.82676,1142.525836,875.260129,18574.54399,620679,0,120000000,875.260129,18574.54399,620679,0,0,0.0,0.0,0,0,0,0,0,0,1094296,0,1142.525836,0.0,32,32,32.0,0.0,0.0,0,0,0,0,0,0,0,0,0,32.00023394,32.0,0.0,0,0,0,0,0,0,136787,4377184,0,0,-1,-1,136786,8,0.0,0.0,0,0,0.0,0.0,0,0,DDOS attack-LOIC-UDP
80,17,21/02/2018 10:18:59,119678288,131718,0,4214976,0,32,32,32.0,0.0,0,0,0.0,0.0,35219.22038,1100.600637,908.6016839,17762.28532,651281,1,120000000,908.6016839,17762.28532,651281,1,0,0.0,0.0,0,0,0,0,0,0,1053744,0,1100.600637,0.0,32,32,32.0,0.0,0.0,0,0,0,0,0,0,0,0,0,32.00024294,32.0,0.0,0,0,0,0,0,0,131718,4214976,0,0,-1,-1,131717,8,0.0,0.0,0,0,0.0,0.0,0,0,DDOS attack-LOIC-UDP
80,17,21/02/2018 10:18:16,105999918,12,0,384,0,32,32,32.0,0.0,0,0,0.0,0.0,3.622644312,0.113207635,9636356.182,6175085.833,20000000,2000098,106000000,9636356.182,6175085.833,20000000,2000098,0,0.0,0.0,0,0,0,0,0,0,96,0,0.113207635,0.0,32,32,32.0,0.0,0.0,0,0,0,0,0,0,0,0,0,34.66666667,32.0,0.0,0,0,0,0,0,0,12,384,0,0,-1,-1,11,8,6981300.0,3452567.785,11000000,4976021,14200000.0,4529357.788,20000000,7011976,Benign
80,17,21/02/2018 10:19:00,119643938,151556,0,4849792,0,32,32,32.0,0.0,0,0,0.0,0.0,40535.20873,1266.725273,789.4423675,16555.35886,649722,0,120000000,789.4423675,16555.35886,649722,0,0,0.0,0.0,0,0,0,0,0,0,1212448,0,1266.725273,0.0,32,32,32.0,0.0,0.0,0,0,0,0,0,0,0,0,0,32.00021114,32.0,0.0,0,0,0,0,0,0,151556,4849792,0,0,-1,-1,151555,8,0.0,0.0,0,0,0.0,0.0,0,0,DDOS attack-LOIC-UDP
80,17,21/02/2018 10:19:00,119573525,114543,0,3665376,0,32,32,32.0,0.0,0,0,0.0,0.0,30653.74212,957.9294413,1043.927337,20337.40443,598008,1,120000000,1043.927337,20337.40443,598008,1,0,0.0,0.0,0,0,0,0,0,0,916344,0,957.9294413,0.0,32,32,32.0,0.0,0.0,0,0,0,0,0,0,0,0,0,32.00027937,32.0,0.0,0,0,0,0,0,0,114543,3665376,0,0,-1,-1,114542,8,0.0,0.0,0,0,0.0,0.0,0,0,DDOS attack-LOIC-UDP
80,17,21/02/2018 10:19:01,119999718,147829,0,4730528,0,32,32,32.0,0.0,0,0,0.0,0.0,39421.15931,1231.911228,811.7522932,16982.96037,610203,0,120000000,811.7522932,16982.96037,610203,0,0,0.0,0.0,0,0,0,0,0,0,1182632,0,1231.911228,0.0,32,32,32.0,0.0,0.0,0,0,0,0,0,0,0,0,0,32.00021647,32.0,0.0,0,0,0,0,0,0,147829,4730528,0,0,-1,-1,147828,8,0.0,0.0,0,0,0.0,0.0,0,0,DDOS attack-LOIC-UDP
80,17,21/02/2018 10:19:01,119999730,133861,0,4283552,0,32,32,32.0,0.0,0,0,0.0,0.0,35696.34698,1115.510843,896.45697,17675.69624,650370,0,120000000,896.45697,17675.69624,650370,0,0,0.0,0.0,0,0,0,0,0,0,1070888,0,1115.510843,0.0,32,32,32.0,0.0,0.0,0,0,0,0,0,0,0,0,0,32.00023905,32.0,0.0,0,0,0,0,0,0,133861,4283552,0,0,-1,-1,133860,8,0.0,0.0,0,0,0.0,0.0,0,0,DDOS attack-LOIC-UDP
80,17,21/02/2018 10:19:01,119999994,134847,0,4315104,0,32,32,32.0,0.0,0,0,0.0,0.0,35959.2018,1123.725056,889.9039942,18766.13125,606245,0,120000000,889.9039942,18766.13125,606245,0,0,0.0,0.0,0,0,0,0,0,0,1078776,0,1123.725056,0.0,32,32,32.0,0.0,0.0,0,0,0,0,0,0,0,0,0,32.00023731,32.0,0.0,0,0,0,0,0,0,134847,4315104,0,0,-1,-1,134846,8,0.0,0.0,0,0,0.0,0.0,0,0,DDOS attack-LOIC-UDP
80,17,21/02/2018 10:19:02,119999957,131383,0,4204256,0,32,32,32.0,0.0,0,0,0.0,0.0,35035.47922,1094.858726,913.3668006,18012.0158,612865,0,120000000,913.3668006,18012.0158,612865,0,0,0.0,0.0,0,0,0,0,0,0,1051064,0,1094.858726,0.0,32,32,32.0,0.0,0.0,0,0,0,0,0,0,0,0,0,32.00024356,32.0,0.0,0,0,0,0,0,0,131383,4204256,0,0,-1,-1,131382,8,0.0,0.0,0,0,0.0,0.0,0,0,DDOS attack-LOIC-UDP
80,17,21/02/2018 10:19:02,119999979,119465,0,3822880,0,32,32,32.0,0.0,0,0,0.0,0.0,31857.33891,995.5418409,1004.486532,19955.36201,608157,0,120000000,1004.486532,19955.36201,608157,0,0,0.0,0.0,0,0,0,0,0,0,955720,0,995.5418409,0.0,32,32,32.0,0.0,0.0,0,0,0,0,0,0,0,0,0,32.00026786,32.0,0.0,0,0,0,0,0,0,119465,3822880,0,0,-1,-1,119464,8,0.0,0.0,0,0,0.0,0.0,0,0,DDOS attack-LOIC-UDP
80,17,21/02/2018 10:19:02,119572638,145541,0,4657312,0,32,32,32.0,0.0,0,0,0.0,0.0,38949.64666,1217.176458,821.5792085,17094.30889,608710,0,120000000,821.5792085,17094.30889,608710,0,0,0.0,0.0,0,0,0,0,0,0,1164328,0,1217.176458,0.0,32,32,32.0,0.0,0.0,0,0,0,0,0,0,0,0,0,32.00021987,32.0,0.0,0,0,0,0,0,0,145541,4657312,0,0,-1,-1,145540,8,0.0,0.0,0,0,0.0,0.0,0,0,DDOS attack-LOIC-UDP
80,17,21/02/2018 10:19:03,119506840,128075,0,4098400,0,32,32,32.0,0.0,0,0,0.0,0.0,34294.27136,1071.69598,933.1077346,19204.67247,610940,1,120000000,933.1077346,19204.67247,610940,1,0,0.0,0.0,0,0,0,0,0,0,1024600,0,1071.69598,0.0,32,32,32.0,0.0,0.0,0,0,0,0,0,0,0,0,0,32.00024985,32.0,0.0,0,0,0,0,0,0,128075,4098400,0,0,-1,-1,128074,8,0.0,0.0,0,0,0.0,0.0,0,0,DDOS attack-LOIC-UDP
80,17,21/02/2018 10:19:04,119841883,131066,0,4194112,0,32,32,32.0,0.0,0,0,0.0,0.0,34997.0469,1093.657716,914.3698394,18068.14375,611528,1,120000000,914.3698394,18068.14375,611528,1,0,0.0,0.0,0,0,0,0,0,0,1048528,0,1093.657716,0.0,32,32,32.0,0.0,0.0,0,0,0,0,0,0,0,0,0,32.00024415,32.0,0.0,0,0,0,0,0,0,131066,4194112,0,0,-1,-1,131065,8,0.0,0.0,0,0,0.0,0.0,0,0,DDOS attack-LOIC-UDP
80,17,21/02/2018 10:19:04,119548799,118993,0,3807776,0,32,32,32.0,0.0,0,0,0.0,0.0,31851.22755,995.3508609,1004.679298,19930.08508,615479,0,120000000,1004.679298,19930.08508,615479,0,0,0.0,0.0,0,0,0,0,0,0,951944,0,995.3508609,0.0,32,32,32.0,0.0,0.0,0,0,0,0,0,0,0,0,0,32.00026892,32.0,0.0,0,0,0,0,0,0,118993,3807776,0,0,-1,-1,118992,8,0.0,0.0,0,0,0.0,0.0,0,0,DDOS attack-LOIC-UDP
80,17,21/02/2018 10:19:05,119999972,145866,0,4667712,0,32,32,32.0,0.0,0,0,0.0,0.0,38897.60908,1215.550284,822.6783121,17162.94021,608271,0,120000000,822.6783121,17162.94021,608271,0,0,0.0,0.0,0,0,0,0,0,0,1166928,0,1215.550284,0.0,32,32,32.0,0.0,0.0,0,0,0,0,0,0,0,0,0,32.00021938,32.0,0.0,0,0,0,0,0,0,145866,4667712,0,0,-1,-1,145865,8,0.0,0.0,0,0,0.0,0.0,0,0,DDOS attack-LOIC-UDP
80,17,21/02/2018 10:19:05,119856329,128403,0,4108896,0,32,32,32.0,0.0,0,0,0.0,0.0,34281.84422,1071.307632,933.4459666,18259.84888,611686,0,120000000,933.4459666,18259.84888,611686,0,0,0.0,0.0,0,0,0,0,0,0,1027224,0,1071.307632,0.0,32,32,32.0,0.0,0.0,0,0,0,0,0,0,0,0,0,32.00024922,32.0,0.0,0,0,0,0,0,0,128403,4108896,0,0,-1,-1,128402,8,0.0,0.0,0,0,0.0,0.0,0,0,DDOS attack-LOIC-UDP
80,17,21/02/2018 10:19:07,119486702,75021,0,2400672,0,32,32,32.0,0.0,0,0,0.0,0.0,20091.54123,627.8606635,1592.731298,32254.53778,907577,0,119000000,1592.731298,32254.53778,907577,0,0,0.0,0.0,0,0,0,0,0,0,600168,0,627.8606635,0.0,32,32,32.0,0.0,0.0,0,0,0,0,0,0,0,0,0,32.00042655,32.0,0.0,0,0,0,0,0,0,75021,2400672,0,0,-1,-1,75020,8,0.0,0.0,0,0,0.0,0.0,0,0,DDOS attack-LOIC-UDP
80,17,21/02/2018 10:19:07,119830301,146020,0,4672640,0,32,32,32.0,0.0,0,0,0.0,0.0,38993.81009,1218.556565,820.6486896,17120.51265,612121,1,120000000,820.6486896,17120.51265,612121,1,0,0.0,0.0,0,0,0,0,0,0,1168160,0,1218.556565,0.0,32,32,32.0,0.0,0.0,0,0,0,0,0,0,0,0,0,32.00021915,32.0,0.0,0,0,0,0,0,0,146020,4672640,0,0,-1,-1,146019,8,0.0,0.0,0,0,0.0,0.0,0,0,DDOS attack-LOIC-UDP
80,17,21/02/2018 10:19:08,119822401,127340,0,4074880,0,32,32,32.0,0.0,0,0,0.0,0.0,34007.66439,1062.739512,940.9717447,18335.69836,613520,1,120000000,940.9717447,18335.69836,613520,1,0,0.0,0.0,0,0,0,0,0,0,1018720,0,1062.739512,0.0,32,32,32.0,0.0,0.0,0,0,0,0,0,0,0,0,0,32.0002513,32.0,0.0,0,0,0,0,0,0,127340,4074880,0,0,-1,-1,127339,8,0.0,0.0,0,0,0.0,0.0,0,0,DDOS attack-LOIC-UDP
80,17,21/02/2018 10:19:07,119954793,82812,0,2649984,0,32,32,32.0,0.0,0,0,0.0,0.0,22091.52243,690.3600759,1448.536946,30802.55062,911974,1,120000000,1448.536946,30802.55062,911974,1,0,0.0,0.0,0,0,0,0,0,0,662496,0,690.3600759,0.0,32,32,32.0,0.0,0.0,0,0,0,0,0,0,0,0,0,32.00038642,32.0,0.0,0,0,0,0,0,0,82812,2649984,0,0,-1,-1,82811,8,0.0,0.0,0,0,0.0,0.0,0,0,DDOS attack-LOIC-UDP
80,17,21/02/2018 10:19:09,119999809,83509,0,2672288,0,32,32,32.0,0.0,0,0,0.0,0.0,22269.10211,695.909441,1436.985786,30756.48956,917137,1,120000000,1436.985786,30756.48956,917137,1,0,0.0,0.0,0,0,0,0,0,0,668072,0,695.909441,0.0,32,32,32.0,0.0,0.0,0,0,0,0,0,0,0,0,0,32.00038319,32.0,0.0,0,0,0,0,0,0,83509,2672288,0,0,-1,-1,83508,8,0.0,0.0,0,0,0.0,0.0,0,0,DDOS attack-LOIC-UDP
80,17,21/02/2018 10:19:08,119658966,74283,0,2377056,0,32,32,32.0,0.0,0,0,0.0,0.0,19865.25606,620.789252,1610.874317,32526.92491,917050,1,120000000,1610.874317,32526.92491,917050,1,0,0.0,0.0,0,0,0,0,0,0,594264,0,620.789252,0.0,32,32,32.0,0.0,0.0,0,0,0,0,0,0,0,0,0,32.00043078,32.0,0.0,0,0,0,0,0,0,74283,2377056,0,0,-1,-1,74282,8,0.0,0.0,0,0,0.0,0.0,0,0,DDOS attack-LOIC-UDP
80,17,21/02/2018 10:19:09,119771533,150198,0,4806336,0,32,32,32.0,0.0,0,0,0.0,0.0,40129.20165,1254.037552,797.4295958,16866.30015,610785,1,120000000,797.4295958,16866.30015,610785,1,0,0.0,0.0,0,0,0,0,0,0,1201584,0,1254.037552,0.0,32,32,32.0,0.0,0.0,0,0,0,0,0,0,0,0,0,32.00021305,32.0,0.0,0,0,0,0,0,0,150198,4806336,0,0,-1,-1,150197,8,0.0,0.0,0,0,0.0,0.0,0,0,DDOS attack-LOIC-UDP
80,17,21/02/2018 10:19:09,119863811,72475,0,2319200,0,32,32,32.0,0.0,0,0,0.0,0.0,19348.62558,604.6445495,1653.887063,33073.67996,909647,1,120000000,1653.887063,33073.67996,909647,1,0,0.0,0.0,0,0,0,0,0,0,579800,0,604.6445495,0.0,32,32,32.0,0.0,0.0,0,0,0,0,0,0,0,0,0,32.00044153,32.0,0.0,0,0,0,0,0,0,72475,2319200,0,0,-1,-1,72474,8,0.0,0.0,0,0,0.0,0.0,0,0,DDOS attack-LOIC-UDP
80,17,21/02/2018 10:19:10,119762783,132167,0,4229344,0,32,32,32.0,0.0,0,0,0.0,0.0,35314.34302,1103.573219,906.154253,17936.88814,612764,1,120000000,906.154253,17936.88814,612764,1,0,0.0,0.0,0,0,0,0,0,0,1057336,0,1103.573219,0.0,32,32,32.0,0.0,0.0,0,0,0,0,0,0,0,0,0,32.00024212,32.0,0.0,0,0,0,0,0,0,132167,4229344,0,0,-1,-1,132166,8,0.0,0.0,0,0,0.0,0.0,0,0,DDOS attack-LOIC-UDP
80,17,21/02/2018 10:19:11,119862893,80458,0,2574656,0,32,32,32.0,0.0,0,0,0.0,0.0,21480.00883,671.2502759,1489.775818,31533.30699,915065,1,120000000,1489.775818,31533.30699,915065,1,0,0.0,0.0,0,0,0,0,0,0,643664,0,671.2502759,0.0,32,32,32.0,0.0,0.0,0,0,0,0,0,0,0,0,0,32.00039772,32.0,0.0,0,0,0,0,0,0,80458,2574656,0,0,-1,-1,80457,8,0.0,0.0,0,0,0.0,0.0,0,0,DDOS attack-LOIC-UDP
80,17,21/02/2018 10:19:12,119765110,140986,0,4511552,0,32,32,32.0,0.0,0,0,0.0,0.0,37670.00256,1177.18758,849.4883144,18014.62301,653341,0,120000000,849.4883144,18014.62301,653341,0,0,0.0,0.0,0,0,0,0,0,0,1127888,0,1177.18758,0.0,32,32,32.0,0.0,0.0,0,0,0,0,0,0,0,0,0,32.00022697,32.0,0.0,0,0,0,0,0,0,140986,4511552,0,0,-1,-1,140985,8,0.0,0.0,0,0,0.0,0.0,0,0,DDOS attack-LOIC-UDP
80,17,21/02/2018 10:19:13,119744716,119460,0,3822720,0,32,32,32.0,0.0,0,0,0.0,0.0,31923.91387,997.6223084,1002.391749,19573.3001,654896,1,120000000,1002.391749,19573.3001,654896,1,0,0.0,0.0,0,0,0,0,0,0,955680,0,997.6223084,0.0,32,32,32.0,0.0,0.0,0,0,0,0,0,0,0,0,0,32.00026787,32.0,0.0,0,0,0,0,0,0,119460,3822720,0,0,-1,-1,119459,8,0.0,0.0,0,0,0.0,0.0,0,0,DDOS attack-LOIC-UDP
80,17,21/02/2018 10:19:13,119985475,73619,0,2355808,0,32,32,32.0,0.0,0,0,0.0,0.0,19634.10988,613.5659337,1629.83883,33050.30402,911513,1,120000000,1629.83883,33050.30402,911513,1,0,0.0,0.0,0,0,0,0,0,0,588952,0,613.5659337,0.0,32,32,32.0,0.0,0.0,0,0,0,0,0,0,0,0,0,32.00043467,32.0,0.0,0,0,0,0,0,0,73619,2355808,0,0,-1,-1,73618,8,0.0,0.0,0,0,0.0,0.0,0,0,DDOS attack-LOIC-UDP
80,17,21/02/2018 10:19:14,119750320,135992,0,4351744,0,32,32,32.0,0.0,0,0,0.0,0.0,36340.14506,1135.629533,880.5753322,18355.83896,656140,0,120000000,880.5753322,18355.83896,656140,0,0,0.0,0.0,0,0,0,0,0,0,1087936,0,1135.629533,0.0,32,32,32.0,0.0,0.0,0,0,0,0,0,0,0,0,0,32.00023531,32.0,0.0,0,0,0,0,0,0,135992,4351744,0,0,-1,-1,135991,8,0.0,0.0,0,0,0.0,0.0,0,0,DDOS attack-LOIC-UDP
80,17,21/02/2018 10:19:14,119993995,83403,0,2668896,0,32,32,32.0,0.0,0,0,0.0,0.0,22241.91302,695.0597819,1438.742416,31135.22706,908165,1,120000000,1438.742416,31135.22706,908165,1,0,0.0,0.0,0,0,0,0,0,0,667224,0,695.0597819,0.0,32,32,32.0,0.0,0.0,0,0,0,0,0,0,0,0,0,32.00038368,32.0,0.0,0,0,0,0,0,0,83403,2668896,0,0,-1,-1,83402,8,0.0,0.0,0,0,0.0,0.0,0,0,DDOS attack-LOIC-UDP
80,17,21/02/2018 10:19:14,119845515,72254,0,2312128,0,32,32,32.0,0.0,0,0,0.0,0.0,19292.57011,602.8928158,1658.69258,33459.99699,916857,1,120000000,1658.69258,33459.99699,916857,1,0,0.0,0.0,0,0,0,0,0,0,578032,0,602.8928158,0.0,32,32,32.0,0.0,0.0,0,0,0,0,0,0,0,0,0,32.00044288,32.0,0.0,0,0,0,0,0,0,72254,2312128,0,0,-1,-1,72253,8,0.0,0.0,0,0,0.0,0.0,0,0,DDOS attack-LOIC-UDP
80,17,21/02/2018 10:19:15,119755802,121142,0,3876544,0,32,32,32.0,0.0,0,0,0.0,0.0,32370.40657,1011.575205,988.5654073,19436.70511,650404,0,120000000,988.5654073,19436.70511,650404,0,0,0.0,0.0,0,0,0,0,0,0,969136,0,1011.575205,0.0,32,32,32.0,0.0,0.0,0,0,0,0,0,0,0,0,0,32.00026415,32.0,0.0,0,0,0,0,0,0,121142,3876544,0,0,-1,-1,121141,8,0.0,0.0,0,0,0.0,0.0,0,0,DDOS attack-LOIC-UDP
80,17,21/02/2018 10:19:16,119891109,139201,0,4454432,0,32,32,32.0,0.0,0,0,0.0,0.0,37153.98112,1161.06191,861.2867026,18150.71032,658016,0,120000000,861.2867026,18150.71032,658016,0,0,0.0,0.0,0,0,0,0,0,0,1113608,0,1161.06191,0.0,32,32,32.0,0.0,0.0,0,0,0,0,0,0,0,0,0,32.00022988,32.0,0.0,0,0,0,0,0,0,139201,4454432,0,0,-1,-1,139200,8,0.0,0.0,0,0,0.0,0.0,0,0,DDOS attack-LOIC-UDP
80,17,21/02/2018 10:19:16,119968050,82002,0,2624064,0,32,32,32.0,0.0,0,0,0.0,0.0,21873.02369,683.5319904,1463.007158,31523.72651,906813,1,120000000,1463.007158,31523.72651,906813,1,0,0.0,0.0,0,0,0,0,0,0,656016,0,683.5319904,0.0,32,32,32.0,0.0,0.0,0,0,0,0,0,0,0,0,0,32.00039023,32.0,0.0,0,0,0,0,0,0,82002,2624064,0,0,-1,-1,82001,8,0.0,0.0,0,0,0.0,0.0,0,0,DDOS attack-LOIC-UDP
80,17,21/02/2018 10:19:15,117020247,12,0,384,0,32,32,32.0,0.0,0,0,0.0,0.0,3.281483417,0.102546357,10600000.0,8811345.455,29000000,3999872,117000000,10600000.0,8811345.455,29000000,3999872,0,0.0,0.0,0,0,0,0,0,0,96,0,0.102546357,0.0,32,32,32.0,0.0,0.0,0,0,0,0,0,0,0,0,0,34.66666667,32.0,0.0,0,0,0,0,0,0,12,384,0,0,-1,-1,11,8,4001315.333,2393.342711,4004078,3999872,13100000.0,9217211.073,29000000,5003922,Benign
80,17,21/02/2018 10:19:17,119907416,123111,0,3939552,0,32,32,32.0,0.0,0,0,0.0,0.0,32854.94869,1026.717147,973.9859963,19507.74758,670115,0,120000000,973.9859963,19507.74758,670115,0,0,0.0,0.0,0,0,0,0,0,0,984888,0,1026.717147,0.0,32,32,32.0,0.0,0.0,0,0,0,0,0,0,0,0,0,32.00025993,32.0,0.0,0,0,0,0,0,0,123111,3939552,0,0,-1,-1,123110,8,0.0,0.0,0,0,0.0,0.0,0,0,DDOS attack-LOIC-UDP
80,17,21/02/2018 10:19:18,119952160,119917,0,3837344,0,32,32,32.0,0.0,0,0,0.0,0.0,31990.62026,999.7068831,1000.301544,19581.88713,654982,1,120000000,1000.301544,19581.88713,654982,1,0,0.0,0.0,0,0,0,0,0,0,959336,0,999.7068831,0.0,32,32,32.0,0.0,0.0,0,0,0,0,0,0,0,0,0,32.00026685,32.0,0.0,0,0,0,0,0,0,119917,3837344,0,0,-1,-1,119916,8,0.0,0.0,0,0,0.0,0.0,0,0,DDOS attack-LOIC-UDP
80,17,21/02/2018 10:19:18,119921696,125486,0,4015552,0,32,32,32.0,0.0,0,0,0.0,0.0,33484.78327,1046.399477,955.6655855,19316.96231,695095,0,120000000,955.6655855,19316.96231,695095,0,0,0.0,0.0,0,0,0,0,0,0,1003888,0,1046.399477,0.0,32,32,32.0,0.0,0.0,0,0,0,0,0,0,0,0,0,32.00025501,32.0,0.0,0,0,0,0,0,0,125486,4015552,0,0,-1,-1,125485,8,0.0,0.0,0,0,0.0,0.0,0,0,DDOS attack-LOIC-UDP
80,17,21/02/2018 10:19:18,119953296,125486,0,4015552,0,32,32,32.0,0.0,0,0,0.0,0.0,33475.96218,1046.123818,955.9174085,19136.82191,672099,0,120000000,955.9174085,19136.82191,672099,0,0,0.0,0.0,0,0,0,0,0,0,1003888,0,1046.123818,0.0,32,32,32.0,0.0,0.0,0,0,0,0,0,0,0,0,0,32.00025501,32.0,0.0,0,0,0,0,0,0,125486,4015552,0,0,-1,-1,125485,8,0.0,0.0,0,0,0.0,0.0,0,0,DDOS attack-LOIC-UDP
80,17,21/02/2018 10:19:19,119899322,129035,0,4129120,0,32,32,32.0,0.0,0,0,0.0,0.0,34438.22643,1076.194576,929.2072012,19045.9527,680999,0,120000000,929.2072012,19045.9527,680999,0,0,0.0,0.0,0,0,0,0,0,0,1032280,0,1076.194576,0.0,32,32,32.0,0.0,0.0,0,0,0,0,0,0,0,0,0,32.00024799,32.0,0.0,0,0,0,0,0,0,129035,4129120,0,0,-1,-1,129034,8,0.0,0.0,0,0,0.0,0.0,0,0,DDOS attack-LOIC-UDP
80,17,21/02/2018 10:19:17,119979992,22,0,704,0,32,32,32.0,0.0,0,0,0.0,0.0,5.867644999,0.183363906,5713332.952,6275008.446,25000000,1004028,120000000,5713332.952,6275008.446,25000000,1004028,0,0.0,0.0,0,0,0,0,0,0,176,0,0.183363906,0.0,32,32,32.0,0.0,0.0,0,0,0,0,0,0,0,0,0,33.45454545,32.0,0.0,0,0,0,0,0,0,22,704,0,0,-1,-1,21,8,11300000.0,13700000.0,27000000,1999855,14000000.0,6321918.724,25000000,7015941,Benign
80,17,21/02/2018 10:19:20,119949479,141382,0,4524224,0,32,32,32.0,0.0,0,0,0.0,0.0,37717.74615,1178.679567,848.4130046,18022.27223,657761,0,120000000,848.4130046,18022.27223,657761,0,0,0.0,0.0,0,0,0,0,0,0,1131056,0,1178.679567,0.0,32,32,32.0,0.0,0.0,0,0,0,0,0,0,0,0,0,32.00022634,32.0,0.0,0,0,0,0,0,0,141382,4524224,0,0,-1,-1,141381,8,0.0,0.0,0,0,0.0,0.0,0,0,DDOS attack-LOIC-UDP
80,17,21/02/2018 10:19:20,119894114,127489,0,4079648,0,32,32,32.0,0.0,0,0,0.0,0.0,34027.09161,1063.346613,940.4345036,19157.77752,677025,0,120000000,940.4345036,19157.77752,677025,0,0,0.0,0.0,0,0,0,0,0,0,1019912,0,1063.346613,0.0,32,32,32.0,0.0,0.0,0,0,0,0,0,0,0,0,0,32.000251,32.0,0.0,0,0,0,0,0,0,127489,4079648,0,0,-1,-1,127488,8,0.0,0.0,0,0,0.0,0.0,0,0,DDOS attack-LOIC-UDP
80,17,21/02/2018 10:19:20,119939966,126026,0,4032832,0,32,32,32.0,0.0,0,0,0.0,0.0,33623.75474,1050.742336,951.7156596,19097.33268,662955,1,120000000,951.7156596,19097.33268,662955,1,0,0.0,0.0,0,0,0,0,0,0,1008208,0,1050.742336,0.0,32,32,32.0,0.0,0.0,0,0,0,0,0,0,0,0,0,32.00025392,32.0,0.0,0,0,0,0,0,0,126026,4032832,0,0,-1,-1,126025,8,0.0,0.0,0,0,0.0,0.0,0,0,DDOS attack-LOIC-UDP
80,17,21/02/2018 10:19:22,119901676,133510,0,4272320,0,32,32,32.0,0.0,0,0,0.0,0.0,35631.86223,1113.495695,898.0793505,18727.44744,681855,0,120000000,898.0793505,18727.44744,681855,0,0,0.0,0.0,0,0,0,0,0,0,1068080,0,1113.495695,0.0,32,32,32.0,0.0,0.0,0,0,0,0,0,0,0,0,0,32.00023968,32.0,0.0,0,0,0,0,0,0,133510,4272320,0,0,-1,-1,133509,8,0.0,0.0,0,0,0.0,0.0,0,0,DDOS attack-LOIC-UDP
80,17,21/02/2018 10:19:22,119951197,139592,0,4466944,0,32,32,32.0,0.0,0,0,0.0,0.0,37239.6784,1163.73995,859.3046615,18136.96259,660507,1,120000000,859.3046615,18136.96259,660507,1,0,0.0,0.0,0,0,0,0,0,0,1116736,0,1163.73995,0.0,32,32,32.0,0.0,0.0,0,0,0,0,0,0,0,0,0,32.00022924,32.0,0.0,0,0,0,0,0,0,139592,4466944,0,0,-1,-1,139591,8,0.0,0.0,0,0,0.0,0.0,0,0,DDOS attack-LOIC-UDP
80,17,21/02/2018 10:19:23,119868322,119473,0,3823136,0,32,32,32.0,0.0,0,0,0.0,0.0,31894.46499,996.7020311,1003.317279,19789.34312,676295,0,120000000,1003.317279,19789.34312,676295,0,0,0.0,0.0,0,0,0,0,0,0,955784,0,996.7020311,0.0,32,32,32.0,0.0,0.0,0,0,0,0,0,0,0,0,0,32.00026784,32.0,0.0,0,0,0,0,0,0,119473,3823136,0,0,-1,-1,119472,8,0.0,0.0,0,0,0.0,0.0,0,0,DDOS attack-LOIC-UDP
80,17,21/02/2018 10:19:24,83008116,11,0,352,0,32,32,32.0,0.0,0,0,0.0,0.0,4.240549201,0.132517163,8300811.6,5634970.119,21000000,2999907,83000000,8300811.6,5634970.119,21000000,2999907,0,0.0,0.0,0,0,0,0,0,0,88,0,0.132517163,0.0,32,32,32.0,0.0,0.0,0,0,0,0,0,0,0,0,0,34.90909091,32.0,0.0,0,0,0,0,0,0,11,352,0,0,-1,-1,10,8,3756015.0,504114.241,4015991,2999907,11300000.0,5427935.639,21000000,5000008,Benign
80,17,21/02/2018 10:19:23,119847450,134263,0,4296416,0,32,32,32.0,0.0,0,0,0.0,0.0,35849.03976,1120.282492,892.6386468,18673.97937,667554,0,120000000,892.6386468,18673.97937,667554,0,0,0.0,0.0,0,0,0,0,0,0,1074104,0,1120.282492,0.0,32,32,32.0,0.0,0.0,0,0,0,0,0,0,0,0,0,32.00023834,32.0,0.0,0,0,0,0,0,0,134263,4296416,0,0,-1,-1,134262,8,0.0,0.0,0,0,0.0,0.0,0,0,DDOS attack-LOIC-UDP
80,17,21/02/2018 10:19:24,119932734,100322,0,3210304,0,32,32,32.0,0.0,0,0,0.0,0.0,26767.53788,836.4855586,1195.489818,23264.27265,656383,0,120000000,1195.489818,23264.27265,656383,0,0,0.0,0.0,0,0,0,0,0,0,802576,0,836.4855586,0.0,32,32,32.0,0.0,0.0,0,0,0,0,0,0,0,0,0,32.00031897,32.0,0.0,0,0,0,0,0,0,100322,3210304,0,0,-1,-1,100321,8,0.0,0.0,0,0,0.0,0.0,0,0,DDOS attack-LOIC-UDP
80,17,21/02/2018 10:19:24,119811110,122442,0,3918144,0,32,32,32.0,0.0,0,0,0.0,0.0,32702.67674,1021.958648,978.5211653,19563.90223,678901,0,120000000,978.5211653,19563.90223,678901,0,0,0.0,0.0,0,0,0,0,0,0,979536,0,1021.958648,0.0,32,32,32.0,0.0,0.0,0,0,0,0,0,0,0,0,0,32.00026135,32.0,0.0,0,0,0,0,0,0,122442,3918144,0,0,-1,-1,122441,8,0.0,0.0,0,0,0.0,0.0,0,0,DDOS attack-LOIC-UDP
80,17,21/02/2018 10:19:25,119976041,111804,0,3577728,0,32,32,32.0,0.0,0,0,0.0,0.0,29820.35388,931.8860588,1073.102162,22062.95476,653606,1,120000000,1073.102162,22062.95476,653606,1,0,0.0,0.0,0,0,0,0,0,0,894432,0,931.8860588,0.0,32,32,32.0,0.0,0.0,0,0,0,0,0,0,0,0,0,32.00028622,32.0,0.0,0,0,0,0,0,0,111804,3577728,0,0,-1,-1,111803,8,0.0,0.0,0,0,0.0,0.0,0,0,DDOS attack-LOIC-UDP
80,17,21/02/2018 10:19:26,119758752,138521,0,4432672,0,32,32,32.0,0.0,0,0,0.0,0.0,37013.34496,1156.66703,864.5592839,18356.08486,681986,0,120000000,864.5592839,18356.08486,681986,0,0,0.0,0.0,0,0,0,0,0,0,1108168,0,1156.66703,0.0,32,32,32.0,0.0,0.0,0,0,0,0,0,0,0,0,0,32.00023101,32.0,0.0,0,0,0,0,0,0,138521,4432672,0,0,-1,-1,138520,8,0.0,0.0,0,0,0.0,0.0,0,0,DDOS attack-LOIC-UDP
80,17,21/02/2018 10:19:26,119993134,105538,0,3377216,0,32,32,32.0,0.0,0,0,0.0,0.0,28145.07703,879.5336573,1136.976928,22695.63922,639824,1,120000000,1136.976928,22695.63922,639824,1,0,0.0,0.0,0,0,0,0,0,0,844304,0,879.5336573,0.0,32,32,32.0,0.0,0.0,0,0,0,0,0,0,0,0,0,32.00030321,32.0,0.0,0,0,0,0,0,0,105538,3377216,0,0,-1,-1,105537,8,0.0,0.0,0,0,0.0,0.0,0,0,DDOS attack-LOIC-UDP
80,17,21/02/2018 10:19:27,119756937,124857,0,3995424,0,32,32,32.0,0.0,0,0,0.0,0.0,33362.77714,1042.586786,959.1604488,19349.97917,697007,0,120000000,959.1604488,19349.97917,697007,0,0,0.0,0.0,0,0,0,0,0,0,998856,0,1042.586786,0.0,32,32,32.0,0.0,0.0,0,0,0,0,0,0,0,0,0,32.00025629,32.0,0.0,0,0,0,0,0,0,124857,3995424,0,0,-1,-1,124856,8,0.0,0.0,0,0,0.0,0.0,0,0,DDOS attack-LOIC-UDP
80,17,21/02/2018 10:19:27,119999971,112029,0,3584928,0,32,32,32.0,0.0,0,0,0.0,0.0,29874.40722,933.5752256,1071.160522,22041.94076,647987,1,120000000,1071.160522,22041.94076,647987,1,0,0.0,0.0,0,0,0,0,0,0,896232,0,933.5752256,0.0,32,32,32.0,0.0,0.0,0,0,0,0,0,0,0,0,0,32.00028564,32.0,0.0,0,0,0,0,0,0,112029,3584928,0,0,-1,-1,112028,8,0.0,0.0,0,0,0.0,0.0,0,0,DDOS attack-LOIC-UDP
80,17,21/02/2018 10:19:28,119990704,102223,0,3271136,0,32,32,32.0,0.0,0,0,0.0,0.0,27261.57853,851.9243291,1173.824656,23076.5954,651952,1,120000000,1173.824656,23076.5954,651952,1,0,0.0,0.0,0,0,0,0,0,0,817784,0,851.9243291,0.0,32,32,32.0,0.0,0.0,0,0,0,0,0,0,0,0,0,32.00031304,32.0,0.0,0,0,0,0,0,0,102223,3271136,0,0,-1,-1,102222,8,0.0,0.0,0,0,0.0,0.0,0,0,DDOS attack-LOIC-UDP
80,17,21/02/2018 10:19:28,119805453,85617,0,2739744,0,32,32,32.0,0.0,0,0,0.0,0.0,22868.27462,714.6335818,1399.334856,29205.29532,837860,1,120000000,1399.334856,29205.29532,837860,1,0,0.0,0.0,0,0,0,0,0,0,684936,0,714.6335818,0.0,32,32,32.0,0.0,0.0,0,0,0,0,0,0,0,0,0,32.00037376,32.0,0.0,0,0,0,0,0,0,85617,2739744,0,0,-1,-1,85616,8,0.0,0.0,0,0,0.0,0.0,0,0,DDOS attack-LOIC-UDP
80,17,21/02/2018 10:19:24,119987972,13,0,416,0,32,32,32.0,0.0,0,0,0.0,0.0,3.467014177,0.108344193,9998997.667,9359568.254,33000000,1000029,120000000,9998997.667,9359568.254,33000000,1000029,0,0.0,0.0,0,0,0,0,0,0,104,0,0.108344193,0.0,32,32,32.0,0.0,0.0,0,0,0,0,0,0,0,0,0,34.46153846,32.0,0.0,0,0,0,0,0,0,13,416,0,0,-1,-1,12,8,4666641.667,3511833.757,7999928,1000029,13200000.0,9994240.31,33000000,5000010,Benign
80,17,21/02/2018 10:19:08,117002319,14,0,448,0,32,32,32.0,0.0,0,0,0.0,0.0,3.828983937,0.119655748,9000178.385,6264106.364,22000000,999872,117000000,9000178.385,6264106.364,22000000,999872,0,0.0,0.0,0,0,0,0,0,0,112,0,0.119655748,0.0,32,32,32.0,0.0,0.0,0,0,0,0,0,0,0,0,0,34.28571429,32.0,0.0,0,0,0,0,0,0,14,448,0,0,-1,-1,13,8,3999945.0,1357652.091,4959950,3039940,11800000.0,5439377.268,22000000,5999987,Benign
80,17,21/02/2018 10:19:29,119975848,114341,0,3658912,0,32,32,32.0,0.0,0,0,0.0,0.0,30497.07138,953.0334805,1049.290257,21808.80977,633963,1,120000000,1049.290257,21808.80977,633963,1,0,0.0,0.0,0,0,0,0,0,0,914728,0,953.0334805,0.0,32,32,32.0,0.0,0.0,0,0,0,0,0,0,0,0,0,32.00027986,32.0,0.0,0,0,0,0,0,0,114341,3658912,0,0,-1,-1,114340,8,0.0,0.0,0,0,0.0,0.0,0,0,DDOS attack-LOIC-UDP
80,17,21/02/2018 10:19:29,119825698,76068,0,2434176,0,32,32,32.0,0.0,0,0,0.0,0.0,20314.30687,634.8220897,1575.2652,30972.1234,836132,1,120000000,1575.2652,30972.1234,836132,1,0,0.0,0.0,0,0,0,0,0,0,608544,0,634.8220897,0.0,32,32,32.0,0.0,0.0,0,0,0,0,0,0,0,0,0,32.00042068,32.0,0.0,0,0,0,0,0,0,76068,2434176,0,0,-1,-1,76067,8,0.0,0.0,0,0,0.0,0.0,0,0,DDOS attack-LOIC-UDP
80,17,21/02/2018 10:19:30,119970258,102984,0,3295488,0,32,32,32.0,0.0,0,0,0.0,0.0,27469.20824,858.4127576,1164.95206,22987.53531,660173,1,120000000,1164.95206,22987.53531,660173,1,0,0.0,0.0,0,0,0,0,0,0,823872,0,858.4127576,0.0,32,32,32.0,0.0,0.0,0,0,0,0,0,0,0,0,0,32.00031073,32.0,0.0,0,0,0,0,0,0,102984,3295488,0,0,-1,-1,102983,8,0.0,0.0,0,0,0.0,0.0,0,0,DDOS attack-LOIC-UDP
80,17,21/02/2018 10:19:27,117992011,7,0,224,0,32,32,32.0,0.0,0,0,0.0,0.0,1.898433615,0.05932605,19700000.0,19300000.0,49000000,2007999,118000000,19700000.0,19300000.0,49000000,2007999,0,0.0,0.0,0,0,0,0,0,0,56,0,0.05932605,0.0,32,32,32.0,0.0,0.0,0,0,0,0,0,0,0,0,0,36.57142857,32.0,0.0,0,0,0,0,0,0,7,224,0,0,-1,-1,6,8,2007999.0,0.0,2007999,2007999,28000000.0,18600000.0,49000000,9964153,Benign
80,17,21/02/2018 10:19:25,108004018,13,0,416,0,32,32,32.0,0.0,0,0,0.0,0.0,3.851708554,0.120365892,9000334.833,3424415.307,18000000,5000153,108000000,9000334.833,3424415.307,18000000,5000153,0,0.0,0.0,0,0,0,0,0,0,104,0,0.120365892,0.0,32,32,32.0,0.0,0.0,0,0,0,0,0,0,0,0,0,34.46153846,32.0,0.0,0,0,0,0,0,0,13,416,0,0,-1,-1,12,8,0.0,0.0,0,0,9000334.833,3424415.307,18000000,5000153,Benign
80,17,21/02/2018 10:19:31,119965660,103870,0,3323840,0,32,32,32.0,0.0,0,0,0.0,0.0,27706.59537,865.8311053,1154.970781,22894.97164,649745,0,120000000,1154.970781,22894.97164,649745,0,0,0.0,0.0,0,0,0,0,0,0,830960,0,865.8311053,0.0,32,32,32.0,0.0,0.0,0,0,0,0,0,0,0,0,0,32.00030808,32.0,0.0,0,0,0,0,0,0,103870,3323840,0,0,-1,-1,103869,8,0.0,0.0,0,0,0.0,0.0,0,0,DDOS attack-LOIC-UDP
80,17,21/02/2018 10:19:31,119908602,89111,0,2851552,0,32,32,32.0,0.0,0,0,0.0,0.0,23781.04617,743.1576927,1345.624531,28641.05162,835241,0,120000000,1345.624531,28641.05162,835241,0,0,0.0,0.0,0,0,0,0,0,0,712888,0,743.1576927,0.0,32,32,32.0,0.0,0.0,0,0,0,0,0,0,0,0,0,32.0003591,32.0,0.0,0,0,0,0,0,0,89111,2851552,0,0,-1,-1,89110,8,0.0,0.0,0,0,0.0,0.0,0,0,DDOS attack-LOIC-UDP
80,17,21/02/2018 10:19:31,119940831,78334,0,2506688,0,32,32,32.0,0.0,0,0,0.0,0.0,20899.37162,653.1053633,1531.16606,30553.26992,841691,1,120000000,1531.16606,30553.26992,841691,1,0,0.0,0.0,0,0,0,0,0,0,626672,0,653.1053633,0.0,32,32,32.0,0.0,0.0,0,0,0,0,0,0,0,0,0,32.00040851,32.0,0.0,0,0,0,0,0,0,78334,2506688,0,0,-1,-1,78333,8,0.0,0.0,0,0,0.0,0.0,0,0,DDOS attack-LOIC-UDP
80,17,21/02/2018 10:19:32,119945281,113702,0,3638464,0,32,32,32.0,0.0,0,0,0.0,0.0,30334.36555,947.9489235,1054.918435,21874.88241,652385,1,120000000,1054.918435,21874.88241,652385,1,0,0.0,0.0,0,0,0,0,0,0,909616,0,947.9489235,0.0,32,32,32.0,0.0,0.0,0,0,0,0,0,0,0,0,0,32.00028144,32.0,0.0,0,0,0,0,0,0,113702,3638464,0,0,-1,-1,113701,8,0.0,0.0,0,0,0.0,0.0,0,0,DDOS attack-LOIC-UDP
80,17,21/02/2018 10:19:26,114998307,12,0,384,0,32,32,32.0,0.0,0,0,0.0,0.0,3.339179593,0.104349362,10500000.0,9343757.177,28000000,2983945,115000000,10500000.0,9343757.177,28000000,2983945,0,0.0,0.0,0,0,0,0,0,0,96,0,0.104349362,0.0,32,32,32.0,0.0,0.0,0,0,0,0,0,0,0,0,0,34.66666667,32.0,0.0,0,0,0,0,0,0,12,384,0,0,-1,-1,11,8,3994937.75,1155905.583,4999947,2983945,14100000.0,10100000.0,28000000,5014269,Benign
80,17,21/02/2018 10:19:32,119972364,89416,0,2861312,0,32,32,32.0,0.0,0,0,0.0,0.0,23849.75927,745.3049771,1341.747626,28631.58454,839008,1,120000000,1341.747626,28631.58454,839008,1,0,0.0,0.0,0,0,0,0,0,0,715328,0,745.3049771,0.0,32,32,32.0,0.0,0.0,0,0,0,0,0,0,0,0,0,32.00035788,32.0,0.0,0,0,0,0,0,0,89416,2861312,0,0,-1,-1,89415,8,0.0,0.0,0,0,0.0,0.0,0,0,DDOS attack-LOIC-UDP
80,17,21/02/2018 10:19:34,119899400,103019,0,3296608,0,32,32,32.0,0.0,0,0,0.0,0.0,27494.78313,859.2119727,1163.86845,22970.92157,657492,0,120000000,1163.86845,22970.92157,657492,0,0,0.0,0.0,0,0,0,0,0,0,824152,0,859.2119727,0.0,32,32,32.0,0.0,0.0,0,0,0,0,0,0,0,0,0,32.00031062,32.0,0.0,0,0,0,0,0,0,103019,3296608,0,0,-1,-1,103018,8,0.0,0.0,0,0,0.0,0.0,0,0,DDOS attack-LOIC-UDP
80,17,21/02/2018 10:19:34,119978540,79962,0,2558784,0,32,32,32.0,0.0,0,0,0.0,0.0,21327.01398,666.4691869,1500.463226,30246.02407,838624,0,120000000,1500.463226,30246.02407,838624,0,0,0.0,0.0,0,0,0,0,0,0,639696,0,666.4691869,0.0,32,32,32.0,0.0,0.0,0,0,0,0,0,0,0,0,0,32.00040019,32.0,0.0,0,0,0,0,0,0,79962,2558784,0,0,-1,-1,79961,8,0.0,0.0,0,0,0.0,0.0,0,0,DDOS attack-LOIC-UDP
80,17,21/02/2018 10:19:35,119999598,80125,0,2564000,0,32,32,32.0,0.0,0,0,0.0,0.0,21366.73825,667.7105702,1497.673581,30240.04799,841663,0,120000000,1497.673581,30240.04799,841663,0,0,0.0,0.0,0,0,0,0,0,0,641000,0,667.7105702,0.0,32,32,32.0,0.0,0.0,0,0,0,0,0,0,0,0,0,32.00039938,32.0,0.0,0,0,0,0,0,0,80125,2564000,0,0,-1,-1,80124,8,0.0,0.0,0,0,0.0,0.0,0,0,DDOS attack-LOIC-UDP
80,17,21/02/2018 10:19:35,119795141,139694,0,4470208,0,32,32,32.0,0.0,0,0,0.0,0.0,37315.43669,1166.107397,857.5600853,17013.13474,577695,1,120000000,857.5600853,17013.13474,577695,1,0,0.0,0.0,0,0,0,0,0,0,1117552,0,1166.107397,0.0,32,32,32.0,0.0,0.0,0,0,0,0,0,0,0,0,0,32.00022907,32.0,0.0,0,0,0,0,0,0,139694,4470208,0,0,-1,-1,139693,8,0.0,0.0,0,0,0.0,0.0,0,0,DDOS attack-LOIC-UDP
80,17,21/02/2018 10:19:36,119999962,89729,0,2871328,0,32,32,32.0,0.0,0,0,0.0,0.0,23927.74091,747.7419035,1337.374755,28573.60228,827383,1,120000000,1337.374755,28573.60228,827383,1,0,0.0,0.0,0,0,0,0,0,0,717832,0,747.7419035,0.0,32,32,32.0,0.0,0.0,0,0,0,0,0,0,0,0,0,32.00035663,32.0,0.0,0,0,0,0,0,0,89729,2871328,0,0,-1,-1,89728,8,0.0,0.0,0,0,0.0,0.0,0,0,DDOS attack-LOIC-UDP
80,17,21/02/2018 10:19:37,119999899,77351,0,2475232,0,32,32,32.0,0.0,0,0,0.0,0.0,20626.95069,644.5922092,1551.388481,30811.54419,839673,0,120000000,1551.388481,30811.54419,839673,0,0,0.0,0.0,0,0,0,0,0,0,618808,0,644.5922092,0.0,32,32,32.0,0.0,0.0,0,0,0,0,0,0,0,0,0,32.0004137,32.0,0.0,0,0,0,0,0,0,77351,2475232,0,0,-1,-1,77350,8,0.0,0.0,0,0,0.0,0.0,0,0,DDOS attack-LOIC-UDP
80,17,21/02/2018 10:19:37,119778775,155550,0,4977600,0,32,32,32.0,0.0,0,0,0.0,0.0,41556.61134,1298.644105,770.0388624,16126.94102,573973,0,120000000,770.0388624,16126.94102,573973,0,0,0.0,0.0,0,0,0,0,0,0,1244400,0,1298.644105,0.0,32,32,32.0,0.0,0.0,0,0,0,0,0,0,0,0,0,32.00020572,32.0,0.0,0,0,0,0,0,0,155550,4977600,0,0,-1,-1,155549,8,0.0,0.0,0,0,0.0,0.0,0,0,DDOS attack-LOIC-UDP
80,17,21/02/2018 10:19:38,119999986,137424,0,4397568,0,32,32,32.0,0.0,0,0,0.0,0.0,36646.40428,1145.200134,873.216172,17161.95147,593381,1,120000000,873.216172,17161.95147,593381,1,0,0.0,0.0,0,0,0,0,0,0,1099392,0,1145.200134,0.0,32,32,32.0,0.0,0.0,0,0,0,0,0,0,0,0,0,32.00023286,32.0,0.0,0,0,0,0,0,0,137424,4397568,0,0,-1,-1,137423,8,0.0,0.0,0,0,0.0,0.0,0,0,DDOS attack-LOIC-UDP
80,17,21/02/2018 10:19:38,119228830,90358,0,2891456,0,32,32,32.0,0.0,0,0,0.0,0.0,24251.31573,757.8536164,1319.53064,28370.43824,832543,1,119000000,1319.53064,28370.43824,832543,1,0,0.0,0.0,0,0,0,0,0,0,722864,0,757.8536164,0.0,32,32,32.0,0.0,0.0,0,0,0,0,0,0,0,0,0,32.00035415,32.0,0.0,0,0,0,0,0,0,90358,2891456,0,0,-1,-1,90357,8,0.0,0.0,0,0,0.0,0.0,0,0,DDOS attack-LOIC-UDP
80,17,21/02/2018 10:19:26,117000029,10,0,320,0,32,32,32.0,0.0,0,0,0.0,0.0,2.735042057,0.085470064,13000000.0,10400000.0,32000000,983852,117000000,13000000.0,10400000.0,32000000,983852,0,0.0,0.0,0,0,0,0,0,0,80,0,0.085470064,0.0,32,32,32.0,0.0,0.0,0,0,0,0,0,0,0,0,0,35.2,32.0,0.0,0,0,0,0,0,0,10,320,0,0,-1,-1,9,8,1482027.0,704525.8414,1980202,983852,16300000.0,9326757.681,32000000,5024029,Benign
80,17,21/02/2018 10:19:38,119981461,154684,0,4949888,0,32,32,32.0,0.0,0,0,0.0,0.0,41255.44029,1289.232509,775.6602923,16158.5133,599914,0,120000000,775.6602923,16158.5133,599914,0,0,0.0,0.0,0,0,0,0,0,0,1237472,0,1289.232509,0.0,32,32,32.0,0.0,0.0,0,0,0,0,0,0,0,0,0,32.00020687,32.0,0.0,0,0,0,0,0,0,154684,4949888,0,0,-1,-1,154683,8,0.0,0.0,0,0,0.0,0.0,0,0,DDOS attack-LOIC-UDP
80,17,21/02/2018 10:19:40,119874702,137494,0,4399808,0,32,32,32.0,0.0,0,0,0.0,0.0,36703.39051,1146.980953,871.8604002,17134.06064,565416,1,120000000,871.8604002,17134.06064,565416,1,0,0.0,0.0,0,0,0,0,0,0,1099952,0,1146.980953,0.0,32,32,32.0,0.0,0.0,0,0,0,0,0,0,0,0,0,32.00023274,32.0,0.0,0,0,0,0,0,0,137494,4399808,0,0,-1,-1,137493,8,0.0,0.0,0,0,0.0,0.0,0,0,DDOS attack-LOIC-UDP
80,17,21/02/2018 10:19:39,118987973,21,0,672,0,32,32,32.0,0.0,0,0,0.0,0.0,5.647629614,0.176488425,5949398.65,7867009.096,32000000,1967944,119000000,5949398.65,7867009.096,32000000,1967944,0,0.0,0.0,0,0,0,0,0,0,168,0,0.176488425,0.0,32,32,32.0,0.0,0.0,0,0,0,0,0,0,0,0,0,33.52380952,32.0,0.0,0,0,0,0,0,0,21,672,0,0,-1,-1,20,8,10700000.0,1151280.735,12000000,9983971,14500000.0,10400000.0,32000000,5040324,Benign
80,17,21/02/2018 10:19:41,119752465,154267,0,4936544,0,32,32,32.0,0.0,0,0,0.0,0.0,41222.90092,1288.215654,776.2725746,16169.61405,576116,0,120000000,776.2725746,16169.61405,576116,0,0,0.0,0.0,0,0,0,0,0,0,1234136,0,1288.215654,0.0,32,32,32.0,0.0,0.0,0,0,0,0,0,0,0,0,0,32.00020743,32.0,0.0,0,0,0,0,0,0,154267,4936544,0,0,-1,-1,154266,8,0.0,0.0,0,0,0.0,0.0,0,0,DDOS attack-LOIC-UDP
80,17,21/02/2018 10:19:41,119012121,11,0,352,0,32,32,32.0,0.0,0,0,0.0,0.0,2.957681932,0.09242756,11900000.0,8440098.696,32000000,2031988,119000000,11900000.0,8440098.696,32000000,2031988,0,0.0,0.0,0,0,0,0,0,0,88,0,0.09242756,0.0,32,32,32.0,0.0,0.0,0,0,0,0,0,0,0,0,0,34.90909091,32.0,0.0,0,0,0,0,0,0,11,352,0,0,-1,-1,10,8,7015962.0,0.0,7015962,7015962,14000000.0,8112111.427,32000000,6999965,Benign
80,17,21/02/2018 10:19:37,119995866,12,0,384,0,32,32,32.0,0.0,0,0,0.0,0.0,3.200110244,0.100003445,10900000.0,8349264.489,32000000,2000036,120000000,10900000.0,8349264.489,32000000,2000036,0,0.0,0.0,0,0,0,0,0,0,96,0,0.100003445,0.0,32,32,32.0,0.0,0.0,0,0,0,0,0,0,0,0,0,34.66666667,32.0,0.0,0,0,0,0,0,0,12,384,0,0,-1,-1,11,8,2000036.0,0.0,2000036,2000036,11800000.0,8231384.085,32000000,5011987,Benign
80,17,21/02/2018 10:19:32,105999957,14,0,448,0,32,32,32.0,0.0,0,0,0.0,0.0,4.226416809,0.132075525,8153842.846,7254497.703,24000000,1999892,106000000,8153842.846,7254497.703,24000000,1999892,0,0.0,0.0,0,0,0,0,0,0,112,0,0.132075525,0.0,32,32,32.0,0.0,0.0,0,0,0,0,0,0,0,0,0,34.28571429,32.0,0.0,0,0,0,0,0,0,14,448,0,0,-1,-1,13,8,6000074.5,60.1040764,6000117,6000032,13400000.0,5909860.129,24000000,7003909,Benign
80,17,21/02/2018 10:19:42,119814713,152629,0,4884128,0,32,32,32.0,0.0,0,0,0.0,0.0,40764.00867,1273.875271,785.0113544,16217.84501,574991,0,120000000,785.0113544,16217.84501,574991,0,0,0.0,0.0,0,0,0,0,0,0,1221032,0,1273.875271,0.0,32,32,32.0,0.0,0.0,0,0,0,0,0,0,0,0,0,32.00020966,32.0,0.0,0,0,0,0,0,0,152629,4884128,0,0,-1,-1,152628,8,0.0,0.0,0,0,0.0,0.0,0,0,DDOS attack-LOIC-UDP
80,17,21/02/2018 10:19:39,113988076,15,0,480,0,32,32,32.0,0.0,0,0,0.0,0.0,4.210966768,0.131592712,8142005.429,7884326.426,27000000,959838,114000000,8142005.429,7884326.426,27000000,959838,0,0.0,0.0,0,0,0,0,0,0,120,0,0.131592712,0.0,32,32,32.0,0.0,0.0,0,0,0,0,0,0,0,0,0,34.13333333,32.0,0.0,0,0,0,0,0,0,15,480,0,0,-1,-1,14,8,5979848.0,5685135.692,9999846,1959850,14600000.0,6099333.328,27000000,7960005,Benign
80,17,21/02/2018 10:19:43,119777400,137320,0,4394240,0,32,32,32.0,0.0,0,0,0.0,0.0,36686.72053,1146.460017,872.2565705,17102.97508,564094,0,120000000,872.2565705,17102.97508,564094,0,0,0.0,0.0,0,0,0,0,0,0,1098560,0,1146.460017,0.0,32,32,32.0,0.0,0.0,0,0,0,0,0,0,0,0,0,32.00023303,32.0,0.0,0,0,0,0,0,0,137320,4394240,0,0,-1,-1,137319,8,0.0,0.0,0,0,0.0,0.0,0,0,DDOS attack-LOIC-UDP
80,17,21/02/2018 10:19:36,116007928,14,0,448,0,32,32,32.0,0.0,0,0,0.0,0.0,3.861805031,0.120681407,8923686.769,3987637.546,18000000,2999851,116000000,8923686.769,3987637.546,18000000,2999851,0,0.0,0.0,0,0,0,0,0,0,112,0,0.120681407,0.0,32,32,32.0,0.0,0.0,0,0,0,0,0,0,0,0,0,34.28571429,32.0,0.0,0,0,0,0,0,0,14,448,0,0,-1,-1,13,8,2999851.0,0.0,2999851,2999851,9417339.75,3727037.441,18000000,5044025,Benign
80,17,21/02/2018 10:19:44,119880650,134927,0,4317664,0,32,32,32.0,0.0,0,0,0.0,0.0,36016.3546,1125.511081,888.49184,17210.93476,573401,0,120000000,888.49184,17210.93476,573401,0,0,0.0,0.0,0,0,0,0,0,0,1079416,0,1125.511081,0.0,32,32,32.0,0.0,0.0,0,0,0,0,0,0,0,0,0,32.00023717,32.0,0.0,0,0,0,0,0,0,134927,4317664,0,0,-1,-1,134926,8,0.0,0.0,0,0,0.0,0.0,0,0,DDOS attack-LOIC-UDP
80,17,21/02/2018 10:19:39,114968062,16,0,512,0,32,32,32.0,0.0,0,0,0.0,0.0,4.453410722,0.139169085,7664537.467,3698870.812,16000000,3980036,115000000,7664537.467,3698870.812,16000000,3980036,0,0.0,0.0,0,0,0,0,0,0,128,0,0.139169085,0.0,32,32,32.0,0.0,0.0,0,0,0,0,0,0,0,0,0,34.0,32.0,0.0,0,0,0,0,0,0,16,512,0,0,-1,-1,15,8,5982023.5,2831232.217,7984007,3980040,9000359.455,3434169.514,16000000,5000048,Benign
80,17,21/02/2018 10:19:45,119943241,159750,0,5112000,0,32,32,32.0,0.0,0,0,0.0,0.0,42620.15898,1331.879968,750.82311,15808.58405,559175,0,120000000,750.82311,15808.58405,559175,0,0,0.0,0.0,0,0,0,0,0,0,1278000,0,1331.879968,0.0,32,32,32.0,0.0,0.0,0,0,0,0,0,0,0,0,0,32.00020031,32.0,0.0,0,0,0,0,0,0,159750,5112000,0,0,-1,-1,159749,8,0.0,0.0,0,0,0.0,0.0,0,0,DDOS attack-LOIC-UDP
80,17,21/02/2018 10:19:43,107012028,8,0,256,0,32,32,32.0,0.0,0,0,0.0,0.0,2.392254448,0.074757952,15300000.0,9710279.405,29000000,999867,107000000,15300000.0,9710279.405,29000000,999867,0,0.0,0.0,0,0,0,0,0,0,64,0,0.074757952,0.0,32,32,32.0,0.0,0.0,0,0,0,0,0,0,0,0,0,36.0,32.0,0.0,0,0,0,0,0,0,8,256,0,0,-1,-1,7,8,0.0,0.0,0,0,17700000.0,8094197.985,29000000,11000000,Benign
80,17,21/02/2018 10:19:44,111988000,15,0,480,0,32,32,32.0,0.0,0,0,0.0,0.0,4.286173519,0.133942922,7999142.857,8287588.354,27000000,919862,112000000,7999142.857,8287588.354,27000000,919862,0,0.0,0.0,0,0,0,0,0,0,120,0,0.133942922,0.0,32,32,32.0,0.0,0.0,0,0,0,0,0,0,0,0,0,34.13333333,32.0,0.0,0,0,0,0,0,0,15,480,0,0,-1,-1,14,8,1710973.5,1526191.302,3999959,919862,15000000.0,5812023.257,27000000,11000000,Benign
80,17,21/02/2018 10:19:48,110988053,9,0,288,0,32,32,32.0,0.0,0,0,0.0,0.0,2.594873883,0.081089809,13900000.0,13700000.0,39000000,899858,111000000,13900000.0,13700000.0,39000000,899858,0,0.0,0.0,0,0,0,0,0,0,72,0,0.081089809,0.0,32,32,32.0,0.0,0.0,0,0,0,0,0,0,0,0,0,35.55555556,32.0,0.0,0,0,0,0,0,0,9,288,0,0,-1,-1,8,8,953299.3333,46281.58038,980071,899858,21600000.0,11400000.0,39000000,12100000,Benign
80,17,21/02/2018 10:19:47,111999988,18,0,576,0,32,32,32.0,0.0,0,0,0.0,0.0,5.142857694,0.160714303,6588234.588,8801523.38,28000000,1963967,112000000,6588234.588,8801523.38,28000000,1963967,0,0.0,0.0,0,0,0,0,0,0,144,0,0.160714303,0.0,32,32,32.0,0.0,0.0,0,0,0,0,0,0,0,0,0,33.77777778,32.0,0.0,0,0,0,0,0,0,18,576,0,0,-1,-1,17,8,6993953.5,3466476.238,12000000,3999822,21000000.0,7034000.511,28000000,14000000,Benign
80,17,21/02/2018 10:19:46,111999878,10,0,320,0,32,32,32.0,0.0,0,0,0.0,0.0,2.857145969,0.089285812,12400000.0,7857350.743,26000000,980039,112000000,12400000.0,7857350.743,26000000,980039,0,0.0,0.0,0,0,0,0,0,0,80,0,0.089285812,0.0,32,32,32.0,0.0,0.0,0,0,0,0,0,0,0,0,0,35.2,32.0,0.0,0,0,0,0,0,0,10,320,0,0,-1,-1,9,8,990022.5,14118.8011,1000006,980039,15700000.0,5107561.892,26000000,11000000,Benign
80,17,21/02/2018 10:19:51,114020046,11,0,352,0,32,32,32.0,0.0,0,0,0.0,0.0,3.087176443,0.096474264,11400000.0,3982553.011,18000000,6019898,114000000,11400000.0,3982553.011,18000000,6019898,0,0.0,0.0,0,0,0,0,0,0,88,0,0.096474264,0.0,32,32,32.0,0.0,0.0,0,0,0,0,0,0,0,0,0,34.90909091,32.0,0.0,0,0,0,0,0,0,11,352,0,0,-1,-1,10,8,0.0,0.0,0,0,11400000.0,3982553.011,18000000,6019898,Benign
80,17,21/02/2018 10:19:50,108002452,15,0,480,0,32,32,32.0,0.0,0,0,0.0,0.0,4.444343541,0.138885736,7714460.857,5285787.353,22000000,959904,108000000,7714460.857,5285787.353,22000000,959904,0,0.0,0.0,0,0,0,0,0,0,120,0,0.138885736,0.0,32,32,32.0,0.0,0.0,0,0,0,0,0,0,0,0,0,34.13333333,32.0,0.0,0,0,0,0,0,0,15,480,0,0,-1,-1,14,8,3319970.333,2104145.034,4999995,959904,8912958.273,5297398.164,22000000,5000006,Benign
80,17,21/02/2018 10:19:54,106007936,13,0,416,0,32,32,32.0,0.0,0,0,0.0,0.0,3.924234503,0.122632328,8833994.667,5732673.654,21000000,999992,106000000,8833994.667,5732673.654,21000000,999992,0,0.0,0.0,0,0,0,0,0,0,104,0,0.122632328,0.0,32,32,32.0,0.0,0.0,0,0,0,0,0,0,0,0,0,34.46153846,32.0,0.0,0,0,0,0,0,0,13,416,0,0,-1,-1,12,8,2001958.0,1416993.906,3003924,999992,11000000.0,4871595.625,21000000,6984146,Benign
80,17,21/02/2018 10:19:54,113991961,13,0,416,0,32,32,32.0,0.0,0,0,0.0,0.0,3.649380152,0.11404313,9499330.083,6653430.098,28000000,4979990,114000000,9499330.083,6653430.098,28000000,4979990,0,0.0,0.0,0,0,0,0,0,0,104,0,0.11404313,0.0,32,32,32.0,0.0,0.0,0,0,0,0,0,0,0,0,0,34.46153846,32.0,0.0,0,0,0,0,0,0,13,416,0,0,-1,-1,12,8,4979990.0,0.0,4979990,4979990,9910179.182,6816657.914,28000000,5007897,Benign
80,17,21/02/2018 10:19:40,116996132,15,0,480,0,32,32,32.0,0.0,0,0,0.0,0.0,4.102699737,0.128209367,8356866.571,6375293.952,22000000,2000022,117000000,8356866.571,6375293.952,22000000,2000022,0,0.0,0.0,0,0,0,0,0,0,120,0,0.128209367,0.0,32,32,32.0,0.0,0.0,0,0,0,0,0,0,0,0,0,34.13333333,32.0,0.0,0,0,0,0,0,0,15,480,0,0,-1,-1,14,8,4756008.75,4858305.244,12000000,2000022,12200000.0,5844869.161,22000000,6008151,Benign
80,17,21/02/2018 10:19:51,111000002,10,0,320,0,32,32,32.0,0.0,0,0,0.0,0.0,2.882882831,0.090090088,12300000.0,6863677.713,27000000,980098,111000000,12300000.0,6863677.713,27000000,980098,0,0.0,0.0,0,0,0,0,0,0,80,0,0.090090088,0.0,32,32,32.0,0.0,0.0,0,0,0,0,0,0,0,0,0,35.2,32.0,0.0,0,0,0,0,0,0,10,320,0,0,-1,-1,9,8,980098.0,0.0,980098,980098,13800000.0,5755402.7,27000000,7979928,Benign
80,17,21/02/2018 10:19:51,119003980,13,0,416,0,32,32,32.0,0.0,0,0,0.0,0.0,3.495681405,0.109240044,9916998.333,10400000.0,42100000,3008197,119000000,9916998.333,10400000.0,42100000,3008197,0,0.0,0.0,0,0,0,0,0,0,104,0,0.109240044,0.0,32,32,32.0,0.0,0.0,0,0,0,0,0,0,0,0,0,34.46153846,32.0,0.0,0,0,0,0,0,0,13,416,0,0,-1,-1,12,8,4000043.667,991852.0,4991901,3008197,11900000.0,11500000.0,42100000,5027949,Benign
80,17,21/02/2018 10:19:36,118987906,9,0,288,0,32,32,32.0,0.0,0,0,0.0,0.0,2.420414055,0.075637939,14900000.0,12800000.0,45000000,5000004,119000000,14900000.0,12800000.0,45000000,5000004,0,0.0,0.0,0,0,0,0,0,0,72,0,0.075637939,0.0,32,32,32.0,0.0,0.0,0,0,0,0,0,0,0,0,0,35.55555556,32.0,0.0,0,0,0,0,0,0,9,288,0,0,-1,-1,8,8,0.0,0.0,0,0,14900000.0,12800000.0,45000000,5000004,Benign
80,17,21/02/2018 10:19:55,93999824,12,0,384,0,32,32,32.0,0.0,0,0,0.0,0.0,4.085114032,0.127659813,8545438.545,3013557.828,14000000,4984005,94000000,8545438.545,3013557.828,14000000,4984005,0,0.0,0.0,0,0,0,0,0,0,96,0,0.127659813,0.0,32,32,32.0,0.0,0.0,0,0,0,0,0,0,0,0,0,34.66666667,32.0,0.0,0,0,0,0,0,0,12,384,0,0,-1,-1,11,8,4984005.0,0.0,4984005,4984005,8901581.9,2922387.115,14000000,5999987,Benign
80,17,21/02/2018 10:19:50,115008096,10,0,320,0,32,32,32.0,0.0,0,0,0.0,0.0,2.782412814,0.0869504,12800000.0,14500000.0,50000000,4000028,115000000,12800000.0,14500000.0,50000000,4000028,0,0.0,0.0,0,0,0,0,0,0,80,0,0.0869504,0.0,32,32,32.0,0.0,0.0,0,0,0,0,0,0,0,0,0,35.2,32.0,0.0,0,0,0,0,0,0,10,320,0,0,-1,-1,9,8,4334658.667,576201.5088,4999995,4000028,17000000.0,16500000.0,50000000,7000027,Benign
80,17,21/02/2018 10:19:53,119011998,13,0,416,0,32,32,32.0,0.0,0,0,0.0,0.0,3.495445896,0.109232684,9917666.5,7985216.676,29000000,1000005,119000000,9917666.5,7985216.676,29000000,1000005,0,0.0,0.0,0,0,0,0,0,0,104,0,0.109232684,0.0,32,32,32.0,0.0,0.0,0,0,0,0,0,0,0,0,0,34.46153846,32.0,0.0,0,0,0,0,0,0,13,416,0,0,-1,-1,12,8,1500003.5,707104.6599,2000002,1000005,12600000.0,7485480.155,29000000,5003947,Benign
80,17,21/02/2018 10:19:26,118999983,14,0,448,0,32,32,32.0,0.0,0,0,0.0,0.0,3.76470642,0.117647076,9153844.846,7532775.077,26000000,2000011,119000000,9153844.846,7532775.077,26000000,2000011,0,0.0,0.0,0,0,0,0,0,0,112,0,0.117647076,0.0,32,32,32.0,0.0,0.0,0,0,0,0,0,0,0,0,0,34.28571429,32.0,0.0,0,0,0,0,0,0,14,448,0,0,-1,-1,13,8,2964124.0,0.0,2964124,2964124,13900000.0,7496435.976,26000000,7000039,Benign
80,17,21/02/2018 10:19:55,101000034,13,0,416,0,32,32,32.0,0.0,0,0,0.0,0.0,4.118810495,0.128712828,8416669.5,5868926.186,19000000,1959954,101000000,8416669.5,5868926.186,19000000,1959954,0,0.0,0.0,0,0,0,0,0,0,104,0,0.128712828,0.0,32,32,32.0,0.0,0.0,0,0,0,0,0,0,0,0,0,34.46153846,32.0,0.0,0,0,0,0,0,0,13,416,0,0,-1,-1,12,8,1959954.0,0.0,1959954,1959954,11400000.0,4861926.334,19000000,5000029,Benign
80,17,21/02/2018 10:19:53,111967873,18,0,576,0,32,32,32.0,0.0,0,0,0.0,0.0,5.144332786,0.1607604,6586345.471,6278186.997,18000000,940008,112000000,6586345.471,6278186.997,18000000,940008,0,0.0,0.0,0,0,0,0,0,0,144,0,0.1607604,0.0,32,32,32.0,0.0,0.0,0,0,0,0,0,0,0,0,0,33.77777778,32.0,0.0,0,0,0,0,0,0,18,576,0,0,-1,-1,17,8,2374381.4,1963333.964,5012174,940008,12500000.0,3629058.773,18000000,6000098,Benign
80,17,21/02/2018 10:19:57,107988048,9,0,288,0,32,32,32.0,0.0,0,0,0.0,0.0,2.66696181,0.083342557,13500000.0,10500000.0,28000000,999977,108000000,13500000.0,10500000.0,28000000,999977,0,0.0,0.0,0,0,0,0,0,0,72,0,0.083342557,0.0,32,32,32.0,0.0,0.0,0,0,0,0,0,0,0,0,0,35.55555556,32.0,0.0,0,0,0,0,0,0,9,288,0,0,-1,-1,8,8,3499974.0,3535529.663,5999971,999977,20200000.0,6602399.239,28000000,11000000,Benign
80,17,21/02/2018 10:19:54,100939911,12,0,384,0,32,32,32.0,0.0,0,0,0.0,0.0,3.804243497,0.118882609,9176355.545,5877764.441,16000000,960048,101000000,9176355.545,5877764.441,16000000,960048,0,0.0,0.0,0,0,0,0,0,0,96,0,0.118882609,0.0,32,32,32.0,0.0,0.0,0,0,0,0,0,0,0,0,0,34.66666667,32.0,0.0,0,0,0,0,0,0,12,384,0,0,-1,-1,11,8,960049.0,1.414213562,960050,960048,12300000.0,3104424.614,16000000,5999824,Benign
80,17,21/02/2018 10:19:58,111011998,9,0,288,0,32,32,32.0,0.0,0,0,0.0,0.0,2.594314175,0.081072318,13900000.0,11900000.0,36000000,999972,111000000,13900000.0,11900000.0,36000000,999972,0,0.0,0.0,0,0,0,0,0,0,72,0,0.081072318,0.0,32,32,32.0,0.0,0.0,0,0,0,0,0,0,0,0,0,35.55555556,32.0,0.0,0,0,0,0,0,0,9,288,0,0,-1,-1,8,8,4499906.5,707039.606,4999859,3999954,20200000.0,10600000.0,36000000,7003981,Benign
80,17,21/02/2018 10:20:01,86000083,15,0,480,0,32,32,32.0,0.0,0,0,0.0,0.0,5.581389962,0.174418436,6142863.071,4858643.856,20000000,1999928,86000000,6142863.071,4858643.856,20000000,1999928,0,0.0,0.0,0,0,0,0,0,0,120,0,0.174418436,0.0,32,32,32.0,0.0,0.0,0,0,0,0,0,0,0,0,0,34.13333333,32.0,0.0,0,0,0,0,0,0,15,480,0,0,-1,-1,14,8,5676050.0,1516239.193,7004179,4024040,9427402.714,5015651.095,20000000,5007982,Benign
80,17,21/02/2018 10:19:51,101011952,12,0,384,0,32,32,32.0,0.0,0,0,0.0,0.0,3.801530338,0.118797823,9182904.727,4149955.004,16000000,4000018,101000000,9182904.727,4149955.004,16000000,4000018,0,0.0,0.0,0,0,0,0,0,0,96,0,0.118797823,0.0,32,32,32.0,0.0,0.0,0,0,0,0,0,0,0,0,0,34.66666667,32.0,0.0,0,0,0,0,0,0,12,384,0,0,-1,-1,11,8,4963942.0,0.0,4963942,4963942,11000000.0,3259861.119,16000000,5980016,Benign
80,17,21/02/2018 10:19:59,119000024,13,0,416,0,32,32,32.0,0.0,0,0,0.0,0.0,3.495797614,0.109243675,9916668.667,7780057.243,22000000,979962,119000000,9916668.667,7780057.243,22000000,979962,0,0.0,0.0,0,0,0,0,0,0,104,0,0.109243675,0.0,32,32,32.0,0.0,0.0,0,0,0,0,0,0,0,0,0,34.46153846,32.0,0.0,0,0,0,0,0,0,13,416,0,0,-1,-1,12,8,2669314.333,2082516.401,4996030,979962,13300000.0,7429370.544,22000000,5019999,Benign
80,17,21/02/2018 10:20:02,119735176,120379,0,3852128,0,32,32,32.0,0.0,0,0,0.0,0.0,32172.06613,1005.377066,994.6599545,19842.50417,719450,1,120000000,994.6599545,19842.50417,719450,1,0,0.0,0.0,0,0,0,0,0,0,963032,0,1005.377066,0.0,32,32,32.0,0.0,0.0,0,0,0,0,0,0,0,0,0,32.00026583,32.0,0.0,0,0,0,0,0,0,120379,3852128,0,0,-1,-1,120378,8,0.0,0.0,0,0,0.0,0.0,0,0,DDOS attack-LOIC-UDP
80,17,21/02/2018 10:20:03,119748378,130994,0,4191808,0,32,32,32.0,0.0,0,0,0.0,0.0,35005.13385,1093.910433,914.1586039,19020.99736,718165,0,120000000,914.1586039,19020.99736,718165,0,0,0.0,0.0,0,0,0,0,0,0,1047952,0,1093.910433,0.0,32,32,32.0,0.0,0.0,0,0,0,0,0,0,0,0,0,32.00024429,32.0,0.0,0,0,0,0,0,0,130994,4191808,0,0,-1,-1,130993,8,0.0,0.0,0,0,0.0,0.0,0,0,DDOS attack-LOIC-UDP
80,17,21/02/2018 10:20:03,118031934,13,0,416,0,32,32,32.0,0.0,0,0,0.0,0.0,3.524469912,0.110139685,9835994.5,7298613.558,25000000,1999934,118000000,9835994.5,7298613.558,25000000,1999934,0,0.0,0.0,0,0,0,0,0,0,104,0,0.110139685,0.0,32,32,32.0,0.0,0.0,0,0,0,0,0,0,0,0,0,34.46153846,32.0,0.0,0,0,0,0,0,0,13,416,0,0,-1,-1,12,8,5999931.5,5656850.714,9999929,1999934,11800000.0,7447564.848,25000000,5000072,Benign
80,17,21/02/2018 10:19:42,97000103,15,0,480,0,32,32,32.0,0.0,0,0,0.0,0.0,4.948448354,0.154639011,6928578.786,4474062.931,16000000,1991962,97000000,6928578.786,4474062.931,16000000,1991962,0,0.0,0.0,0,0,0,0,0,0,120,0,0.154639011,0.0,32,32,32.0,0.0,0.0,0,0,0,0,0,0,0,0,0,34.13333333,32.0,0.0,0,0,0,0,0,0,15,480,0,0,-1,-1,14,8,4674688.333,2288457.691,5999907,2032209,9997009.75,3373808.248,16000000,6999989,Benign
80,17,21/02/2018 10:20:04,119708526,118461,0,3790752,0,32,32,32.0,0.0,0,0,0.0,0.0,31666.51638,989.578637,1010.539642,19982.33193,718871,0,120000000,1010.539642,19982.33193,718871,0,0,0.0,0.0,0,0,0,0,0,0,947688,0,989.578637,0.0,32,32,32.0,0.0,0.0,0,0,0,0,0,0,0,0,0,32.00027013,32.0,0.0,0,0,0,0,0,0,118461,3790752,0,0,-1,-1,118460,8,0.0,0.0,0,0,0.0,0.0,0,0,DDOS attack-LOIC-UDP
80,17,21/02/2018 10:20:04,119716054,136897,0,4380704,0,32,32,32.0,0.0,0,0,0.0,0.0,36592.45234,1143.514136,874.503667,18609.54173,718783,1,120000000,874.503667,18609.54173,718783,1,0,0.0,0.0,0,0,0,0,0,0,1095176,0,1143.514136,0.0,32,32,32.0,0.0,0.0,0,0,0,0,0,0,0,0,0,32.00023375,32.0,0.0,0,0,0,0,0,0,136897,4380704,0,0,-1,-1,136896,8,0.0,0.0,0,0,0.0,0.0,0,0,DDOS attack-LOIC-UDP
80,17,21/02/2018 10:20:00,119991986,10,0,320,0,32,32,32.0,0.0,0,0,0.0,0.0,2.666844767,0.083338899,13300000.0,17200000.0,56000000,999960,120000000,13300000.0,17200000.0,56000000,999960,0,0.0,0.0,0,0,0,0,0,0,80,0,0.083338899,0.0,32,32,32.0,0.0,0.0,0,0,0,0,0,0,0,0,0,35.2,32.0,0.0,0,0,0,0,0,0,10,320,0,0,-1,-1,9,8,2991947.5,1402968.443,3983996,1999899,22200000.0,19200000.0,56000000,9007961,Benign
80,17,21/02/2018 10:20:04,104992026,10,0,320,0,32,32,32.0,0.0,0,0,0.0,0.0,3.04785051,0.095245328,11700000.0,10900000.0,31000000,2028048,105000000,11700000.0,10900000.0,31000000,2028048,0,0.0,0.0,0,0,0,0,0,0,80,0,0.095245328,0.0,32,32,32.0,0.0,0.0,0,0,0,0,0,0,0,0,0,35.2,32.0,0.0,0,0,0,0,0,0,10,320,0,0,-1,-1,9,8,2514020.0,687268.1933,2999992,2028048,14300000.0,11000000.0,31000000,5008000,Benign
80,17,21/02/2018 10:19:58,115011998,15,0,480,0,32,32,32.0,0.0,0,0,0.0,0.0,4.173477623,0.130421176,8215142.714,8853439.138,30000000,1999909,115000000,8215142.714,8853439.138,30000000,1999909,0,0.0,0.0,0,0,0,0,0,0,120,0,0.130421176,0.0,32,32,32.0,0.0,0.0,0,0,0,0,0,0,0,0,0,34.13333333,32.0,0.0,0,0,0,0,0,0,15,480,0,0,-1,-1,14,8,0.0,0.0,0,0,14400000.0,8930199.109,30000000,5000031,Benign
80,17,21/02/2018 10:20:06,119841765,122671,0,3925472,0,32,32,32.0,0.0,0,0,0.0,0.0,32755.45883,1023.608089,976.9443629,19661.02947,717770,1,120000000,976.9443629,19661.02947,717770,1,0,0.0,0.0,0,0,0,0,0,0,981368,0,1023.608089,0.0,32,32,32.0,0.0,0.0,0,0,0,0,0,0,0,0,0,32.00026086,32.0,0.0,0,0,0,0,0,0,122671,3925472,0,0,-1,-1,122670,8,0.0,0.0,0,0,0.0,0.0,0,0,DDOS attack-LOIC-UDP
80,17,21/02/2018 10:19:51,94991861,12,0,384,0,32,32,32.0,0.0,0,0,0.0,0.0,4.042451595,0.126326612,8635623.727,4291759.791,15000000,2011804,95000000,8635623.727,4291759.791,15000000,2011804,0,0.0,0.0,0,0,0,0,0,0,96,0,0.126326612,0.0,32,32,32.0,0.0,0.0,0,0,0,0,0,0,0,0,0,34.66666667,32.0,0.0,0,0,0,0,0,0,12,384,0,0,-1,-1,11,8,3334606.0,1145607.812,4003970,2011804,10600000.0,3062478.738,15000000,7000139,Benign
80,17,21/02/2018 10:19:57,117992061,17,0,544,0,32,32,32.0,0.0,0,0,0.0,0.0,4.610479683,0.14407749,7374503.813,6601813.516,24000000,980048,118000000,7374503.813,6601813.516,24000000,980048,0,0.0,0.0,0,0,0,0,0,0,136,0,0.14407749,0.0,32,32,32.0,0.0,0.0,0,0,0,0,0,0,0,0,0,33.88235294,32.0,0.0,0,0,0,0,0,0,17,544,0,0,-1,-1,16,8,6310593.333,3201915.023,9959895,3971931,10800000.0,7044886.414,24000000,5048049,Benign
80,17,21/02/2018 10:20:07,119996783,132742,0,4247744,0,32,32,32.0,0.0,0,0,0.0,0.0,35398.81565,1106.212989,903.9918563,18940.97225,719942,0,120000000,903.9918563,18940.97225,719942,0,0,0.0,0.0,0,0,0,0,0,0,1061936,0,1106.212989,0.0,32,32,32.0,0.0,0.0,0,0,0,0,0,0,0,0,0,32.00024107,32.0,0.0,0,0,0,0,0,0,132742,4247744,0,0,-1,-1,132741,8,0.0,0.0,0,0,0.0,0.0,0,0,DDOS attack-LOIC-UDP
80,17,21/02/2018 10:20:02,115040129,10,0,320,0,32,32,32.0,0.0,0,0,0.0,0.0,2.781638049,0.086926189,12800000.0,10100000.0,34000000,1999930,115000000,12800000.0,10100000.0,34000000,1999930,0,0.0,0.0,0,0,0,0,0,0,80,0,0.086926189,0.0,32,32,32.0,0.0,0.0,0,0,0,0,0,0,0,0,0,35.2,32.0,0.0,0,0,0,0,0,0,10,320,0,0,-1,-1,9,8,2000008.0,110.3086579,2000086,1999930,15900000.0,9211816.329,34000000,7019985,Benign
80,17,21/02/2018 10:20:04,85996036,10,0,320,0,32,32,32.0,0.0,0,0,0.0,0.0,3.721101749,0.11628443,9555115.111,5766541.421,22000000,3999978,86000000,9555115.111,5766541.421,22000000,3999978,0,0.0,0.0,0,0,0,0,0,0,80,0,0.11628443,0.0,32,32,32.0,0.0,0.0,0,0,0,0,0,0,0,0,0,35.2,32.0,0.0,0,0,0,0,0,0,10,320,0,0,-1,-1,9,8,4499971.5,707097.5888,4999965,3999978,11000000.0,5770795.736,22000000,5000015,Benign
80,17,21/02/2018 10:20:04,118991927,13,0,416,0,32,32,32.0,0.0,0,0,0.0,0.0,3.496035492,0.109251109,9915993.917,5539285.543,19000000,1000084,119000000,9915993.917,5539285.543,19000000,1000084,0,0.0,0.0,0,0,0,0,0,0,104,0,0.109251109,0.0,32,32,32.0,0.0,0.0,0,0,0,0,0,0,0,0,0,34.46153846,32.0,0.0,0,0,0,0,0,0,13,416,0,0,-1,-1,12,8,3326710.667,2078435.908,4999928,1000084,12100000.0,4404629.963,19000000,7995946,Benign
80,17,21/02/2018 10:20:08,119741835,124785,0,3993120,0,32,32,32.0,0.0,0,0,0.0,0.0,33347.7435,1042.116984,959.5928565,19464.82402,712099,1,120000000,959.5928565,19464.82402,712099,1,0,0.0,0.0,0,0,0,0,0,0,998280,0,1042.116984,0.0,32,32,32.0,0.0,0.0,0,0,0,0,0,0,0,0,0,32.00025644,32.0,0.0,0,0,0,0,0,0,124785,3993120,0,0,-1,-1,124784,8,0.0,0.0,0,0,0.0,0.0,0,0,DDOS attack-LOIC-UDP
80,17,21/02/2018 10:20:09,119669471,122137,0,3908384,0,32,32,32.0,0.0,0,0,0.0,0.0,32659.82516,1020.619536,979.8050616,19676.02922,721118,0,120000000,979.8050616,19676.02922,721118,0,0,0.0,0.0,0,0,0,0,0,0,977096,0,1020.619536,0.0,32,32,32.0,0.0,0.0,0,0,0,0,0,0,0,0,0,32.000262,32.0,0.0,0,0,0,0,0,0,122137,3908384,0,0,-1,-1,122136,8,0.0,0.0,0,0,0.0,0.0,0,0,DDOS attack-LOIC-UDP
80,17,21/02/2018 10:20:07,108988061,11,0,352,0,32,32,32.0,0.0,0,0,0.0,0.0,3.229711555,0.100928486,10900000.0,7621150.545,23000000,1960028,109000000,10900000.0,7621150.545,23000000,1960028,0,0.0,0.0,0,0,0,0,0,0,88,0,0.100928486,0.0,32,32,32.0,0.0,0.0,0,0,0,0,0,0,0,0,0,34.90909091,32.0,0.0,0,0,0,0,0,0,11,352,0,0,-1,-1,10,8,2972211.333,1008328.365,3976640,1960028,16300000.0,3879930.308,23000000,11000000,Benign
80,17,21/02/2018 10:20:10,119945086,129323,0,4138336,0,32,32,32.0,0.0,0,0,0.0,0.0,34501.92199,1078.185062,927.4917338,19124.4761,711517,0,120000000,927.4917338,19124.4761,711517,0,0,0.0,0.0,0,0,0,0,0,0,1034584,0,1078.185062,0.0,32,32,32.0,0.0,0.0,0,0,0,0,0,0,0,0,0,32.00024744,32.0,0.0,0,0,0,0,0,0,129323,4138336,0,0,-1,-1,129322,8,0.0,0.0,0,0,0.0,0.0,0,0,DDOS attack-LOIC-UDP
80,17,21/02/2018 10:20:07,112020001,9,0,288,0,32,32,32.0,0.0,0,0,0.0,0.0,2.570969447,0.080342795,14000000.0,9766398.849,29000000,1000046,112000000,14000000.0,9766398.849,29000000,1000046,0,0.0,0.0,0,0,0,0,0,0,72,0,0.080342795,0.0,32,32,32.0,0.0,0.0,0,0,0,0,0,0,0,0,0,35.55555556,32.0,0.0,0,0,0,0,0,0,9,288,0,0,-1,-1,8,8,1000046.0,0.0,1000046,1000046,15900000.0,8892525.314,29000000,7017861,Benign
80,17,21/02/2018 10:20:07,118007905,13,0,416,0,32,32,32.0,0.0,0,0,0.0,0.0,3.525187571,0.110162112,9833992.083,8183585.529,29000000,2019891,118000000,9833992.083,8183585.529,29000000,2019891,0,0.0,0.0,0,0,0,0,0,0,104,0,0.110162112,0.0,32,32,32.0,0.0,0.0,0,0,0,0,0,0,0,0,0,34.46153846,32.0,0.0,0,0,0,0,0,0,13,416,0,0,-1,-1,12,8,3499982.0,2093164.766,4980073,2019891,11100000.0,8406434.134,29000000,5016003,Benign
80,17,21/02/2018 10:20:08,116007921,11,0,352,0,32,32,32.0,0.0,0,0,0.0,0.0,3.034275565,0.094821111,11600000.0,5638084.282,17000000,2000126,116000000,11600000.0,5638084.282,17000000,2000126,0,0.0,0.0,0,0,0,0,0,0,88,0,0.094821111,0.0,32,32,32.0,0.0,0.0,0,0,0,0,0,0,0,0,0,34.90909091,32.0,0.0,0,0,0,0,0,0,11,352,0,0,-1,-1,10,8,2002068.5,2747.109845,2004011,2000126,14000000.0,2822187.725,17000000,8016005,Benign
80,17,21/02/2018 10:20:11,119928535,122891,0,3932512,0,32,32,32.0,0.0,0,0,0.0,0.0,32790.46142,1024.701919,975.9014973,19605.95117,713740,1,120000000,975.9014973,19605.95117,713740,1,0,0.0,0.0,0,0,0,0,0,0,983128,0,1024.701919,0.0,32,32,32.0,0.0,0.0,0,0,0,0,0,0,0,0,0,32.00026039,32.0,0.0,0,0,0,0,0,0,122891,3932512,0,0,-1,-1,122890,8,0.0,0.0,0,0,0.0,0.0,0,0,DDOS attack-LOIC-UDP
80,17,21/02/2018 10:19:58,119000004,16,0,512,0,32,32,32.0,0.0,0,0,0.0,0.0,4.302520864,0.134453777,7933333.6,5005892.652,21000000,1979898,119000000,7933333.6,5005892.652,21000000,1979898,0,0.0,0.0,0,0,0,0,0,0,128,0,0.134453777,0.0,32,32,32.0,0.0,0.0,0,0,0,0,0,0,0,0,0,34.0,32.0,0.0,0,0,0,0,0,0,16,512,0,0,-1,-1,15,8,5660022.667,5514298.52,12000000,1979898,10200000.0,4632775.308,21000000,5000118,Benign
80,17,21/02/2018 10:20:10,107008051,13,0,416,0,32,32,32.0,0.0,0,0,0.0,0.0,3.887557956,0.121486186,8917337.583,9118439.656,36000000,999902,107000000,8917337.583,9118439.656,36000000,999902,0,0.0,0.0,0,0,0,0,0,0,104,0,0.121486186,0.0,32,32,32.0,0.0,0.0,0,0,0,0,0,0,0,0,0,34.46153846,32.0,0.0,0,0,0,0,0,0,13,416,0,0,-1,-1,12,8,3479922.5,2093059.407,4959939,1999906,11100000.0,9552806.222,36000000,5000114,Benign
80,17,21/02/2018 10:20:07,107999901,10,0,320,0,32,32,32.0,0.0,0,0,0.0,0.0,2.962965679,0.092592677,12000000.0,16100000.0,52000000,1999958,108000000,12000000.0,16100000.0,52000000,1999958,0,0.0,0.0,0,0,0,0,0,0,80,0,0.092592677,0.0,32,32,32.0,0.0,0.0,0,0,0,0,0,0,0,0,0,35.2,32.0,0.0,0,0,0,0,0,0,10,320,0,0,-1,-1,9,8,4001302.667,2306.592581,4003966,3999952,23500000.0,19400000.0,52000000,9000211,Benign
80,17,21/02/2018 10:20:12,116991966,14,0,448,0,32,32,32.0,0.0,0,0,0.0,0.0,3.829322776,0.119666337,8999382.0,5991671.465,26000000,2980114,117000000,8999382.0,5991671.465,26000000,2980114,0,0.0,0.0,0,0,0,0,0,0,112,0,0.119666337,0.0,32,32,32.0,0.0,0.0,0,0,0,0,0,0,0,0,0,34.28571429,32.0,0.0,0,0,0,0,0,0,14,448,0,0,-1,-1,13,8,5990000.5,2814318.223,7980024,3999977,10500000.0,6064703.359,26000000,5007898,Benign
80,17,21/02/2018 10:20:12,116992100,16,0,512,0,32,32,32.0,0.0,0,0,0.0,0.0,4.376363874,0.136761371,7799473.333,8324605.759,31000000,2000087,117000000,7799473.333,8324605.759,31000000,2000087,0,0.0,0.0,0,0,0,0,0,0,128,0,0.136761371,0.0,32,32,32.0,0.0,0.0,0,0,0,0,0,0,0,0,0,34.0,32.0,0.0,0,0,0,0,0,0,16,512,0,0,-1,-1,15,8,7332079.0,6650576.57,15000000,2984160,13300000.0,9724948.739,31000000,5991914,Benign
80,17,21/02/2018 10:20:01,104987899,14,0,448,0,32,32,32.0,0.0,0,0,0.0,0.0,4.267158447,0.133348701,8075992.231,9418491.188,32000000,1999804,105000000,8075992.231,9418491.188,32000000,1999804,0,0.0,0.0,0,0,0,0,0,0,112,0,0.133348701,0.0,32,32,32.0,0.0,0.0,0,0,0,0,0,0,0,0,0,34.28571429,32.0,0.0,0,0,0,0,0,0,14,448,0,0,-1,-1,13,8,5658614.0,601595.3855,6011925,4963986,14700000.0,10700000.0,32000000,5000055,Benign
80,17,21/02/2018 10:20:11,119960192,12,0,384,0,32,32,32.0,0.0,0,0,0.0,0.0,3.201061899,0.100033184,10900000.0,8748215.369,31000000,1940045,120000000,10900000.0,8748215.369,31000000,1940045,0,0.0,0.0,0,0,0,0,0,0,96,0,0.100033184,0.0,32,32,32.0,0.0,0.0,0,0,0,0,0,0,0,0,0,34.66666667,32.0,0.0,0,0,0,0,0,0,12,384,0,0,-1,-1,11,8,3317323.333,1192759.641,4007926,1940045,13800000.0,8659840.559,31000000,5012173,Benign
80,17,21/02/2018 10:19:57,118992053,14,0,448,0,32,32,32.0,0.0,0,0,0.0,0.0,3.764957312,0.117654916,9153234.846,9389782.187,34000000,979766,119000000,9153234.846,9389782.187,34000000,979766,0,0.0,0.0,0,0,0,0,0,0,112,0,0.117654916,0.0,32,32,32.0,0.0,0.0,0,0,0,0,0,0,0,0,0,34.28571429,32.0,0.0,0,0,0,0,0,0,14,448,0,0,-1,-1,13,8,1983985.667,1001976.202,2988071,984132,12600000.0,9457381.423,34000000,5000029,Benign
80,17,21/02/2018 10:20:12,114007982,15,0,480,0,32,32,32.0,0.0,0,0,0.0,0.0,4.210231526,0.131569735,8143427.286,4930605.175,18000000,999971,114000000,8143427.286,4930605.175,18000000,999971,0,0.0,0.0,0,0,0,0,0,0,120,0,0.131569735,0.0,32,32,32.0,0.0,0.0,0,0,0,0,0,0,0,0,0,34.13333333,32.0,0.0,0,0,0,0,0,0,15,480,0,0,-1,-1,14,8,2989976.0,2814292.06,4979981,999971,9456582.364,4678839.184,18000000,5000060,Benign
80,17,21/02/2018 10:20:07,85991846,10,0,320,0,32,32,32.0,0.0,0,0,0.0,0.0,3.721283062,0.116290096,9554649.556,5268352.569,20000000,3000043,86000000,9554649.556,5268352.569,20000000,3000043,0,0.0,0.0,0,0,0,0,0,0,80,0,0.116290096,0.0,32,32,32.0,0.0,0.0,0,0,0,0,0,0,0,0,0,35.2,32.0,0.0,0,0,0,0,0,0,10,320,0,0,-1,-1,9,8,3985990.0,1394339.619,4971937,3000043,11100000.0,4836669.075,20000000,5999973,Benign
80,17,21/02/2018 10:20:17,117000047,13,0,416,0,32,32,32.0,0.0,0,0,0.0,0.0,3.555554127,0.111111066,9750003.917,8078597.641,28000000,1000003,117000000,9750003.917,8078597.641,28000000,1000003,0,0.0,0.0,0,0,0,0,0,0,104,0,0.111111066,0.0,32,32,32.0,0.0,0.0,0,0,0,0,0,0,0,0,0,34.46153846,32.0,0.0,0,0,0,0,0,0,13,416,0,0,-1,-1,12,8,5002772.5,7296.634875,5007932,4997613,13400000.0,7499201.868,28000000,5003979,Benign
80,17,21/02/2018 10:20:16,117999979,17,0,544,0,32,32,32.0,0.0,0,0,0.0,0.0,4.610170312,0.144067822,7374998.688,6652561.224,22000000,1999910,118000000,7374998.688,6652561.224,22000000,1999910,0,0.0,0.0,0,0,0,0,0,0,136,0,0.144067822,0.0,32,32,32.0,0.0,0.0,0,0,0,0,0,0,0,0,0,33.88235294,32.0,0.0,0,0,0,0,0,0,17,544,0,0,-1,-1,16,8,3007982.0,1002119.946,4008045,1999910,12600000.0,5641166.574,22000000,5004018,Benign
80,17,21/02/2018 10:20:09,112019966,16,0,512,0,32,32,32.0,0.0,0,0,0.0,0.0,4.570613778,0.142831681,7467997.733,7593243.692,30000000,999972,112000000,7467997.733,7593243.692,30000000,999972,0,0.0,0.0,0,0,0,0,0,0,128,0,0.142831681,0.0,32,32,32.0,0.0,0.0,0,0,0,0,0,0,0,0,0,34.0,32.0,0.0,0,0,0,0,0,0,16,512,0,0,-1,-1,15,8,4000000.25,805267.1487,4980073,3007852,12000000.0,7923554.491,30000000,5020030,Benign
80,17,21/02/2018 10:20:12,115967995,11,0,352,0,32,32,32.0,0.0,0,0,0.0,0.0,3.035320219,0.094853757,11600000.0,6135601.254,19000000,980025,116000000,11600000.0,6135601.254,19000000,980025,0,0.0,0.0,0,0,0,0,0,0,88,0,0.094853757,0.0,32,32,32.0,0.0,0.0,0,0,0,0,0,0,0,0,0,34.90909091,32.0,0.0,0,0,0,0,0,0,11,352,0,0,-1,-1,10,8,993983.0,19739.5929,1007941,980025,14200000.0,2872548.414,19000000,12000000,Benign
80,17,21/02/2018 10:20:19,118004001,15,0,480,0,32,32,32.0,0.0,0,0,0.0,0.0,4.067658689,0.127114334,8428857.214,8244812.699,28000000,1963982,118000000,8428857.214,8244812.699,28000000,1963982,0,0.0,0.0,0,0,0,0,0,0,120,0,0.127114334,0.0,32,32,32.0,0.0,0.0,0,0,0,0,0,0,0,0,0,34.13333333,32.0,0.0,0,0,0,0,0,0,15,480,0,0,-1,-1,14,8,2734986.25,1494083.636,4975967,1963982,16300000.0,6599340.62,28000000,10000000,Benign
80,17,21/02/2018 10:19:59,111991963,14,0,448,0,32,32,32.0,0.0,0,0,0.0,0.0,4.000287056,0.125008971,8614766.385,7807288.575,30000000,988083,112000000,8614766.385,7807288.575,30000000,988083,0,0.0,0.0,0,0,0,0,0,0,112,0,0.125008971,0.0,32,32,32.0,0.0,0.0,0,0,0,0,0,0,0,0,0,34.28571429,32.0,0.0,0,0,0,0,0,0,14,448,0,0,-1,-1,13,8,3246022.25,2065999.201,5999890,988083,12400000.0,7873592.489,30000000,5000016,Benign
80,17,21/02/2018 10:20:09,116007938,7,0,224,0,32,32,32.0,0.0,0,0,0.0,0.0,1.930902349,0.060340698,19300000.0,25800000.0,70000000,979919,116000000,19300000.0,25800000.0,70000000,979919,0,0.0,0.0,0,0,0,0,0,0,56,0,0.060340698,0.0,32,32,32.0,0.0,0.0,0,0,0,0,0,0,0,0,0,36.57142857,32.0,0.0,0,0,0,0,0,0,7,224,0,0,-1,-1,6,8,0.0,0.0,0,0,27800000.0,28700000.0,70000000,5999978,Benign
80,17,21/02/2018 10:20:12,118000369,7,0,224,0,32,32,32.0,0.0,0,0,0.0,0.0,1.898299149,0.059321848,19700000.0,19200000.0,58000000,7980459,118000000,19700000.0,19200000.0,58000000,7980459,0,0.0,0.0,0,0,0,0,0,0,56,0,0.059321848,0.0,32,32,32.0,0.0,0.0,0,0,0,0,0,0,0,0,0,36.57142857,32.0,0.0,0,0,0,0,0,0,7,224,0,0,-1,-1,6,8,0.0,0.0,0,0,19700000.0,19200000.0,58000000,7980459,Benign
80,17,21/02/2018 10:20:24,110036015,11,0,352,0,32,32,32.0,0.0,0,0,0.0,0.0,3.198952634,0.09996727,11000000.0,5268696.934,20000000,4999884,110000000,11000000.0,5268696.934,20000000,4999884,0,0.0,0.0,0,0,0,0,0,0,88,0,0.09996727,0.0,32,32,32.0,0.0,0.0,0,0,0,0,0,0,0,0,0,34.90909091,32.0,0.0,0,0,0,0,0,0,11,352,0,0,-1,-1,10,8,4999884.0,0.0,4999884,4999884,11700000.0,5120826.647,20000000,5000292,Benign
80,17,21/02/2018 10:20:24,111995985,13,0,416,0,32,32,32.0,0.0,0,0,0.0,0.0,3.71441887,0.11607559,9332998.75,8544165.454,29000000,999957,112000000,9332998.75,8544165.454,29000000,999957,0,0.0,0.0,0,0,0,0,0,0,104,0,0.11607559,0.0,32,32,32.0,0.0,0.0,0,0,0,0,0,0,0,0,0,34.46153846,32.0,0.0,0,0,0,0,0,0,13,416,0,0,-1,-1,12,8,3665343.0,1521999.919,4984127,1999924,13900000.0,8614029.455,29000000,5016011,Benign
80,17,21/02/2018 10:20:11,118012034,13,0,416,0,32,32,32.0,0.0,0,0,0.0,0.0,3.525064232,0.110158257,9834336.167,2859110.828,14000000,5979850,118000000,9834336.167,2859110.828,14000000,5979850,0,0.0,0.0,0,0,0,0,0,0,104,0,0.110158257,0.0,32,32,32.0,0.0,0.0,0,0,0,0,0,0,0,0,0,34.46153846,32.0,0.0,0,0,0,0,0,0,13,416,0,0,-1,-1,12,8,0.0,0.0,0,0,9834336.167,2859110.828,14000000,5979850,Benign
80,17,21/02/2018 10:20:29,119003867,8,0,256,0,32,32,32.0,0.0,0,0,0.0,0.0,2.1511906,0.067224706,17000000.0,14200000.0,45000000,5000098,119000000,17000000.0,14200000.0,45000000,5000098,0,0.0,0.0,0,0,0,0,0,0,64,0,0.067224706,0.0,32,32,32.0,0.0,0.0,0,0,0,0,0,0,0,0,0,36.0,32.0,0.0,0,0,0,0,0,0,8,256,0,0,-1,-1,7,8,0.0,0.0,0,0,17000000.0,14200000.0,45000000,5000098,Benign
80,17,21/02/2018 10:20:26,117024084,16,0,512,0,32,32,32.0,0.0,0,0,0.0,0.0,4.375167765,0.136723993,7801605.6,4606689.878,15000000,1020031,117000000,7801605.6,4606689.878,15000000,1020031,0,0.0,0.0,0,0,0,0,0,0,128,0,0.136723993,0.0,32,32,32.0,0.0,0.0,0,0,0,0,0,0,0,0,0,34.0,32.0,0.0,0,0,0,0,0,0,16,512,0,0,-1,-1,15,8,7974046.5,7051237.002,13000000,2988069,10100000.0,3755396.114,15000000,5000138,Benign
80,17,21/02/2018 10:20:24,112015990,16,0,512,0,32,32,32.0,0.0,0,0,0.0,0.0,4.570776012,0.14283675,7467732.667,7958319.623,31000000,1999849,112000000,7467732.667,7958319.623,31000000,1999849,0,0.0,0.0,0,0,0,0,0,0,128,0,0.14283675,0.0,32,32,32.0,0.0,0.0,0,0,0,0,0,0,0,0,0,34.0,32.0,0.0,0,0,0,0,0,0,16,512,0,0,-1,-1,15,8,7680429.667,2088512.466,10000000,6020050,14800000.0,8181850.244,31000000,9012019,Benign
80,17,21/02/2018 10:20:15,97999937,12,0,384,0,32,32,32.0,0.0,0,0,0.0,0.0,3.918369866,0.122449058,8909085.182,5863719.212,18900000,2983967,98000000,8909085.182,5863719.212,18900000,2983967,0,0.0,0.0,0,0,0,0,0,0,96,0,0.122449058,0.0,32,32,32.0,0.0,0.0,0,0,0,0,0,0,0,0,0,34.66666667,32.0,0.0,0,0,0,0,0,0,12,384,0,0,-1,-1,11,8,3336016.0,558633.1674,3980140,2983967,11900000.0,5384546.778,18900000,5000053,Benign
80,17,21/02/2018 10:20:17,114999986,16,0,512,0,32,32,32.0,0.0,0,0,0.0,0.0,4.452174455,0.139130452,7666665.733,6051173.304,17100000,919933,115000000,7666665.733,6051173.304,17100000,919933,0,0.0,0.0,0,0,0,0,0,0,128,0,0.139130452,0.0,32,32,32.0,0.0,0.0,0,0,0,0,0,0,0,0,0,34.0,32.0,0.0,0,0,0,0,0,0,16,512,0,0,-1,-1,15,8,1187953.25,488306.7702,1919903,923909,12100000.0,2768296.585,17100000,7979982,Benign
80,17,21/02/2018 10:20:18,119983919,11,0,352,0,32,32,32.0,0.0,0,0,0.0,0.0,2.933726477,0.091678952,12000000.0,14000000.0,50000000,1991907,120000000,12000000.0,14000000.0,50000000,1991907,0,0.0,0.0,0,0,0,0,0,0,88,0,0.091678952,0.0,32,32,32.0,0.0,0.0,0,0,0,0,0,0,0,0,0,34.90909091,32.0,0.0,0,0,0,0,0,0,11,352,0,0,-1,-1,10,8,2495911.5,712769.9994,2999916,1991907,14400000.0,14800000.0,50000000,5988048,Benign
22,6,21/02/2018 10:22:37,465728,3,5,583,1017,560,0,194.3333333,316.8853631,976,0,203.4,432.2612636,3435.481655,17.17740827,66532.57143,86860.65621,197611,15,464082,232041.0,48670.15975,266456,197626,465713,116428.25,85722.06008,197628,1629,0,0,0,0,72,112,6.441528102,10.73588017,0,976,177.7777778,350.7031429,122992.6944,0,0,1,1,0,0,0,1,1,200.0,194.3333333,203.4,0,0,0,0,0,0,3,583,5,1017,8192,219,2,20,0.0,0.0,0,0,0.0,0.0,0,0,Benign
53785,6,21/02/2018 10:22:37,600002,2,0,976,0,976,0,488.0,690.1362184,0,0,0.0,0.0,1626.661244,3.333322222,600002.0,0.0,600002,600002,600002,600002.0,0.0,600002,600002,0,0.0,0.0,0,0,0,0,0,0,40,0,3.333322222,0.0,0,976,325.3333333,563.4938627,317525.3333,0,0,0,0,1,1,0,0,0,488.0,488.0,0.0,0,0,0,0,0,0,2,976,0,0,219,-1,1,20,0.0,0.0,0,0,0.0,0.0,0,0,Benign
80,17,21/02/2018 10:20:18,91040051,12,0,384,0,32,32,32.0,0.0,0,0,0.0,0.0,4.217923823,0.131810119,8276368.273,6768742.384,22100000,997867,91000000,8276368.273,6768742.384,22100000,997867,0,0.0,0.0,0,0,0,0,0,0,96,0,0.131810119,0.0,32,32,32.0,0.0,0.0,0,0,0,0,0,0,0,0,0,34.66666667,32.0,0.0,0,0,0,0,0,0,12,384,0,0,-1,-1,11,8,5993347.333,3608288.134,9999943,3000031,12200000.0,6959990.401,22100000,5004046,Benign
80,17,21/02/2018 10:20:39,52000001,13,0,416,0,32,32,32.0,0.0,0,0,0.0,0.0,7.999999846,0.249999995,4333333.417,4110376.59,13000000,1999904,52000000,4333333.417,4110376.59,13000000,1999904,0,0.0,0.0,0,0,0,0,0,0,104,0,0.249999995,0.0,32,32,32.0,0.0,0.0,0,0,0,0,0,0,0,0,0,34.46153846,32.0,0.0,0,0,0,0,0,0,13,416,0,0,-1,-1,12,8,5016196.0,1004518.213,6008596,3999983,11000000.0,1996347.446,13000000,8999500,Benign
53785,6,21/02/2018 10:22:39,2376000,2,0,1952,0,976,976,976.0,0.0,0,0,0.0,0.0,821.5488215,0.841750842,2376000.0,0.0,2376000,2376000,2376000,2376000.0,0.0,2376000,2376000,0,0.0,0.0,0,0,1,0,0,0,40,0,0.841750842,0.0,976,976,976.0,0.0,0.0,0,1,0,0,1,1,0,0,0,1464.0,976.0,0.0,0,0,0,0,0,0,2,1952,0,0,219,-1,1,20,0.0,0.0,0,0,0.0,0.0,0,0,Benign
80,17,21/02/2018 10:20:41,117004082,12,0,384,0,32,32,32.0,0.0,0,0,0.0,0.0,3.281936779,0.102560524,10600000.0,4272929.18,19000000,3999946,117000000,10600000.0,4272929.18,19000000,3999946,0,0.0,0.0,0,0,0,0,0,0,96,0,0.102560524,0.0,32,32,32.0,0.0,0.0,0,0,0,0,0,0,0,0,0,34.66666667,32.0,0.0,0,0,0,0,0,0,12,384,0,0,-1,-1,11,8,3999946.0,0.0,3999946,3999946,11300000.0,3860448.689,19000000,5992157,Benign
80,17,21/02/2018 10:20:38,118003984,15,0,480,0,32,32,32.0,0.0,0,0,0.0,0.0,4.067659275,0.127114352,8428856.0,5598195.485,17000000,1000042,118000000,8428856.0,5598195.485,17000000,1000042,0,0.0,0.0,0,0,0,0,0,0,120,0,0.127114352,0.0,32,32,32.0,0.0,0.0,0,0,0,0,0,0,0,0,0,34.13333333,32.0,0.0,0,0,0,0,0,0,15,480,0,0,-1,-1,14,8,6666673.333,2081665.199,9000010,5000020,12300000.0,4198937.341,17000000,6004070,Benign
80,17,21/02/2018 10:20:44,113004043,16,0,512,0,32,32,32.0,0.0,0,0,0.0,0.0,4.530811345,0.141587855,7533602.867,6414419.041,24000000,999862,113000000,7533602.867,6414419.041,24000000,999862,0,0.0,0.0,0,0,0,0,0,0,128,0,0.141587855,0.0,32,32,32.0,0.0,0.0,0,0,0,0,0,0,0,0,0,34.0,32.0,0.0,0,0,0,0,0,0,16,512,0,0,-1,-1,15,8,6246985.0,3198130.744,9000027,3000029,12600000.0,6161917.099,24000000,5992044,Benign
80,17,21/02/2018 10:20:41,118004018,13,0,416,0,32,32,32.0,0.0,0,0,0.0,0.0,3.525303689,0.11016574,9833668.167,5692760.142,19000000,1003964,118000000,9833668.167,5692760.142,19000000,1003964,0,0.0,0.0,0,0,0,0,0,0,104,0,0.11016574,0.0,32,32,32.0,0.0,0.0,0,0,0,0,0,0,0,0,0,34.46153846,32.0,0.0,0,0,0,0,0,0,13,416,0,0,-1,-1,12,8,4996031.0,0.0,4996031,4996031,12100000.0,4522800.797,19000000,5971979,Benign
80,17,21/02/2018 10:20:31,118003942,16,0,512,0,32,32,32.0,0.0,0,0,0.0,0.0,4.338838104,0.135588691,7866929.467,2361786.343,14000000,4988174,118000000,7866929.467,2361786.343,14000000,4988174,0,0.0,0.0,0,0,0,0,0,0,128,0,0.135588691,0.0,32,32,32.0,0.0,0.0,0,0,0,0,0,0,0,0,0,34.0,32.0,0.0,0,0,0,0,0,0,16,512,0,0,-1,-1,15,8,4988174.0,0.0,4988174,4988174,8072554.857,2307401.268,14000000,5002264,Benign
80,17,21/02/2018 10:20:47,114004039,14,0,448,0,32,32,32.0,0.0,0,0,0.0,0.0,3.929685333,0.122802667,8769541.462,10900000.0,35000000,1972044,114000000,8769541.462,10900000.0,35000000,1972044,0,0.0,0.0,0,0,0,0,0,0,112,0,0.122802667,0.0,32,32,32.0,0.0,0.0,0,0,0,0,0,0,0,0,0,34.28571429,32.0,0.0,0,0,0,0,0,0,14,448,0,0,-1,-1,13,8,5491013.5,2513210.324,7995985,2000004,18400000.0,12800000.0,35000000,6011955,Benign
80,17,21/02/2018 10:20:50,103023873,13,0,416,0,32,32,32.0,0.0,0,0,0.0,0.0,4.037899061,0.126184346,8585322.75,6697040.468,22000000,1999971,103000000,8585322.75,6697040.468,22000000,1999971,0,0.0,0.0,0,0,0,0,0,0,104,0,0.126184346,0.0,32,32,32.0,0.0,0.0,0,0,0,0,0,0,0,0,0,34.46153846,32.0,0.0,0,0,0,0,0,0,13,416,0,0,-1,-1,12,8,4241026.0,1881163.297,6971963,2991872,13800000.0,5599679.536,22000000,5000002,Benign
80,17,21/02/2018 10:20:52,119896103,156180,0,4997760,0,32,32,32.0,0.0,0,0,0.0,0.0,41684.09043,1302.627826,767.6838948,16584.67987,636456,0,120000000,767.6838948,16584.67987,636456,0,0,0.0,0.0,0,0,0,0,0,0,1249440,0,1302.627826,0.0,32,32,32.0,0.0,0.0,0,0,0,0,0,0,0,0,0,32.00020489,32.0,0.0,0,0,0,0,0,0,156180,4997760,0,0,-1,-1,156179,8,0.0,0.0,0,0,0.0,0.0,0,0,DDOS attack-LOIC-UDP
80,17,21/02/2018 10:20:50,114004009,15,0,480,0,32,32,32.0,0.0,0,0,0.0,0.0,4.210378251,0.13157432,8143143.5,5483095.399,23000000,1060205,114000000,8143143.5,5483095.399,23000000,1060205,0,0.0,0.0,0,0,0,0,0,0,120,0,0.13157432,0.0,32,32,32.0,0.0,0.0,0,0,0,0,0,0,0,0,0,34.13333333,32.0,0.0,0,0,0,0,0,0,15,480,0,0,-1,-1,14,8,6020104.0,0.0,6020104,6020104,8998658.75,5408347.232,23000000,5008043,Benign
80,17,21/02/2018 10:20:53,119894811,136225,0,4359200,0,32,32,32.0,0.0,0,0,0.0,0.0,36358.53765,1136.204302,880.129867,17767.76319,666475,0,120000000,880.129867,17767.76319,666475,0,0,0.0,0.0,0,0,0,0,0,0,1089800,0,1136.204302,0.0,32,32,32.0,0.0,0.0,0,0,0,0,0,0,0,0,0,32.00023491,32.0,0.0,0,0,0,0,0,0,136225,4359200,0,0,-1,-1,136224,8,0.0,0.0,0,0,0.0,0.0,0,0,DDOS attack-LOIC-UDP
80,17,21/02/2018 10:20:54,119915547,155915,0,4989280,0,32,32,32.0,0.0,0,0,0.0,0.0,41606.61503,1300.20672,769.1134023,16610.24058,636661,0,120000000,769.1134023,16610.24058,636661,0,0,0.0,0.0,0,0,0,0,0,0,1247320,0,1300.20672,0.0,32,32,32.0,0.0,0.0,0,0,0,0,0,0,0,0,0,32.00020524,32.0,0.0,0,0,0,0,0,0,155915,4989280,0,0,-1,-1,155914,8,0.0,0.0,0,0,0.0,0.0,0,0,DDOS attack-LOIC-UDP
80,17,21/02/2018 10:20:54,119899030,140035,0,4481120,0,32,32,32.0,0.0,0,0,0.0,0.0,37374.11387,1167.941058,856.2137052,18172.97098,613570,0,120000000,856.2137052,18172.97098,613570,0,0,0.0,0.0,0,0,0,0,0,0,1120280,0,1167.941058,0.0,32,32,32.0,0.0,0.0,0,0,0,0,0,0,0,0,0,32.00022851,32.0,0.0,0,0,0,0,0,0,140035,4481120,0,0,-1,-1,140034,8,0.0,0.0,0,0,0.0,0.0,0,0,DDOS attack-LOIC-UDP
80,17,21/02/2018 10:20:55,119613341,136443,0,4366176,0,32,32,32.0,0.0,0,0,0.0,0.0,36502.41657,1140.700518,876.660713,17739.44247,621230,1,120000000,876.660713,17739.44247,621230,1,0,0.0,0.0,0,0,0,0,0,0,1091544,0,1140.700518,0.0,32,32,32.0,0.0,0.0,0,0,0,0,0,0,0,0,0,32.00023453,32.0,0.0,0,0,0,0,0,0,136443,4366176,0,0,-1,-1,136442,8,0.0,0.0,0,0,0.0,0.0,0,0,DDOS attack-LOIC-UDP
80,17,21/02/2018 10:20:55,119963833,123948,0,3966336,0,32,32,32.0,0.0,0,0,0.0,0.0,33062.76484,1033.211401,967.8639499,19278.19233,614129,1,120000000,967.8639499,19278.19233,614129,1,0,0.0,0.0,0,0,0,0,0,0,991584,0,1033.211401,0.0,32,32,32.0,0.0,0.0,0,0,0,0,0,0,0,0,0,32.00025817,32.0,0.0,0,0,0,0,0,0,123948,3966336,0,0,-1,-1,123947,8,0.0,0.0,0,0,0.0,0.0,0,0,DDOS attack-LOIC-UDP
80,17,21/02/2018 10:20:56,119761166,156662,0,5013184,0,32,32,32.0,0.0,0,0,0.0,0.0,41859.84629,1308.120196,764.4606252,16595.24637,638233,0,120000000,764.4606252,16595.24637,638233,0,0,0.0,0.0,0,0,0,0,0,0,1253296,0,1308.120196,0.0,32,32,32.0,0.0,0.0,0,0,0,0,0,0,0,0,0,32.00020426,32.0,0.0,0,0,0,0,0,0,156662,5013184,0,0,-1,-1,156661,8,0.0,0.0,0,0,0.0,0.0,0,0,DDOS attack-LOIC-UDP
53785,6,21/02/2018 10:22:46,9500002,2,0,1952,0,976,976,976.0,0.0,0,0,0.0,0.0,205.473641,0.210526271,9500002.0,0.0,9500002,9500002,9500002,9500002.0,0.0,9500002,9500002,0,0.0,0.0,0,0,1,0,0,0,40,0,0.210526271,0.0,976,976,976.0,0.0,0.0,0,1,0,0,1,1,0,0,0,1464.0,976.0,0.0,0,0,0,0,0,0,2,1952,0,0,219,-1,1,20,0.0,0.0,0,0,0.0,0.0,0,0,Benign
80,17,21/02/2018 10:20:57,119806879,135369,0,4331808,0,32,32,32.0,0.0,0,0,0.0,0.0,36156.5883,1129.893385,885.0457937,17826.75728,648318,0,120000000,885.0457937,17826.75728,648318,0,0,0.0,0.0,0,0,0,0,0,0,1082952,0,1129.893385,0.0,32,32,32.0,0.0,0.0,0,0,0,0,0,0,0,0,0,32.00023639,32.0,0.0,0,0,0,0,0,0,135369,4331808,0,0,-1,-1,135368,8,0.0,0.0,0,0,0.0,0.0,0,0,DDOS attack-LOIC-UDP
80,17,21/02/2018 10:20:57,119958779,144538,0,4625216,0,32,32,32.0,0.0,0,0,0.0,0.0,38556.71122,1204.897226,829.9520469,17824.99373,613966,1,120000000,829.9520469,17824.99373,613966,1,0,0.0,0.0,0,0,0,0,0,0,1156304,0,1204.897226,0.0,32,32,32.0,0.0,0.0,0,0,0,0,0,0,0,0,0,32.0002214,32.0,0.0,0,0,0,0,0,0,144538,4625216,0,0,-1,-1,144537,8,0.0,0.0,0,0,0.0,0.0,0,0,DDOS attack-LOIC-UDP
80,17,21/02/2018 10:20:58,119652123,149418,0,4781376,0,32,32,32.0,0.0,0,0,0.0,0.0,39960.64491,1248.770153,800.7932364,16956.50585,625916,0,120000000,800.7932364,16956.50585,625916,0,0,0.0,0.0,0,0,0,0,0,0,1195344,0,1248.770153,0.0,32,32,32.0,0.0,0.0,0,0,0,0,0,0,0,0,0,32.00021416,32.0,0.0,0,0,0,0,0,0,149418,4781376,0,0,-1,-1,149417,8,0.0,0.0,0,0,0.0,0.0,0,0,DDOS attack-LOIC-UDP
80,17,21/02/2018 10:20:58,119879382,125137,0,4004384,0,32,32,32.0,0.0,0,0,0.0,0.0,33403.44214,1043.857567,957.9927599,19100.72323,611914,1,120000000,957.9927599,19100.72323,611914,1,0,0.0,0.0,0,0,0,0,0,0,1001096,0,1043.857567,0.0,32,32,32.0,0.0,0.0,0,0,0,0,0,0,0,0,0,32.00025572,32.0,0.0,0,0,0,0,0,0,125137,4004384,0,0,-1,-1,125136,8,0.0,0.0,0,0,0.0,0.0,0,0,DDOS attack-LOIC-UDP
80,17,21/02/2018 10:20:59,119641291,144604,0,4627328,0,32,32,32.0,0.0,0,0,0.0,0.0,38676.68061,1208.646269,827.3776547,17725.57317,615006,0,120000000,827.3776547,17725.57317,615006,0,0,0.0,0.0,0,0,0,0,0,0,1156832,0,1208.646269,0.0,32,32,32.0,0.0,0.0,0,0,0,0,0,0,0,0,0,32.00022129,32.0,0.0,0,0,0,0,0,0,144604,4627328,0,0,-1,-1,144603,8,0.0,0.0,0,0,0.0,0.0,0,0,DDOS attack-LOIC-UDP
80,17,21/02/2018 10:20:59,119755883,136034,0,4353088,0,32,32,32.0,0.0,0,0,0.0,0.0,36349.67979,1135.927493,880.3443503,17799.51712,630714,1,120000000,880.3443503,17799.51712,630714,1,0,0.0,0.0,0,0,0,0,0,0,1088272,0,1135.927493,0.0,32,32,32.0,0.0,0.0,0,0,0,0,0,0,0,0,0,32.00023524,32.0,0.0,0,0,0,0,0,0,136034,4353088,0,0,-1,-1,136033,8,0.0,0.0,0,0,0.0,0.0,0,0,DDOS attack-LOIC-UDP
80,17,21/02/2018 10:21:00,119748284,152879,0,4892128,0,32,32,32.0,0.0,0,0,0.0,0.0,40853.42885,1276.669651,783.2931095,16765.26223,640831,0,120000000,783.2931095,16765.26223,640831,0,0,0.0,0.0,0,0,0,0,0,0,1223032,0,1276.669651,0.0,32,32,32.0,0.0,0.0,0,0,0,0,0,0,0,0,0,32.00020932,32.0,0.0,0,0,0,0,0,0,152879,4892128,0,0,-1,-1,152878,8,0.0,0.0,0,0,0.0,0.0,0,0,DDOS attack-LOIC-UDP
80,17,21/02/2018 10:20:14,116999836,14,0,448,0,32,32,32.0,0.0,0,0,0.0,0.0,3.829065196,0.119658287,8999987.385,5660200.85,18000000,980035,117000000,8999987.385,5660200.85,18000000,980035,0,0.0,0.0,0,0,0,0,0,0,112,0,0.119658287,0.0,32,32,32.0,0.0,0.0,0,0,0,0,0,0,0,0,0,34.28571429,32.0,0.0,0,0,0,0,0,0,14,448,0,0,-1,-1,13,8,3019999.0,1442466.721,4039977,2000021,11100000.0,4569472.53,18000000,5019912,Benign
80,17,21/02/2018 10:21:00,119883634,125426,0,4013632,0,32,32,32.0,0.0,0,0,0.0,0.0,33479.39886,1046.231215,955.8192864,19050.72178,611495,1,120000000,955.8192864,19050.72178,611495,1,0,0.0,0.0,0,0,0,0,0,0,1003408,0,1046.231215,0.0,32,32,32.0,0.0,0.0,0,0,0,0,0,0,0,0,0,32.00025513,32.0,0.0,0,0,0,0,0,0,125426,4013632,0,0,-1,-1,125425,8,0.0,0.0,0,0,0.0,0.0,0,0,DDOS attack-LOIC-UDP
80,17,21/02/2018 10:20:59,107032031,14,0,448,0,32,32,32.0,0.0,0,0,0.0,0.0,4.185662888,0.130801965,8233233.154,6812018.684,23000000,1003960,107000000,8233233.154,6812018.684,23000000,1003960,0,0.0,0.0,0,0,0,0,0,0,112,0,0.130801965,0.0,32,32,32.0,0.0,0.0,0,0,0,0,0,0,0,0,0,34.28571429,32.0,0.0,0,0,0,0,0,0,14,448,0,0,-1,-1,13,8,2399363.2,1663886.676,4979901,1003960,11900000.0,6201872.334,23000000,5999989,Benign
80,17,21/02/2018 10:20:59,116991940,14,0,448,0,32,32,32.0,0.0,0,0,0.0,0.0,3.829323627,0.119666363,8999380.0,5148020.648,18000000,3004026,117000000,8999380.0,5148020.648,18000000,3004026,0,0.0,0.0,0,0,0,0,0,0,112,0,0.119666363,0.0,32,32,32.0,0.0,0.0,0,0,0,0,0,0,0,0,0,34.28571429,32.0,0.0,0,0,0,0,0,0,14,448,0,0,-1,-1,13,8,8326680.0,5024750.362,13000000,3004026,13100000.0,3019868.938,18000000,9000006,Benign
80,17,21/02/2018 10:21:01,119954411,147803,0,4729696,0,32,32,32.0,0.0,0,0,0.0,0.0,39429.11278,1232.159774,811.5885509,17121.08674,608748,1,120000000,811.5885509,17121.08674,608748,1,0,0.0,0.0,0,0,0,0,0,0,1182424,0,1232.159774,0.0,32,32,32.0,0.0,0.0,0,0,0,0,0,0,0,0,0,32.0002165,32.0,0.0,0,0,0,0,0,0,147803,4729696,0,0,-1,-1,147802,8,0.0,0.0,0,0,0.0,0.0,0,0,DDOS attack-LOIC-UDP
80,17,21/02/2018 10:21:01,119922807,136970,0,4383040,0,32,32,32.0,0.0,0,0,0.0,0.0,36548.84429,1142.151384,875.5470727,17703.20022,637021,0,120000000,875.5470727,17703.20022,637021,0,0,0.0,0.0,0,0,0,0,0,0,1095760,0,1142.151384,0.0,32,32,32.0,0.0,0.0,0,0,0,0,0,0,0,0,0,32.00023363,32.0,0.0,0,0,0,0,0,0,136970,4383040,0,0,-1,-1,136969,8,0.0,0.0,0,0,0.0,0.0,0,0,DDOS attack-LOIC-UDP
80,17,21/02/2018 10:21:01,119872313,139210,0,4454720,0,32,32,32.0,0.0,0,0,0.0,0.0,37162.20943,1161.319045,861.0959995,18086.59814,610246,0,120000000,861.0959995,18086.59814,610246,0,0,0.0,0.0,0,0,0,0,0,0,1113680,0,1161.319045,0.0,32,32,32.0,0.0,0.0,0,0,0,0,0,0,0,0,0,32.00022987,32.0,0.0,0,0,0,0,0,0,139210,4454720,0,0,-1,-1,139209,8,0.0,0.0,0,0,0.0,0.0,0,0,DDOS attack-LOIC-UDP
80,17,21/02/2018 10:21:02,119870859,129976,0,4159232,0,32,32,32.0,0.0,0,0,0.0,0.0,34697.60736,1084.30023,922.2608886,18235.55271,605387,0,120000000,922.2608886,18235.55271,605387,0,0,0.0,0.0,0,0,0,0,0,0,1039808,0,1084.30023,0.0,32,32,32.0,0.0,0.0,0,0,0,0,0,0,0,0,0,32.0002462,32.0,0.0,0,0,0,0,0,0,129976,4159232,0,0,-1,-1,129975,8,0.0,0.0,0,0,0.0,0.0,0,0,DDOS attack-LOIC-UDP
80,17,21/02/2018 10:21:02,119880495,128225,0,4103200,0,32,32,32.0,0.0,0,0,0.0,0.0,34227.41956,1069.606861,934.9302393,18840.36246,610059,0,120000000,934.9302393,18840.36246,610059,0,0,0.0,0.0,0,0,0,0,0,0,1025800,0,1069.606861,0.0,32,32,32.0,0.0,0.0,0,0,0,0,0,0,0,0,0,32.00024956,32.0,0.0,0,0,0,0,0,0,128225,4103200,0,0,-1,-1,128224,8,0.0,0.0,0,0,0.0,0.0,0,0,DDOS attack-LOIC-UDP
80,17,21/02/2018 10:21:03,119711502,146424,0,4685568,0,32,32,32.0,0.0,0,0,0.0,0.0,39140.49963,1223.140614,817.5730725,17167.92754,602875,0,120000000,817.5730725,17167.92754,602875,0,0,0.0,0.0,0,0,0,0,0,0,1171392,0,1223.140614,0.0,32,32,32.0,0.0,0.0,0,0,0,0,0,0,0,0,0,32.00021854,32.0,0.0,0,0,0,0,0,0,146424,4685568,0,0,-1,-1,146423,8,0.0,0.0,0,0,0.0,0.0,0,0,DDOS attack-LOIC-UDP
80,17,21/02/2018 10:21:03,119870305,142117,0,4547744,0,32,32,32.0,0.0,0,0,0.0,0.0,37938.87068,1185.589709,843.4680472,17886.78413,616994,0,120000000,843.4680472,17886.78413,616994,0,0,0.0,0.0,0,0,0,0,0,0,1136936,0,1185.589709,0.0,32,32,32.0,0.0,0.0,0,0,0,0,0,0,0,0,0,32.00022517,32.0,0.0,0,0,0,0,0,0,142117,4547744,0,0,-1,-1,142116,8,0.0,0.0,0,0,0.0,0.0,0,0,DDOS attack-LOIC-UDP
80,17,21/02/2018 10:21:04,119999949,129393,0,4140576,0,32,32,32.0,0.0,0,0,0.0,0.0,34504.81466,1078.275458,927.4139746,18266.18525,574142,0,120000000,927.4139746,18266.18525,574142,0,0,0.0,0.0,0,0,0,0,0,0,1035144,0,1078.275458,0.0,32,32,32.0,0.0,0.0,0,0,0,0,0,0,0,0,0,32.00024731,32.0,0.0,0,0,0,0,0,0,129393,4140576,0,0,-1,-1,129392,8,0.0,0.0,0,0,0.0,0.0,0,0,DDOS attack-LOIC-UDP
80,17,21/02/2018 10:21:04,119873730,126233,0,4039456,0,32,32,32.0,0.0,0,0,0.0,0.0,33697.59162,1053.049738,949.6302839,18975.48735,615484,0,120000000,949.6302839,18975.48735,615484,0,0,0.0,0.0,0,0,0,0,0,0,1009864,0,1053.049738,0.0,32,32,32.0,0.0,0.0,0,0,0,0,0,0,0,0,0,32.0002535,32.0,0.0,0,0,0,0,0,0,126233,4039456,0,0,-1,-1,126232,8,0.0,0.0,0,0,0.0,0.0,0,0,DDOS attack-LOIC-UDP
80,17,21/02/2018 10:21:05,119940412,149548,0,4785536,0,32,32,32.0,0.0,0,0,0.0,0.0,39899.27932,1246.852479,802.0248617,16979.47483,578700,1,120000000,802.0248617,16979.47483,578700,1,0,0.0,0.0,0,0,0,0,0,0,1196384,0,1246.852479,0.0,32,32,32.0,0.0,0.0,0,0,0,0,0,0,0,0,0,32.00021398,32.0,0.0,0,0,0,0,0,0,149548,4785536,0,0,-1,-1,149547,8,0.0,0.0,0,0,0.0,0.0,0,0,DDOS attack-LOIC-UDP
80,17,21/02/2018 10:20:56,116992063,12,0,384,0,32,32,32.0,0.0,0,0,0.0,0.0,3.282273944,0.102571061,10600000.0,7958370.443,26000000,1992028,117000000,10600000.0,7958370.443,26000000,1992028,0,0.0,0.0,0,0,0,0,0,0,96,0,0.102571061,0.0,32,32,32.0,0.0,0.0,0,0,0,0,0,0,0,0,0,34.66666667,32.0,0.0,0,0,0,0,0,0,12,384,0,0,-1,-1,11,8,4666719.667,3060355.476,8004139,1992028,14700000.0,7191150.479,26000000,8972105,Benign
80,17,21/02/2018 10:21:06,119684006,133782,0,4281024,0,32,32,32.0,0.0,0,0,0.0,0.0,35769.39094,1117.793467,894.6263371,17937.54053,568768,1,120000000,894.6263371,17937.54053,568768,1,0,0.0,0.0,0,0,0,0,0,0,1070256,0,1117.793467,0.0,32,32,32.0,0.0,0.0,0,0,0,0,0,0,0,0,0,32.0002392,32.0,0.0,0,0,0,0,0,0,133782,4281024,0,0,-1,-1,133781,8,0.0,0.0,0,0,0.0,0.0,0,0,DDOS attack-LOIC-UDP
20388,6,21/02/2018 10:17:18,54449542,9,5,632,256,376,0,70.22222222,123.2738595,64,0,51.2,28.62167011,16.30867712,0.257118783,4188426.308,13300000.0,48400000,12,54400000,6806192.75,16900000.0,48500000,18,54200000,13600000.0,23300000.0,48400000,713250,1,0,0,0,240,100,0.165290647,0.091828137,0,376,84.26666667,124.5560497,15514.20952,0,1,0,0,1,0,0,0,0,90.28571429,70.22222222,51.2,0,0,0,0,0,0,9,632,5,256,255,256,3,20,220982.0,0.0,220982,220982,48400000.0,0.0,48400000,48400000,Benign
80,17,21/02/2018 10:20:23,109975912,11,0,352,0,32,32,32.0,0.0,0,0,0.0,0.0,3.200700895,0.100021903,11000000.0,9917212.738,34000000,999987,110000000,11000000.0,9917212.738,34000000,999987,0,0.0,0.0,0,0,0,0,0,0,88,0,0.100021903,0.0,32,32,32.0,0.0,0.0,0,0,0,0,0,0,0,0,0,34.90909091,32.0,0.0,0,0,0,0,0,0,11,352,0,0,-1,-1,10,8,4998103.5,1411349.073,5996078,4000129,14300000.0,10200000.0,34000000,5019973,Benign
80,17,21/02/2018 10:21:07,119642119,154595,0,4947040,0,32,32,32.0,0.0,0,0,0.0,0.0,41348.64913,1292.145285,773.9117883,16689.29656,570448,1,120000000,773.9117883,16689.29656,570448,1,0,0.0,0.0,0,0,0,0,0,0,1236760,0,1292.145285,0.0,32,32,32.0,0.0,0.0,0,0,0,0,0,0,0,0,0,32.00020699,32.0,0.0,0,0,0,0,0,0,154595,4947040,0,0,-1,-1,154594,8,0.0,0.0,0,0,0.0,0.0,0,0,DDOS attack-LOIC-UDP
80,17,21/02/2018 10:21:07,119640999,63363,0,2027616,0,32,32,32.0,0.0,0,0,0.0,0.0,16947.50142,529.6094193,1888.21374,37282.41095,925608,1,120000000,1888.21374,37282.41095,925608,1,0,0.0,0.0,0,0,0,0,0,0,506904,0,529.6094193,0.0,32,32,32.0,0.0,0.0,0,0,0,0,0,0,0,0,0,32.00050503,32.0,0.0,0,0,0,0,0,0,63363,2027616,0,0,-1,-1,63362,8,0.0,0.0,0,0,0.0,0.0,0,0,DDOS attack-LOIC-UDP
80,17,21/02/2018 10:21:08,119656002,135881,0,4348192,0,32,32,32.0,0.0,0,0,0.0,0.0,36339.10483,1135.597026,880.6005446,17789.13744,571156,0,120000000,880.6005446,17789.13744,571156,0,0,0.0,0.0,0,0,0,0,0,0,1087048,0,1135.597026,0.0,32,32,32.0,0.0,0.0,0,0,0,0,0,0,0,0,0,32.0002355,32.0,0.0,0,0,0,0,0,0,135881,4348192,0,0,-1,-1,135880,8,0.0,0.0,0,0,0.0,0.0,0,0,DDOS attack-LOIC-UDP
80,17,21/02/2018 10:21:08,119640061,69669,0,2229408,0,32,32,32.0,0.0,0,0,0.0,0.0,18634.29341,582.321669,1717.288583,35559.56891,923994,1,120000000,1717.288583,35559.56891,923994,1,0,0.0,0.0,0,0,0,0,0,0,557352,0,582.321669,0.0,32,32,32.0,0.0,0.0,0,0,0,0,0,0,0,0,0,32.00045931,32.0,0.0,0,0,0,0,0,0,69669,2229408,0,0,-1,-1,69668,8,0.0,0.0,0,0,0.0,0.0,0,0,DDOS attack-LOIC-UDP
500,17,21/02/2018 10:21:06,99744093,3,0,1500,0,500,500,500.0,0.0,0,0,0.0,0.0,15.03848453,0.030076969,49900000.0,36400000.0,75600000,24200000,99700000,49900000.0,36400000.0,75600000,24200000,0,0.0,0.0,0,0,0,0,0,0,24,0,0.030076969,0.0,500,500,500.0,0.0,0.0,0,0,0,0,0,0,0,0,0,666.6666667,500.0,0.0,0,0,0,0,0,0,3,1500,0,0,-1,-1,2,8,0.0,0.0,0,0,49900000.0,36400000.0,75600000,24200000,Benign
80,17,21/02/2018 10:21:09,119564511,70622,0,2259904,0,32,32,32.0,0.0,0,0,0.0,0.0,18901.12694,590.6602169,1693.044718,35315.98453,912570,1,120000000,1693.044718,35315.98453,912570,1,0,0.0,0.0,0,0,0,0,0,0,564976,0,590.6602169,0.0,32,32,32.0,0.0,0.0,0,0,0,0,0,0,0,0,0,32.00045312,32.0,0.0,0,0,0,0,0,0,70622,2259904,0,0,-1,-1,70621,8,0.0,0.0,0,0,0.0,0.0,0,0,DDOS attack-LOIC-UDP
80,17,21/02/2018 10:21:09,119638181,60318,0,1930176,0,32,32,32.0,0.0,0,0,0.0,0.0,16133.44489,504.1701528,1983.490243,38189.79554,906131,1,120000000,1983.490243,38189.79554,906131,1,0,0.0,0.0,0,0,0,0,0,0,482544,0,504.1701528,0.0,32,32,32.0,0.0,0.0,0,0,0,0,0,0,0,0,0,32.00053052,32.0,0.0,0,0,0,0,0,0,60318,1930176,0,0,-1,-1,60317,8,0.0,0.0,0,0,0.0,0.0,0,0,DDOS attack-LOIC-UDP
80,17,21/02/2018 10:21:09,119636418,148941,0,4766112,0,32,32,32.0,0.0,0,0,0.0,0.0,39838.30409,1244.947003,803.2524372,17040.47712,581092,1,120000000,803.2524372,17040.47712,581092,1,0,0.0,0.0,0,0,0,0,0,0,1191528,0,1244.947003,0.0,32,32,32.0,0.0,0.0,0,0,0,0,0,0,0,0,0,32.00021485,32.0,0.0,0,0,0,0,0,0,148941,4766112,0,0,-1,-1,148940,8,0.0,0.0,0,0,0.0,0.0,0,0,DDOS attack-LOIC-UDP
80,17,21/02/2018 10:21:10,119635343,60011,0,1920352,0,32,32,32.0,0.0,0,0,0.0,0.0,16051.71141,501.6159815,1993.590118,38301.02238,926241,1,120000000,1993.590118,38301.02238,926241,1,0,0.0,0.0,0,0,0,0,0,0,480088,0,501.6159815,0.0,32,32,32.0,0.0,0.0,0,0,0,0,0,0,0,0,0,32.00053324,32.0,0.0,0,0,0,0,0,0,60011,1920352,0,0,-1,-1,60010,8,0.0,0.0,0,0,0.0,0.0,0,0,DDOS attack-LOIC-UDP
80,17,21/02/2018 10:21:10,119954737,131139,0,4196448,0,32,32,32.0,0.0,0,0,0.0,0.0,34983.59552,1093.23736,914.7214156,18201.60014,575017,0,120000000,914.7214156,18201.60014,575017,0,0,0.0,0.0,0,0,0,0,0,0,1049112,0,1093.23736,0.0,32,32,32.0,0.0,0.0,0,0,0,0,0,0,0,0,0,32.00024402,32.0,0.0,0,0,0,0,0,0,131139,4196448,0,0,-1,-1,131138,8,0.0,0.0,0,0,0.0,0.0,0,0,DDOS attack-LOIC-UDP
80,17,21/02/2018 10:21:12,119918050,140624,0,4499968,0,32,32,32.0,0.0,0,0,0.0,0.0,37525.36003,1172.667501,852.762706,18136.73794,586024,0,120000000,852.762706,18136.73794,586024,0,0,0.0,0.0,0,0,0,0,0,0,1124992,0,1172.667501,0.0,32,32,32.0,0.0,0.0,0,0,0,0,0,0,0,0,0,32.00022756,32.0,0.0,0,0,0,0,0,0,140624,4499968,0,0,-1,-1,140623,8,0.0,0.0,0,0,0.0,0.0,0,0,DDOS attack-LOIC-UDP
80,17,21/02/2018 10:21:12,119645220,71496,0,2287872,0,32,32,32.0,0.0,0,0,0.0,0.0,19122.13459,597.566706,1673.476747,35084.44245,917590,1,120000000,1673.476747,35084.44245,917590,1,0,0.0,0.0,0,0,0,0,0,0,571968,0,597.566706,0.0,32,32,32.0,0.0,0.0,0,0,0,0,0,0,0,0,0,32.00044758,32.0,0.0,0,0,0,0,0,0,71496,2287872,0,0,-1,-1,71495,8,0.0,0.0,0,0,0.0,0.0,0,0,DDOS attack-LOIC-UDP
80,17,21/02/2018 10:21:13,119900396,121926,0,3901632,0,32,32,32.0,0.0,0,0,0.0,0.0,32540.60979,1016.894056,983.3946771,19458.88467,585139,1,120000000,983.3946771,19458.88467,585139,1,0,0.0,0.0,0,0,0,0,0,0,975408,0,1016.894056,0.0,32,32,32.0,0.0,0.0,0,0,0,0,0,0,0,0,0,32.00026245,32.0,0.0,0,0,0,0,0,0,121926,3901632,0,0,-1,-1,121925,8,0.0,0.0,0,0,0.0,0.0,0,0,DDOS attack-LOIC-UDP
80,17,21/02/2018 10:21:13,119646746,64845,0,2075040,0,32,32,32.0,0.0,0,0,0.0,0.0,17343.05419,541.9704436,1845.147523,36837.34205,911990,1,120000000,1845.147523,36837.34205,911990,1,0,0.0,0.0,0,0,0,0,0,0,518760,0,541.9704436,0.0,32,32,32.0,0.0,0.0,0,0,0,0,0,0,0,0,0,32.00049348,32.0,0.0,0,0,0,0,0,0,64845,2075040,0,0,-1,-1,64844,8,0.0,0.0,0,0,0.0,0.0,0,0,DDOS attack-LOIC-UDP
500,17,21/02/2018 10:20:25,89479113,2,0,1000,0,500,500,500.0,0.0,0,0,0.0,0.0,11.1757925,0.022351585,89500000.0,0.0,89500000,89500000,89500000,89500000.0,0.0,89500000,89500000,0,0.0,0.0,0,0,0,0,0,0,16,0,0.022351585,0.0,500,500,500.0,0.0,0.0,0,0,0,0,0,0,0,0,0,750.0,500.0,0.0,0,0,0,0,0,0,2,1000,0,0,-1,-1,1,8,0.0,0.0,0,0,89500000.0,0.0,89500000,89500000,Benign
500,17,21/02/2018 10:06:40,89479329,6,0,3000,0,500,500,500.0,0.0,0,0,0.0,0.0,33.52729657,0.067054593,17900000.0,15300000.0,42000000,4000360,89500000,17900000.0,15300000.0,42000000,4000360,0,0.0,0.0,0,0,0,0,0,0,48,0,0.067054593,0.0,500,500,500.0,0.0,0.0,0,0,0,0,0,0,0,0,0,583.3333333,500.0,0.0,0,0,0,0,0,0,6,3000,0,0,-1,-1,5,8,4000360.0,0.0,4000360,4000360,21400000.0,15300000.0,42000000,7200172,Benign
80,17,21/02/2018 10:21:14,119861527,139179,0,4453728,0,32,32,32.0,0.0,0,0,0.0,0.0,37157.27733,1161.164917,861.210299,18224.55172,587985,0,120000000,861.210299,18224.55172,587985,0,0,0.0,0.0,0,0,0,0,0,0,1113432,0,1161.164917,0.0,32,32,32.0,0.0,0.0,0,0,0,0,0,0,0,0,0,32.00022992,32.0,0.0,0,0,0,0,0,0,139179,4453728,0,0,-1,-1,139178,8,0.0,0.0,0,0,0.0,0.0,0,0,DDOS attack-LOIC-UDP
80,17,21/02/2018 10:21:14,119644335,71680,0,2293760,0,32,32,32.0,0.0,0,0,0.0,0.0,19171.48856,599.1090176,1669.168585,35042.83702,917291,1,120000000,1669.168585,35042.83702,917291,1,0,0.0,0.0,0,0,0,0,0,0,573440,0,599.1090176,0.0,32,32,32.0,0.0,0.0,0,0,0,0,0,0,0,0,0,32.00044643,32.0,0.0,0,0,0,0,0,0,71680,2293760,0,0,-1,-1,71679,8,0.0,0.0,0,0,0.0,0.0,0,0,DDOS attack-LOIC-UDP
80,17,21/02/2018 10:20:56,118991991,12,0,384,0,32,32,32.0,0.0,0,0,0.0,0.0,3.227107949,0.100847123,10800000.0,13900000.0,51000000,1960044,119000000,10800000.0,13900000.0,51000000,1960044,0,0.0,0.0,0,0,0,0,0,0,96,0,0.100847123,0.0,32,32,32.0,0.0,0.0,0,0,0,0,0,0,0,0,0,34.66666667,32.0,0.0,0,0,0,0,0,0,12,384,0,0,-1,-1,11,8,9000060.0,0.0,9000060,9000060,13500000.0,15700000.0,51000000,5003972,Benign
80,17,21/02/2018 10:21:15,119643169,62242,0,1991744,0,32,32,32.0,0.0,0,0,0.0,0.0,16647.36914,520.2302858,1922.256535,37606.25201,906940,1,120000000,1922.256535,37606.25201,906940,1,0,0.0,0.0,0,0,0,0,0,0,497936,0,520.2302858,0.0,32,32,32.0,0.0,0.0,0,0,0,0,0,0,0,0,0,32.00051412,32.0,0.0,0,0,0,0,0,0,62242,1991744,0,0,-1,-1,62241,8,0.0,0.0,0,0,0.0,0.0,0,0,DDOS attack-LOIC-UDP
80,17,21/02/2018 10:21:15,119786833,124475,0,3983200,0,32,32,32.0,0.0,0,0,0.0,0.0,33252.40262,1039.137582,962.3442084,19236.24311,589890,1,120000000,962.3442084,19236.24311,589890,1,0,0.0,0.0,0,0,0,0,0,0,995800,0,1039.137582,0.0,32,32,32.0,0.0,0.0,0,0,0,0,0,0,0,0,0,32.00025708,32.0,0.0,0,0,0,0,0,0,124475,3983200,0,0,-1,-1,124474,8,0.0,0.0,0,0,0.0,0.0,0,0,DDOS attack-LOIC-UDP
80,17,21/02/2018 10:21:16,119716141,142642,0,4564544,0,32,32,32.0,0.0,0,0,0.0,0.0,38128.05827,1191.501821,839.2828219,17960.89782,587310,0,120000000,839.2828219,17960.89782,587310,0,0,0.0,0.0,0,0,0,0,0,0,1141136,0,1191.501821,0.0,32,32,32.0,0.0,0.0,0,0,0,0,0,0,0,0,0,32.00022434,32.0,0.0,0,0,0,0,0,0,142642,4564544,0,0,-1,-1,142641,8,0.0,0.0,0,0,0.0,0.0,0,0,DDOS attack-LOIC-UDP
80,17,21/02/2018 10:20:40,114004117,10,0,320,0,32,32,32.0,0.0,0,0,0.0,0.0,2.806916175,0.08771613,12700000.0,11100000.0,40000000,4000085,114000000,12700000.0,11100000.0,40000000,4000085,0,0.0,0.0,0,0,0,0,0,0,80,0,0.08771613,0.0,32,32,32.0,0.0,0.0,0,0,0,0,0,0,0,0,0,35.2,32.0,0.0,0,0,0,0,0,0,10,320,0,0,-1,-1,9,8,9000045.0,0.0,9000045,9000045,15000000.0,11600000.0,40000000,6000014,Benign
80,17,21/02/2018 10:21:16,119637201,71989,0,2303648,0,32,32,32.0,0.0,0,0,0.0,0.0,19255.28164,601.7275513,1661.904776,34968.40351,922657,1,120000000,1661.904776,34968.40351,922657,1,0,0.0,0.0,0,0,0,0,0,0,575912,0,601.7275513,0.0,32,32,32.0,0.0,0.0,0,0,0,0,0,0,0,0,0,32.00044451,32.0,0.0,0,0,0,0,0,0,71989,2303648,0,0,-1,-1,71988,8,0.0,0.0,0,0,0.0,0.0,0,0,DDOS attack-LOIC-UDP
80,17,21/02/2018 10:20:52,105003985,11,0,352,0,32,32,32.0,0.0,0,0,0.0,0.0,3.352253726,0.104757929,10500000.0,6191110.198,22000000,3959785,105000000,10500000.0,6191110.198,22000000,3959785,0,0.0,0.0,0,0,0,0,0,0,88,0,0.104757929,0.0,32,32,32.0,0.0,0.0,0,0,0,0,0,0,0,0,0,34.90909091,32.0,0.0,0,0,0,0,0,0,11,352,0,0,-1,-1,10,8,3959785.0,0.0,3959785,3959785,12000000.0,6021515.659,22000000,5011995,Benign
80,17,21/02/2018 10:21:18,119792056,122811,0,3929952,0,32,32,32.0,0.0,0,0,0.0,0.0,32806.4492,1025.201538,975.4259099,19669.82443,650439,0,120000000,975.4259099,19669.82443,650439,0,0,0.0,0.0,0,0,0,0,0,0,982488,0,1025.201538,0.0,32,32,32.0,0.0,0.0,0,0,0,0,0,0,0,0,0,32.00026056,32.0,0.0,0,0,0,0,0,0,122811,3929952,0,0,-1,-1,122810,8,0.0,0.0,0,0,0.0,0.0,0,0,DDOS attack-LOIC-UDP
80,17,21/02/2018 10:21:18,119686157,121336,0,3882752,0,32,32,32.0,0.0,0,0,0.0,0.0,32441.1118,1013.784744,986.4108213,19484.20985,585498,0,120000000,986.4108213,19484.20985,585498,0,0,0.0,0.0,0,0,0,0,0,0,970688,0,1013.784744,0.0,32,32,32.0,0.0,0.0,0,0,0,0,0,0,0,0,0,32.00026373,32.0,0.0,0,0,0,0,0,0,121336,3882752,0,0,-1,-1,121335,8,0.0,0.0,0,0,0.0,0.0,0,0,DDOS attack-LOIC-UDP
80,17,21/02/2018 10:21:19,119766524,126080,0,4034560,0,32,32,32.0,0.0,0,0,0.0,0.0,33686.87564,1052.714864,949.9323757,19420.11538,646940,0,120000000,949.9323757,19420.11538,646940,0,0,0.0,0.0,0,0,0,0,0,0,1008640,0,1052.714864,0.0,32,32,32.0,0.0,0.0,0,0,0,0,0,0,0,0,0,32.00025381,32.0,0.0,0,0,0,0,0,0,126080,4034560,0,0,-1,-1,126079,8,0.0,0.0,0,0,0.0,0.0,0,0,DDOS attack-LOIC-UDP
80,17,21/02/2018 10:21:19,119689721,124866,0,3995712,0,32,32,32.0,0.0,0,0,0.0,0.0,33383.91941,1043.247482,958.5530052,19206.79337,584858,1,120000000,958.5530052,19206.79337,584858,1,0,0.0,0.0,0,0,0,0,0,0,998928,0,1043.247482,0.0,32,32,32.0,0.0,0.0,0,0,0,0,0,0,0,0,0,32.00025627,32.0,0.0,0,0,0,0,0,0,124866,3995712,0,0,-1,-1,124865,8,0.0,0.0,0,0,0.0,0.0,0,0,DDOS attack-LOIC-UDP
80,17,21/02/2018 10:21:19,119773687,126002,0,4032064,0,32,32,32.0,0.0,0,0,0.0,0.0,33664.02171,1052.000679,950.5772732,19414.31048,660207,0,120000000,950.5772732,19414.31048,660207,0,0,0.0,0.0,0,0,0,0,0,0,1008016,0,1052.000679,0.0,32,32,32.0,0.0,0.0,0,0,0,0,0,0,0,0,0,32.00025396,32.0,0.0,0,0,0,0,0,0,126002,4032064,0,0,-1,-1,126001,8,0.0,0.0,0,0,0.0,0.0,0,0,DDOS attack-LOIC-UDP
80,17,21/02/2018 10:21:20,119700732,142744,0,4567808,0,32,32,32.0,0.0,0,0,0.0,0.0,38160.23448,1192.507327,838.5751455,17967.72909,585604,0,120000000,838.5751455,17967.72909,585604,0,0,0.0,0.0,0,0,0,0,0,0,1141952,0,1192.507327,0.0,32,32,32.0,0.0,0.0,0,0,0,0,0,0,0,0,0,32.00022418,32.0,0.0,0,0,0,0,0,0,142744,4567808,0,0,-1,-1,142743,8,0.0,0.0,0,0,0.0,0.0,0,0,DDOS attack-LOIC-UDP
80,17,21/02/2018 10:21:20,119757981,120595,0,3859040,0,32,32,32.0,0.0,0,0,0.0,0.0,32223.65614,1006.989254,993.0674909,19848.83811,668017,0,120000000,993.0674909,19848.83811,668017,0,0,0.0,0.0,0,0,0,0,0,0,964760,0,1006.989254,0.0,32,32,32.0,0.0,0.0,0,0,0,0,0,0,0,0,0,32.00026535,32.0,0.0,0,0,0,0,0,0,120595,3859040,0,0,-1,-1,120594,8,0.0,0.0,0,0,0.0,0.0,0,0,DDOS attack-LOIC-UDP
80,17,21/02/2018 10:21:20,119722740,125775,0,4024800,0,32,32,32.0,0.0,0,0,0.0,0.0,33617.67363,1050.552301,951.8878306,19164.12621,585573,0,120000000,951.8878306,19164.12621,585573,0,0,0.0,0.0,0,0,0,0,0,0,1006200,0,1050.552301,0.0,32,32,32.0,0.0,0.0,0,0,0,0,0,0,0,0,0,32.00025442,32.0,0.0,0,0,0,0,0,0,125775,4024800,0,0,-1,-1,125774,8,0.0,0.0,0,0,0.0,0.0,0,0,DDOS attack-LOIC-UDP
80,17,21/02/2018 10:21:19,108000000,14,0,448,0,32,32,32.0,0.0,0,0,0.0,0.0,4.148148148,0.12962963,8307692.308,6470932.685,22000000,1999990,108000000,8307692.308,6470932.685,22000000,1999990,0,0.0,0.0,0,0,0,0,0,0,112,0,0.12962963,0.0,32,32,32.0,0.0,0.0,0,0,0,0,0,0,0,0,0,34.28571429,32.0,0.0,0,0,0,0,0,0,14,448,0,0,-1,-1,13,8,3009975.0,1428334.485,4019960,1999990,11100000.0,5841220.751,22000000,5000049,Benign
80,17,21/02/2018 10:21:22,119750105,136350,0,4363200,0,32,32,32.0,0.0,0,0,0.0,0.0,36435.87619,1138.621131,878.2617034,18664.68935,645479,0,120000000,878.2617034,18664.68935,645479,0,0,0.0,0.0,0,0,0,0,0,0,1090800,0,1138.621131,0.0,32,32,32.0,0.0,0.0,0,0,0,0,0,0,0,0,0,32.00023469,32.0,0.0,0,0,0,0,0,0,136350,4363200,0,0,-1,-1,136349,8,0.0,0.0,0,0,0.0,0.0,0,0,DDOS attack-LOIC-UDP
80,17,21/02/2018 10:21:22,119723612,136108,0,4355456,0,32,32,32.0,0.0,0,0,0.0,0.0,36379.25658,1136.851768,879.6286157,18412.51166,586236,1,120000000,879.6286157,18412.51166,586236,1,0,0.0,0.0,0,0,0,0,0,0,1088864,0,1136.851768,0.0,32,32,32.0,0.0,0.0,0,0,0,0,0,0,0,0,0,32.00023511,32.0,0.0,0,0,0,0,0,0,136108,4355456,0,0,-1,-1,136107,8,0.0,0.0,0,0,0.0,0.0,0,0,DDOS attack-LOIC-UDP
80,17,21/02/2018 10:21:23,119748592,120882,0,3868224,0,32,32,32.0,0.0,0,0,0.0,0.0,32302.87668,1009.464896,990.6320431,19805.70714,665347,0,120000000,990.6320431,19805.70714,665347,0,0,0.0,0.0,0,0,0,0,0,0,967056,0,1009.464896,0.0,32,32,32.0,0.0,0.0,0,0,0,0,0,0,0,0,0,32.00026472,32.0,0.0,0,0,0,0,0,0,120882,3868224,0,0,-1,-1,120881,8,0.0,0.0,0,0,0.0,0.0,0,0,DDOS attack-LOIC-UDP
80,17,21/02/2018 10:21:24,119725660,141143,0,4516576,0,32,32,32.0,0.0,0,0,0.0,0.0,37724.37755,1178.886798,848.2638761,18341.69513,665836,0,120000000,848.2638761,18341.69513,665836,0,0,0.0,0.0,0,0,0,0,0,0,1129144,0,1178.886798,0.0,32,32,32.0,0.0,0.0,0,0,0,0,0,0,0,0,0,32.00022672,32.0,0.0,0,0,0,0,0,0,141143,4516576,0,0,-1,-1,141142,8,0.0,0.0,0,0,0.0,0.0,0,0,DDOS attack-LOIC-UDP
80,17,21/02/2018 10:21:24,119890948,106901,0,3420832,0,32,32,32.0,0.0,0,0,0.0,0.0,28532.86305,891.6519703,1121.524303,22541.83649,622242,0,120000000,1121.524303,22541.83649,622242,0,0,0.0,0.0,0,0,0,0,0,0,855208,0,891.6519703,0.0,32,32,32.0,0.0,0.0,0,0,0,0,0,0,0,0,0,32.00029934,32.0,0.0,0,0,0,0,0,0,106901,3420832,0,0,-1,-1,106900,8,0.0,0.0,0,0,0.0,0.0,0,0,DDOS attack-LOIC-UDP
80,17,21/02/2018 10:21:25,119743300,122770,0,3928640,0,32,32,32.0,0.0,0,0,0.0,0.0,32808.85027,1025.276571,975.3545276,19672.48545,651547,0,120000000,975.3545276,19672.48545,651547,0,0,0.0,0.0,0,0,0,0,0,0,982160,0,1025.276571,0.0,32,32,32.0,0.0,0.0,0,0,0,0,0,0,0,0,0,32.00026065,32.0,0.0,0,0,0,0,0,0,122770,3928640,0,0,-1,-1,122769,8,0.0,0.0,0,0,0.0,0.0,0,0,DDOS attack-LOIC-UDP
0,0,21/02/2018 10:20:36,112641446,3,0,0,0,0,0,0.0,0.0,0,0,0.0,0.0,0.0,0.026633181,56300000.0,33.9411255,56300000,56300000,113000000,56300000.0,33.9411255,56300000,56300000,0,0.0,0.0,0,0,0,0,0,0,0,0,0.026633181,0.0,0,0,0.0,0.0,0.0,0,0,0,0,0,0,0,0,0,0.0,0.0,0.0,0,0,0,0,0,0,3,0,0,0,-1,-1,0,0,0.0,0.0,0,0,56300000.0,33.9411255,56300000,56300000,Benign
80,17,21/02/2018 10:21:25,119487360,115093,0,3682976,0,32,32,32.0,0.0,0,0,0.0,0.0,30823.14313,963.2232229,1038.18997,21691.75601,624420,1,119000000,1038.18997,21691.75601,624420,1,0,0.0,0.0,0,0,0,0,0,0,920744,0,963.2232229,0.0,32,32,32.0,0.0,0.0,0,0,0,0,0,0,0,0,0,32.00027804,32.0,0.0,0,0,0,0,0,0,115093,3682976,0,0,-1,-1,115092,8,0.0,0.0,0,0,0.0,0.0,0,0,DDOS attack-LOIC-UDP
80,17,21/02/2018 10:21:26,119769012,133157,0,4261024,0,32,32,32.0,0.0,0,0,0.0,0.0,35577.01553,1111.781735,899.463877,18898.65435,665531,0,120000000,899.463877,18898.65435,665531,0,0,0.0,0.0,0,0,0,0,0,0,1065256,0,1111.781735,0.0,32,32,32.0,0.0,0.0,0,0,0,0,0,0,0,0,0,32.00024032,32.0,0.0,0,0,0,0,0,0,133157,4261024,0,0,-1,-1,133156,8,0.0,0.0,0,0,0.0,0.0,0,0,DDOS attack-LOIC-UDP
80,17,21/02/2018 10:21:27,119745527,127651,0,4084832,0,32,32,32.0,0.0,0,0,0.0,0.0,34112.60614,1066.018942,938.0769839,19314.62408,668082,0,120000000,938.0769839,19314.62408,668082,0,0,0.0,0.0,0,0,0,0,0,0,1021208,0,1066.018942,0.0,32,32,32.0,0.0,0.0,0,0,0,0,0,0,0,0,0,32.00025068,32.0,0.0,0,0,0,0,0,0,127651,4084832,0,0,-1,-1,127650,8,0.0,0.0,0,0,0.0,0.0,0,0,DDOS attack-LOIC-UDP
80,17,21/02/2018 10:21:27,119961971,104255,0,3336160,0,32,32,32.0,0.0,0,0,0.0,0.0,27810.1466,869.0670813,1150.6702,22908.79713,669151,1,120000000,1150.6702,22908.79713,669151,1,0,0.0,0.0,0,0,0,0,0,0,834040,0,869.0670813,0.0,32,32,32.0,0.0,0.0,0,0,0,0,0,0,0,0,0,32.00030694,32.0,0.0,0,0,0,0,0,0,104255,3336160,0,0,-1,-1,104254,8,0.0,0.0,0,0,0.0,0.0,0,0,DDOS attack-LOIC-UDP
80,17,21/02/2018 10:21:27,119941287,110198,0,3526336,0,32,32,32.0,0.0,0,0,0.0,0.0,29400.51827,918.766196,1088.426064,22271.24138,673027,0,120000000,1088.426064,22271.24138,673027,0,0,0.0,0.0,0,0,0,0,0,0,881584,0,918.766196,0.0,32,32,32.0,0.0,0.0,0,0,0,0,0,0,0,0,0,32.00029039,32.0,0.0,0,0,0,0,0,0,110198,3526336,0,0,-1,-1,110197,8,0.0,0.0,0,0,0.0,0.0,0,0,DDOS attack-LOIC-UDP
80,17,21/02/2018 10:21:28,119682766,103919,0,3325408,0,32,32,32.0,0.0,0,0,0.0,0.0,27785.18672,868.2870849,1151.703901,22955.28528,666654,0,120000000,1151.703901,22955.28528,666654,0,0,0.0,0.0,0,0,0,0,0,0,831352,0,868.2870849,0.0,32,32,32.0,0.0,0.0,0,0,0,0,0,0,0,0,0,32.00030793,32.0,0.0,0,0,0,0,0,0,103919,3325408,0,0,-1,-1,103918,8,0.0,0.0,0,0,0.0,0.0,0,0,DDOS attack-LOIC-UDP
80,17,21/02/2018 10:21:29,119332770,90322,0,2890304,0,32,32,32.0,0.0,0,0,0.0,0.0,24220.53892,756.8918412,1321.20736,28046.15984,940971,0,119000000,1321.20736,28046.15984,940971,0,0,0.0,0.0,0,0,0,0,0,0,722576,0,756.8918412,0.0,32,32,32.0,0.0,0.0,0,0,0,0,0,0,0,0,0,32.00035429,32.0,0.0,0,0,0,0,0,0,90322,2890304,0,0,-1,-1,90321,8,0.0,0.0,0,0,0.0,0.0,0,0,DDOS attack-LOIC-UDP
80,17,21/02/2018 10:21:29,119999957,112592,0,3602944,0,32,32,32.0,0.0,0,0,0.0,0.0,30024.54409,938.2670029,1065.804167,22101.61155,673190,0,120000000,1065.804167,22101.61155,673190,0,0,0.0,0.0,0,0,0,0,0,0,900736,0,938.2670029,0.0,32,32,32.0,0.0,0.0,0,0,0,0,0,0,0,0,0,32.00028421,32.0,0.0,0,0,0,0,0,0,112592,3602944,0,0,-1,-1,112591,8,0.0,0.0,0,0,0.0,0.0,0,0,DDOS attack-LOIC-UDP
80,17,21/02/2018 10:21:29,102999915,10,0,320,0,32,32,32.0,0.0,0,0,0.0,0.0,3.10679868,0.097087459,11400000.0,7473381.883,23100000,1000000,103000000,11400000.0,7473381.883,23100000,1000000,0,0.0,0.0,0,0,0,0,0,0,80,0,0.097087459,0.0,32,32,32.0,0.0,0.0,0,0,0,0,0,0,0,0,0,35.2,32.0,0.0,0,0,0,0,0,0,10,320,0,0,-1,-1,9,8,6010494.0,0.0,6010494,6010494,16000000.0,3711704.879,23100000,13000000,Benign
80,17,21/02/2018 10:21:30,119999871,80811,0,2585952,0,32,32,32.0,0.0,0,0,0.0,0.0,21549.62317,673.4257239,1484.963136,29677.90046,922315,0,120000000,1484.963136,29677.90046,922315,0,0,0.0,0.0,0,0,0,0,0,0,646488,0,673.4257239,0.0,32,32,32.0,0.0,0.0,0,0,0,0,0,0,0,0,0,32.00039599,32.0,0.0,0,0,0,0,0,0,80811,2585952,0,0,-1,-1,80810,8,0.0,0.0,0,0,0.0,0.0,0,0,DDOS attack-LOIC-UDP
80,17,21/02/2018 10:21:30,119551332,104998,0,3359936,0,32,32,32.0,0.0,0,0,0.0,0.0,28104.54676,878.2670861,1138.616646,22842.20083,664885,0,120000000,1138.616646,22842.20083,664885,0,0,0.0,0.0,0,0,0,0,0,0,839984,0,878.2670861,0.0,32,32,32.0,0.0,0.0,0,0,0,0,0,0,0,0,0,32.00030477,32.0,0.0,0,0,0,0,0,0,104998,3359936,0,0,-1,-1,104997,8,0.0,0.0,0,0,0.0,0.0,0,0,DDOS attack-LOIC-UDP
80,17,21/02/2018 10:21:30,105020023,12,0,384,0,32,32,32.0,0.0,0,0,0.0,0.0,3.65644559,0.114263925,9547274.818,8545096.211,29000000,1999938,105000000,9547274.818,8545096.211,29000000,1999938,0,0.0,0.0,0,0,0,0,0,0,96,0,0.114263925,0.0,32,32,32.0,0.0,0.0,0,0,0,0,0,0,0,0,0,34.66666667,32.0,0.0,0,0,0,0,0,0,12,384,0,0,-1,-1,11,8,8510208.5,3538170.707,11000000,6008344,17000000.0,7354251.547,29000000,11000000,Benign
80,17,21/02/2018 10:21:31,119871696,101310,0,3241920,0,32,32,32.0,0.0,0,0,0.0,0.0,27044.91642,845.1536383,1183.228499,23333.38452,668654,0,120000000,1183.228499,23333.38452,668654,0,0,0.0,0.0,0,0,0,0,0,0,810480,0,845.1536383,0.0,32,32,32.0,0.0,0.0,0,0,0,0,0,0,0,0,0,32.00031586,32.0,0.0,0,0,0,0,0,0,101310,3241920,0,0,-1,-1,101309,8,0.0,0.0,0,0,0.0,0.0,0,0,DDOS attack-LOIC-UDP
80,17,21/02/2018 10:21:32,119477128,92359,0,2955488,0,32,32,32.0,0.0,0,0,0.0,0.0,24736.85173,773.0266164,1293.630525,27655.53184,930201,1,119000000,1293.630525,27655.53184,930201,1,0,0.0,0.0,0,0,0,0,0,0,738872,0,773.0266164,0.0,32,32,32.0,0.0,0.0,0,0,0,0,0,0,0,0,0,32.00034647,32.0,0.0,0,0,0,0,0,0,92359,2955488,0,0,-1,-1,92358,8,0.0,0.0,0,0,0.0,0.0,0,0,DDOS attack-LOIC-UDP
80,17,21/02/2018 10:21:32,119483403,78471,0,2511072,0,32,32,32.0,0.0,0,0,0.0,0.0,21016.07367,656.7523022,1522.663476,30028.4696,928943,0,119000000,1522.663476,30028.4696,928943,0,0,0.0,0.0,0,0,0,0,0,0,627768,0,656.7523022,0.0,32,32,32.0,0.0,0.0,0,0,0,0,0,0,0,0,0,32.00040779,32.0,0.0,0,0,0,0,0,0,78471,2511072,0,0,-1,-1,78470,8,0.0,0.0,0,0,0.0,0.0,0,0,DDOS attack-LOIC-UDP
80,17,21/02/2018 10:21:33,119543354,116977,0,3743264,0,32,32,32.0,0.0,0,0,0.0,0.0,31313.02473,978.5320228,1021.947699,21719.78561,675575,0,120000000,1021.947699,21719.78561,675575,0,0,0.0,0.0,0,0,0,0,0,0,935816,0,978.5320228,0.0,32,32,32.0,0.0,0.0,0,0,0,0,0,0,0,0,0,32.00027356,32.0,0.0,0,0,0,0,0,0,116977,3743264,0,0,-1,-1,116976,8,0.0,0.0,0,0,0.0,0.0,0,0,DDOS attack-LOIC-UDP
80,17,21/02/2018 10:21:33,119495515,93127,0,2980064,0,32,32,32.0,0.0,0,0,0.0,0.0,24938.71004,779.3346888,1283.159537,27534.67656,909050,0,119000000,1283.159537,27534.67656,909050,0,0,0.0,0.0,0,0,0,0,0,0,745016,0,779.3346888,0.0,32,32,32.0,0.0,0.0,0,0,0,0,0,0,0,0,0,32.00034362,32.0,0.0,0,0,0,0,0,0,93127,2980064,0,0,-1,-1,93126,8,0.0,0.0,0,0,0.0,0.0,0,0,DDOS attack-LOIC-UDP
80,17,21/02/2018 10:21:24,114000003,10,0,320,0,32,32,32.0,0.0,0,0,0.0,0.0,2.80701747,0.087719296,12700000.0,9646714.021,34000000,3987772,114000000,12700000.0,9646714.021,34000000,3987772,0,0.0,0.0,0,0,0,0,0,0,80,0,0.087719296,0.0,32,32,32.0,0.0,0.0,0,0,0,0,0,0,0,0,0,35.2,32.0,0.0,0,0,0,0,0,0,10,320,0,0,-1,-1,9,8,6015970.5,2822604.1,8011853,4020088,17000000.0,9025540.075,34000000,8987967,Benign
80,17,21/02/2018 10:21:29,116940018,9,0,288,0,32,32,32.0,0.0,0,0,0.0,0.0,2.462801058,0.076962533,14600000.0,8245193.108,33000000,7999864,117000000,14600000.0,8245193.108,33000000,7999864,0,0.0,0.0,0,0,0,0,0,0,72,0,0.076962533,0.0,32,32,32.0,0.0,0.0,0,0,0,0,0,0,0,0,0,35.55555556,32.0,0.0,0,0,0,0,0,0,9,288,0,0,-1,-1,8,8,0.0,0.0,0,0,14600000.0,8245193.108,33000000,7999864,Benign
80,17,21/02/2018 10:21:34,119860103,100507,0,3216224,0,32,32,32.0,0.0,0,0,0.0,0.0,26833.14898,838.5359055,1192.566643,23475.79276,667453,1,120000000,1192.566643,23475.79276,667453,1,0,0.0,0.0,0,0,0,0,0,0,804056,0,838.5359055,0.0,32,32,32.0,0.0,0.0,0,0,0,0,0,0,0,0,0,32.00031839,32.0,0.0,0,0,0,0,0,0,100507,3216224,0,0,-1,-1,100506,8,0.0,0.0,0,0,0.0,0.0,0,0,DDOS attack-LOIC-UDP
80,17,21/02/2018 10:21:34,119498056,80362,0,2571584,0,32,32,32.0,0.0,0,0,0.0,0.0,21519.88146,672.4962957,1487.015542,29669.29982,917968,0,119000000,1487.015542,29669.29982,917968,0,0,0.0,0.0,0,0,0,0,0,0,642896,0,672.4962957,0.0,32,32,32.0,0.0,0.0,0,0,0,0,0,0,0,0,0,32.0003982,32.0,0.0,0,0,0,0,0,0,80362,2571584,0,0,-1,-1,80361,8,0.0,0.0,0,0,0.0,0.0,0,0,DDOS attack-LOIC-UDP
80,17,21/02/2018 10:21:35,119404027,83142,0,2660544,0,32,32,32.0,0.0,0,0,0.0,0.0,22281.86157,696.3081739,1436.162988,29146.67736,917759,1,119000000,1436.162988,29146.67736,917759,1,0,0.0,0.0,0,0,0,0,0,0,665136,0,696.3081739,0.0,32,32,32.0,0.0,0.0,0,0,0,0,0,0,0,0,0,32.00038488,32.0,0.0,0,0,0,0,0,0,83142,2660544,0,0,-1,-1,83141,8,0.0,0.0,0,0,0.0,0.0,0,0,DDOS attack-LOIC-UDP
80,17,21/02/2018 10:21:35,119959458,126049,0,4033568,0,32,32,32.0,0.0,0,0,0.0,0.0,33624.42668,1050.763334,951.6966394,19148.39855,658998,0,120000000,951.6966394,19148.39855,658998,0,0,0.0,0.0,0,0,0,0,0,0,1008392,0,1050.763334,0.0,32,32,32.0,0.0,0.0,0,0,0,0,0,0,0,0,0,32.00025387,32.0,0.0,0,0,0,0,0,0,126049,4033568,0,0,-1,-1,126048,8,0.0,0.0,0,0,0.0,0.0,0,0,DDOS attack-LOIC-UDP
80,17,21/02/2018 10:21:17,115020027,17,0,544,0,32,32,32.0,0.0,0,0,0.0,0.0,4.729611131,0.147800348,7188751.688,4840538.3,18000000,1000067,115000000,7188751.688,4840538.3,18000000,1000067,0,0.0,0.0,0,0,0,0,0,0,136,0,0.147800348,0.0,32,32,32.0,0.0,0.0,0,0,0,0,0,0,0,0,0,33.88235294,32.0,0.0,0,0,0,0,0,0,17,544,0,0,-1,-1,16,8,4514872.5,2371810.634,8003950,3020071,10800000.0,3030048.251,18000000,8979935,Benign
80,17,21/02/2018 10:21:33,115016013,16,0,512,0,32,32,32.0,0.0,0,0,0.0,0.0,4.451554063,0.139111064,7667734.2,5004067.667,20000000,1988083,115000000,7667734.2,5004067.667,20000000,1988083,0,0.0,0.0,0,0,0,0,0,0,128,0,0.139111064,0.0,32,32,32.0,0.0,0.0,0,0,0,0,0,0,0,0,0,34.0,32.0,0.0,0,0,0,0,0,0,16,512,0,0,-1,-1,15,8,5324044.333,3053286.313,7979992,1988083,9904388.0,4686810.433,20000000,5008015,Benign
80,17,21/02/2018 10:21:36,119922868,90726,0,2903232,0,32,32,32.0,0.0,0,0,0.0,0.0,24209.16084,756.5362763,1321.82825,27939.41752,921536,1,120000000,1321.82825,27939.41752,921536,1,0,0.0,0.0,0,0,0,0,0,0,725808,0,756.5362763,0.0,32,32,32.0,0.0,0.0,0,0,0,0,0,0,0,0,0,32.00035271,32.0,0.0,0,0,0,0,0,0,90726,2903232,0,0,-1,-1,90725,8,0.0,0.0,0,0,0.0,0.0,0,0,DDOS attack-LOIC-UDP
80,17,21/02/2018 10:21:37,119742259,145431,0,4653792,0,32,32,32.0,0.0,0,0,0.0,0.0,38865.07603,1214.533626,823.3669738,17816.50817,657438,0,120000000,823.3669738,17816.50817,657438,0,0,0.0,0.0,0,0,0,0,0,0,1163448,0,1214.533626,0.0,32,32,32.0,0.0,0.0,0,0,0,0,0,0,0,0,0,32.00022004,32.0,0.0,0,0,0,0,0,0,145431,4653792,0,0,-1,-1,145430,8,0.0,0.0,0,0,0.0,0.0,0,0,DDOS attack-LOIC-UDP
80,17,21/02/2018 10:21:37,119916719,83759,0,2680288,0,32,32,32.0,0.0,0,0,0.0,0.0,22351.24528,698.4764151,1431.704661,29078.27766,936326,1,120000000,1431.704661,29078.27766,936326,1,0,0.0,0.0,0,0,0,0,0,0,670072,0,698.4764151,0.0,32,32,32.0,0.0,0.0,0,0,0,0,0,0,0,0,0,32.00038205,32.0,0.0,0,0,0,0,0,0,83759,2680288,0,0,-1,-1,83758,8,0.0,0.0,0,0,0.0,0.0,0,0,DDOS attack-LOIC-UDP
80,17,21/02/2018 10:21:38,119836329,126399,0,4044768,0,32,32,32.0,0.0,0,0,0.0,0.0,33752.43579,1054.763618,948.0872245,19123.6839,666563,1,120000000,948.0872245,19123.6839,666563,1,0,0.0,0.0,0,0,0,0,0,0,1011192,0,1054.763618,0.0,32,32,32.0,0.0,0.0,0,0,0,0,0,0,0,0,0,32.00025317,32.0,0.0,0,0,0,0,0,0,126399,4044768,0,0,-1,-1,126398,8,0.0,0.0,0,0,0.0,0.0,0,0,DDOS attack-LOIC-UDP
80,17,21/02/2018 10:21:38,119906893,91066,0,2914112,0,32,32,32.0,0.0,0,0,0.0,0.0,24303.12326,759.4726018,1316.717652,27884.99808,930765,1,120000000,1316.717652,27884.99808,930765,1,0,0.0,0.0,0,0,0,0,0,0,728528,0,759.4726018,0.0,32,32,32.0,0.0,0.0,0,0,0,0,0,0,0,0,0,32.00035139,32.0,0.0,0,0,0,0,0,0,91066,2914112,0,0,-1,-1,91065,8,0.0,0.0,0,0,0.0,0.0,0,0,DDOS attack-LOIC-UDP
80,17,21/02/2018 10:21:39,119596797,138078,0,4418496,0,32,32,32.0,0.0,0,0,0.0,0.0,36944.93591,1154.529247,866.1601643,18274.75494,674358,1,120000000,866.1601643,18274.75494,674358,1,0,0.0,0.0,0,0,0,0,0,0,1104624,0,1154.529247,0.0,32,32,32.0,0.0,0.0,0,0,0,0,0,0,0,0,0,32.00023175,32.0,0.0,0,0,0,0,0,0,138078,4418496,0,0,-1,-1,138077,8,0.0,0.0,0,0,0.0,0.0,0,0,DDOS attack-LOIC-UDP
80,17,21/02/2018 10:21:31,115980045,11,0,352,0,32,32,32.0,0.0,0,0,0.0,0.0,3.035004858,0.094843902,11600000.0,4138671.713,19000000,6991918,116000000,11600000.0,4138671.713,19000000,6991918,0,0.0,0.0,0,0,0,0,0,0,88,0,0.094843902,0.0,32,32,32.0,0.0,0.0,0,0,0,0,0,0,0,0,0,34.90909091,32.0,0.0,0,0,0,0,0,0,11,352,0,0,-1,-1,10,8,0.0,0.0,0,0,11600000.0,4138671.713,19000000,6991918,Benign
80,17,21/02/2018 10:21:40,119799204,122976,0,3935232,0,32,32,32.0,0.0,0,0,0.0,0.0,32848.5655,1026.517672,974.1752714,19407.41467,658200,0,120000000,974.1752714,19407.41467,658200,0,0,0.0,0.0,0,0,0,0,0,0,983808,0,1026.517672,0.0,32,32,32.0,0.0,0.0,0,0,0,0,0,0,0,0,0,32.00026021,32.0,0.0,0,0,0,0,0,0,122976,3935232,0,0,-1,-1,122975,8,0.0,0.0,0,0,0.0,0.0,0,0,DDOS attack-LOIC-UDP
80,17,21/02/2018 10:21:41,119880621,139565,0,4466080,0,32,32,32.0,0.0,0,0,0.0,0.0,37254.39494,1164.199842,858.9652131,18232.19649,656865,0,120000000,858.9652131,18232.19649,656865,0,0,0.0,0.0,0,0,0,0,0,0,1116520,0,1164.199842,0.0,32,32,32.0,0.0,0.0,0,0,0,0,0,0,0,0,0,32.00022928,32.0,0.0,0,0,0,0,0,0,139565,4466080,0,0,-1,-1,139564,8,0.0,0.0,0,0,0.0,0.0,0,0,DDOS attack-LOIC-UDP
80,17,21/02/2018 10:21:43,119684197,145305,0,4649760,0,32,32,32.0,0.0,0,0,0.0,0.0,38850.24186,1214.070058,823.6813646,17872.66184,656480,0,120000000,823.6813646,17872.66184,656480,0,0,0.0,0.0,0,0,0,0,0,0,1162440,0,1214.070058,0.0,32,32,32.0,0.0,0.0,0,0,0,0,0,0,0,0,0,32.00022023,32.0,0.0,0,0,0,0,0,0,145305,4649760,0,0,-1,-1,145304,8,0.0,0.0,0,0,0.0,0.0,0,0,DDOS attack-LOIC-UDP
80,17,21/02/2018 10:21:43,119734444,121135,0,3876320,0,32,32,32.0,0.0,0,0,0.0,0.0,32374.30994,1011.697185,988.4462166,19568.21975,657050,0,120000000,988.4462166,19568.21975,657050,0,0,0.0,0.0,0,0,0,0,0,0,969080,0,1011.697185,0.0,32,32,32.0,0.0,0.0,0,0,0,0,0,0,0,0,0,32.00026417,32.0,0.0,0,0,0,0,0,0,121135,3876320,0,0,-1,-1,121134,8,0.0,0.0,0,0,0.0,0.0,0,0,DDOS attack-LOIC-UDP
80,17,21/02/2018 10:21:38,119992068,15,0,480,0,32,32,32.0,0.0,0,0,0.0,0.0,4.000264417,0.125008263,8570862.0,7346739.498,22000000,1967911,120000000,8570862.0,7346739.498,22000000,1967911,0,0.0,0.0,0,0,0,0,0,0,120,0,0.125008263,0.0,32,32,32.0,0.0,0.0,0,0,0,0,0,0,0,0,0,34.13333333,32.0,0.0,0,0,0,0,0,0,15,480,0,0,-1,-1,14,8,4984007.0,990056.9075,5968017,3988012,13100000.0,6613225.157,22000000,6988146,Benign
80,17,21/02/2018 10:21:44,119917066,125721,0,4023072,0,32,32,32.0,0.0,0,0,0.0,0.0,33548.78613,1048.399566,953.8423958,19214.92666,657926,0,120000000,953.8423958,19214.92666,657926,0,0,0.0,0.0,0,0,0,0,0,0,1005768,0,1048.399566,0.0,32,32,32.0,0.0,0.0,0,0,0,0,0,0,0,0,0,32.00025453,32.0,0.0,0,0,0,0,0,0,125721,4023072,0,0,-1,-1,125720,8,0.0,0.0,0,0,0.0,0.0,0,0,DDOS attack-LOIC-UDP
80,17,21/02/2018 10:21:44,101011988,15,0,480,0,32,32,32.0,0.0,0,0,0.0,0.0,4.751911229,0.148497226,7215142.0,5324989.969,23000000,1967932,101000000,7215142.0,5324989.969,23000000,1967932,0,0.0,0.0,0,0,0,0,0,0,120,0,0.148497226,0.0,32,32,32.0,0.0,0.0,0,0,0,0,0,0,0,0,0,34.13333333,32.0,0.0,0,0,0,0,0,0,15,480,0,0,-1,-1,14,8,3999996.0,0.0,3999996,3999996,9101607.0,5175366.87,23000000,6000002,Benign
80,17,21/02/2018 10:21:42,118003820,16,0,512,0,32,32,32.0,0.0,0,0,0.0,0.0,4.33884259,0.135588831,7866921.333,4865045.206,22000000,3004104,118000000,7866921.333,4865045.206,22000000,3004104,0,0.0,0.0,0,0,0,0,0,0,128,0,0.135588831,0.0,32,32,32.0,0.0,0.0,0,0,0,0,0,0,0,0,0,34.0,32.0,0.0,0,0,0,0,0,0,16,512,0,0,-1,-1,15,8,3998076.75,809971.8778,4988114,3004104,9273773.909,4977446.486,22000000,5003903,Benign
80,17,21/02/2018 10:21:45,119686701,140167,0,4485344,0,32,32,32.0,0.0,0,0,0.0,0.0,37475.70919,1171.115912,853.8925346,18224.49276,656309,0,120000000,853.8925346,18224.49276,656309,0,0,0.0,0.0,0,0,0,0,0,0,1121336,0,1171.115912,0.0,32,32,32.0,0.0,0.0,0,0,0,0,0,0,0,0,0,32.0002283,32.0,0.0,0,0,0,0,0,0,140167,4485344,0,0,-1,-1,140166,8,0.0,0.0,0,0,0.0,0.0,0,0,DDOS attack-LOIC-UDP
80,17,21/02/2018 10:21:43,112991993,12,0,384,0,32,32,32.0,0.0,0,0,0.0,0.0,3.398470899,0.106202216,10300000.0,9792148.638,28000000,947888,113000000,10300000.0,9792148.638,28000000,947888,0,0.0,0.0,0,0,0,0,0,0,96,0,0.106202216,0.0,32,32,32.0,0.0,0.0,0,0,0,0,0,0,0,0,0,34.66666667,32.0,0.0,0,0,0,0,0,0,12,384,0,0,-1,-1,11,8,1295372.667,530562.63,1907883,978162,17500000.0,7190721.347,28000000,12000000,Benign
80,17,21/02/2018 10:21:46,113000015,11,0,352,0,32,32,32.0,0.0,0,0,0.0,0.0,3.115043834,0.09734512,11300000.0,10800000.0,29000000,928039,113000000,11300000.0,10800000.0,29000000,928039,0,0.0,0.0,0,0,0,0,0,0,88,0,0.09734512,0.0,32,32,32.0,0.0,0.0,0,0,0,0,0,0,0,0,0,34.90909091,32.0,0.0,0,0,0,0,0,0,11,352,0,0,-1,-1,10,8,1290181.667,535471.7986,1908010,960145,18200000.0,8180293.321,29000000,11000000,Benign
80,17,21/02/2018 10:21:48,111999973,9,0,288,0,32,32,32.0,0.0,0,0,0.0,0.0,2.571429191,0.080357162,14000000.0,10600000.0,29000000,960075,112000000,14000000.0,10600000.0,29000000,960075,0,0.0,0.0,0,0,0,0,0,0,72,0,0.080357162,0.0,32,32,32.0,0.0,0.0,0,0,0,0,0,0,0,0,0,35.55555556,32.0,0.0,0,0,0,0,0,0,9,288,0,0,-1,-1,8,8,980062.0,28265.88647,1000049,960075,18300000.0,8255032.382,29000000,11000000,Benign
80,17,21/02/2018 10:21:42,117020011,16,0,512,0,32,32,32.0,0.0,0,0,0.0,0.0,4.375320047,0.136728751,7801334.067,5253939.215,18000000,999956,117000000,7801334.067,5253939.215,18000000,999956,0,0.0,0.0,0,0,0,0,0,0,128,0,0.136728751,0.0,32,32,32.0,0.0,0.0,0,0,0,0,0,0,0,0,0,34.0,32.0,0.0,0,0,0,0,0,0,16,512,0,0,-1,-1,15,8,8001948.0,2831372.932,10000000,5999865,11200000.0,3733771.406,18000000,7007994,Benign
80,17,21/02/2018 10:21:51,111979880,13,0,416,0,32,32,32.0,0.0,0,0,0.0,0.0,3.714953079,0.116092284,9331656.667,8711744.183,28000000,920158,112000000,9331656.667,8711744.183,28000000,920158,0,0.0,0.0,0,0,0,0,0,0,104,0,0.116092284,0.0,32,32,32.0,0.0,0.0,0,0,0,0,0,0,0,0,0,34.46153846,32.0,0.0,0,0,0,0,0,0,13,416,0,0,-1,-1,12,8,1293416.333,542723.1095,1920099,980066,15300000.0,6277054.188,28000000,10100000,Benign
80,17,21/02/2018 10:21:54,115000117,15,0,480,0,32,32,32.0,0.0,0,0,0.0,0.0,4.173908797,0.13043465,8214294.071,4539335.37,18100000,1999871,115000000,8214294.071,4539335.37,18100000,1999871,0,0.0,0.0,0,0,0,0,0,0,120,0,0.13043465,0.0,32,32,32.0,0.0,0.0,0,0,0,0,0,0,0,0,0,34.13333333,32.0,0.0,0,0,0,0,0,0,15,480,0,0,-1,-1,14,8,5236782.5,3402842.964,9987889,1999871,10500000.0,4109098.282,18100000,5988079,Benign
80,17,21/02/2018 10:21:55,98999945,9,0,288,0,32,32,32.0,0.0,0,0,0.0,0.0,2.909092525,0.090909141,12400000.0,10100000.0,35000000,4987811,99000000,12400000.0,10100000.0,35000000,4987811,0,0.0,0.0,0,0,0,0,0,0,72,0,0.090909141,0.0,32,32,32.0,0.0,0.0,0,0,0,0,0,0,0,0,0,35.55555556,32.0,0.0,0,0,0,0,0,0,9,288,0,0,-1,-1,8,8,7487864.0,3535608.859,9987917,4987811,16800000.0,10700000.0,35000000,8020095,Benign
80,17,21/02/2018 10:21:50,104003885,12,0,384,0,32,32,32.0,0.0,0,0,0.0,0.0,3.692169768,0.115380305,9454898.636,6713500.888,18000000,999927,104000000,9454898.636,6713500.888,18000000,999927,0,0.0,0.0,0,0,0,0,0,0,96,0,0.115380305,0.0,32,32,32.0,0.0,0.0,0,0,0,0,0,0,0,0,0,34.66666667,32.0,0.0,0,0,0,0,0,0,12,384,0,0,-1,-1,11,8,2000038.0,0.0,2000038,2000038,12500000.0,5043325.36,18000000,6012059,Benign
80,17,21/02/2018 10:21:50,113860077,13,0,416,0,32,32,32.0,0.0,0,0,0.0,0.0,3.653607225,0.114175226,9488339.75,7959565.75,25000000,964025,114000000,9488339.75,7959565.75,25000000,964025,0,0.0,0.0,0,0,0,0,0,0,104,0,0.114175226,0.0,32,32,32.0,0.0,0.0,0,0,0,0,0,0,0,0,0,34.46153846,32.0,0.0,0,0,0,0,0,0,13,416,0,0,-1,-1,12,8,2596015.0,1202720.233,3983950,1860056,15200000.0,5109976.188,25000000,10100000,Benign
80,17,21/02/2018 10:21:40,112992001,9,0,288,0,32,32,32.0,0.0,0,0,0.0,0.0,2.548852994,0.079651656,14100000.0,11200000.0,31000000,2028007,113000000,14100000.0,11200000.0,31000000,2028007,0,0.0,0.0,0,0,0,0,0,0,72,0,0.079651656,0.0,32,32,32.0,0.0,0.0,0,0,0,0,0,0,0,0,0,35.55555556,32.0,0.0,0,0,0,0,0,0,9,288,0,0,-1,-1,8,8,6024048.0,0.0,6024048,6024048,17800000.0,10400000.0,31000000,5963955,Benign
80,17,21/02/2018 10:21:55,97008007,14,0,448,0,32,32,32.0,0.0,0,0,0.0,0.0,4.618175487,0.144317984,7462154.385,3775968.172,16000000,1983924,97000000,7462154.385,3775968.172,16000000,1983924,0,0.0,0.0,0,0,0,0,0,0,112,0,0.144317984,0.0,32,32,32.0,0.0,0.0,0,0,0,0,0,0,0,0,0,34.28571429,32.0,0.0,0,0,0,0,0,0,14,448,0,0,-1,-1,13,8,2486019.0,710069.5586,2988114,1983924,8366906.273,3347578.921,16000000,5003919,Benign
80,17,21/02/2018 10:21:55,112988120,17,0,544,0,32,32,32.0,0.0,0,0,0.0,0.0,4.814665471,0.150458296,7061757.5,3837095.006,14000000,1999989,113000000,7061757.5,3837095.006,14000000,1999989,0,0.0,0.0,0,0,0,0,0,0,136,0,0.150458296,0.0,32,32,32.0,0.0,0.0,0,0,0,0,0,0,0,0,0,33.88235294,32.0,0.0,0,0,0,0,0,0,17,544,0,0,-1,-1,16,8,8482068.0,3532631.94,11000000,5984120,8729453.091,3432224.662,14000000,5000012,Benign
80,17,21/02/2018 10:21:56,93999998,9,0,288,0,32,32,32.0,0.0,0,0,0.0,0.0,3.063829852,0.095744683,11700000.0,12300000.0,38000000,3000067,94000000,11700000.0,12300000.0,38000000,3000067,0,0.0,0.0,0,0,0,0,0,0,72,0,0.095744683,0.0,32,32,32.0,0.0,0.0,0,0,0,0,0,0,0,0,0,35.55555556,32.0,0.0,0,0,0,0,0,0,9,288,0,0,-1,-1,8,8,3005923.5,8282.341728,3011780,3000067,14700000.0,13100000.0,38000000,5000060,Benign
80,17,21/02/2018 10:21:42,112991985,16,0,512,0,32,32,32.0,0.0,0,0,0.0,0.0,4.531294852,0.141602964,7532799.0,4714545.443,16000000,1012163,113000000,7532799.0,4714545.443,16000000,1012163,0,0.0,0.0,0,0,0,0,0,0,128,0,0.141602964,0.0,32,32,32.0,0.0,0.0,0,0,0,0,0,0,0,0,0,34.0,32.0,0.0,0,0,0,0,0,0,16,512,0,0,-1,-1,15,8,2344031.667,1520119.412,4000096,1012163,10100000.0,3411140.897,16000000,5020069,Benign
80,17,21/02/2018 10:21:52,85007992,11,0,352,0,32,32,32.0,0.0,0,0,0.0,0.0,4.140787139,0.129399598,8500799.2,5767114.994,19000000,1999916,85000000,8500799.2,5767114.994,19000000,1999916,0,0.0,0.0,0,0,0,0,0,0,88,0,0.129399598,0.0,32,32,32.0,0.0,0.0,0,0,0,0,0,0,0,0,0,34.90909091,32.0,0.0,0,0,0,0,0,0,11,352,0,0,-1,-1,10,8,13000000.0,0.0,13000000,13000000,13000000.0,4742218.379,19000000,7027959,Benign
80,17,21/02/2018 10:21:58,105992194,14,0,448,0,32,32,32.0,0.0,0,0,0.0,0.0,4.226726357,0.132085199,8153245.692,7360241.032,21000000,1999977,106000000,8153245.692,7360241.032,21000000,1999977,0,0.0,0.0,0,0,0,0,0,0,112,0,0.132085199,0.0,32,32,32.0,0.0,0.0,0,0,0,0,0,0,0,0,0,34.28571429,32.0,0.0,0,0,0,0,0,0,14,448,0,0,-1,-1,13,8,3998434.4,3391816.548,10000000,1999977,14300000.0,6657890.597,21000000,7000015,Benign
80,17,21/02/2018 10:21:59,98000007,10,0,320,0,32,32,32.0,0.0,0,0,0.0,0.0,3.265305889,0.102040809,10900000.0,8307146.32,26000000,939916,98000000,10900000.0,8307146.32,26000000,939916,0,0.0,0.0,0,0,0,0,0,0,80,0,0.102040809,0.0,32,32,32.0,0.0,0.0,0,0,0,0,0,0,0,0,0,35.2,32.0,0.0,0,0,0,0,0,0,10,320,0,0,-1,-1,9,8,970046.0,42610.25463,1000176,939916,15500000.0,5743524.129,26000000,11000000,Benign
80,17,21/02/2018 10:21:57,118960055,15,0,480,0,32,32,32.0,0.0,0,0,0.0,0.0,4.034967872,0.126092746,8497146.786,5195587.275,22000000,3999835,119000000,8497146.786,5195587.275,22000000,3999835,0,0.0,0.0,0,0,0,0,0,0,120,0,0.126092746,0.0,32,32,32.0,0.0,0.0,0,0,0,0,0,0,0,0,0,34.13333333,32.0,0.0,0,0,0,0,0,0,15,480,0,0,-1,-1,14,8,6505970.0,3543908.879,9011892,4000048,10900000.0,5082746.165,22000000,5004014,Benign
80,17,21/02/2018 10:21:59,116007918,11,0,352,0,32,32,32.0,0.0,0,0,0.0,0.0,3.034275643,0.094821114,11600000.0,10400000.0,32000000,999924,116000000,11600000.0,10400000.0,32000000,999924,0,0.0,0.0,0,0,0,0,0,0,88,0,0.094821114,0.0,32,32,32.0,0.0,0.0,0,0,0,0,0,0,0,0,0,34.90909091,32.0,0.0,0,0,0,0,0,0,11,352,0,0,-1,-1,10,8,3673268.333,1516594.699,4999974,2019992,17500000.0,9418481.902,32000000,7980897,Benign
80,17,21/02/2018 10:21:45,111991516,11,0,352,0,32,32,32.0,0.0,0,0,0.0,0.0,3.143095232,0.098221726,11200000.0,9199618.492,29000000,999592,112000000,11200000.0,9199618.492,29000000,999592,0,0.0,0.0,0,0,0,0,0,0,88,0,0.098221726,0.0,32,32,32.0,0.0,0.0,0,0,0,0,0,0,0,0,0,34.90909091,32.0,0.0,0,0,0,0,0,0,11,352,0,0,-1,-1,10,8,4006517.0,3616830.327,8020012,999592,16700000.0,7823756.363,29000000,6980051,Benign
80,17,21/02/2018 10:21:59,119000133,10,0,320,0,32,32,32.0,0.0,0,0,0.0,0.0,2.689072625,0.08403352,13200000.0,8813120.674,30000000,1999788,119000000,13200000.0,8813120.674,30000000,1999788,0,0.0,0.0,0,0,0,0,0,0,80,0,0.08403352,0.0,32,32,32.0,0.0,0.0,0,0,0,0,0,0,0,0,0,35.2,32.0,0.0,0,0,0,0,0,0,10,320,0,0,-1,-1,9,8,1999788.0,0.0,1999788,1999788,14600000.0,8278047.443,30000000,6999938,Benign
80,17,21/02/2018 10:21:56,118987921,11,0,352,0,32,32,32.0,0.0,0,0,0.0,0.0,2.958283471,0.092446358,11900000.0,8910427.899,29000000,3020033,119000000,11900000.0,8910427.899,29000000,3020033,0,0.0,0.0,0,0,0,0,0,0,88,0,0.092446358,0.0,32,32,32.0,0.0,0.0,0,0,0,0,0,0,0,0,0,34.90909091,32.0,0.0,0,0,0,0,0,0,11,352,0,0,-1,-1,10,8,4010002.0,1400027.586,4999971,3020033,13900000.0,8920433.427,29000000,6008021,Benign
80,17,21/02/2018 10:22:02,111988011,9,0,288,0,32,32,32.0,0.0,0,0,0.0,0.0,2.571703859,0.080365746,14000000.0,10700000.0,31000000,3988083,112000000,14000000.0,10700000.0,31000000,3988083,0,0.0,0.0,0,0,0,0,0,0,72,0,0.080365746,0.0,32,32,32.0,0.0,0.0,0,0,0,0,0,0,0,0,0,35.55555556,32.0,0.0,0,0,0,0,0,0,9,288,0,0,-1,-1,8,8,3988083.0,0.0,3988083,3988083,15400000.0,10800000.0,31000000,5011844,Benign
80,17,21/02/2018 10:22:03,119858713,121596,0,3891072,0,32,32,32.0,0.0,0,0,0.0,0.0,32463.82263,1014.494457,985.7207369,19974.92555,736549,0,120000000,985.7207369,19974.92555,736549,0,0,0.0,0.0,0,0,0,0,0,0,972768,0,1014.494457,0.0,32,32,32.0,0.0,0.0,0,0,0,0,0,0,0,0,0,32.00026317,32.0,0.0,0,0,0,0,0,0,121596,3891072,0,0,-1,-1,121595,8,0.0,0.0,0,0,0.0,0.0,0,0,DDOS attack-LOIC-UDP
80,17,21/02/2018 10:22:03,119857013,134243,0,4295776,0,32,32,32.0,0.0,0,0,0.0,0.0,35840.83978,1120.026243,892.8428733,18960.62076,756342,0,120000000,892.8428733,18960.62076,756342,0,0,0.0,0.0,0,0,0,0,0,0,1073944,0,1120.026243,0.0,32,32,32.0,0.0,0.0,0,0,0,0,0,0,0,0,0,32.00023837,32.0,0.0,0,0,0,0,0,0,134243,4295776,0,0,-1,-1,134242,8,0.0,0.0,0,0,0.0,0.0,0,0,DDOS attack-LOIC-UDP
80,17,21/02/2018 10:22:04,119880345,124051,0,3969632,0,32,32,32.0,0.0,0,0,0.0,0.0,33113.28475,1034.790148,966.3873035,19734.50604,755321,0,120000000,966.3873035,19734.50604,755321,0,0,0.0,0.0,0,0,0,0,0,0,992408,0,1034.790148,0.0,32,32,32.0,0.0,0.0,0,0,0,0,0,0,0,0,0,32.00025796,32.0,0.0,0,0,0,0,0,0,124051,3969632,0,0,-1,-1,124050,8,0.0,0.0,0,0,0.0,0.0,0,0,DDOS attack-LOIC-UDP
80,17,21/02/2018 10:22:04,119871312,133913,0,4285216,0,32,32,32.0,0.0,0,0,0.0,0.0,35748.46999,1117.139687,895.1498895,19028.83624,739175,1,120000000,895.1498895,19028.83624,739175,1,0,0.0,0.0,0,0,0,0,0,0,1071304,0,1117.139687,0.0,32,32,32.0,0.0,0.0,0,0,0,0,0,0,0,0,0,32.00023896,32.0,0.0,0,0,0,0,0,0,133913,4285216,0,0,-1,-1,133912,8,0.0,0.0,0,0,0.0,0.0,0,0,DDOS attack-LOIC-UDP
80,17,21/02/2018 10:22:06,119657794,118656,0,3796992,0,32,32,32.0,0.0,0,0,0.0,0.0,31732.09093,991.6278416,1008.451342,20172.08883,751517,0,120000000,1008.451342,20172.08883,751517,0,0,0.0,0.0,0,0,0,0,0,0,949248,0,991.6278416,0.0,32,32,32.0,0.0,0.0,0,0,0,0,0,0,0,0,0,32.00026969,32.0,0.0,0,0,0,0,0,0,118656,3796992,0,0,-1,-1,118655,8,0.0,0.0,0,0,0.0,0.0,0,0,DDOS attack-LOIC-UDP
80,17,21/02/2018 10:22:05,119037500,13,0,416,0,32,32,32.0,0.0,0,0,0.0,0.0,3.494697049,0.109209283,9919791.667,7596920.414,23000000,1999906,119000000,9919791.667,7596920.414,23000000,1999906,0,0.0,0.0,0,0,0,0,0,0,104,0,0.109209283,0.0,32,32,32.0,0.0,0.0,0,0,0,0,0,0,0,0,0,34.46153846,32.0,0.0,0,0,0,0,0,0,13,416,0,0,-1,-1,12,8,4000018.0,0.0,4000018,4000018,12300000.0,7263603.233,23000000,5997793,Benign
80,17,21/02/2018 10:22:08,119850934,125024,0,4000768,0,32,32,32.0,0.0,0,0,0.0,0.0,33381.20002,1043.162501,958.6310839,19683.82298,747086,0,120000000,958.6310839,19683.82298,747086,0,0,0.0,0.0,0,0,0,0,0,0,1000192,0,1043.162501,0.0,32,32,32.0,0.0,0.0,0,0,0,0,0,0,0,0,0,32.00025595,32.0,0.0,0,0,0,0,0,0,125024,4000768,0,0,-1,-1,125023,8,0.0,0.0,0,0,0.0,0.0,0,0,DDOS attack-LOIC-UDP
80,17,21/02/2018 10:22:09,119859155,121703,0,3894496,0,32,32,32.0,0.0,0,0,0.0,0.0,32492.26978,1015.383431,984.8577262,19943.54105,757359,1,120000000,984.8577262,19943.54105,757359,1,0,0.0,0.0,0,0,0,0,0,0,973624,0,1015.383431,0.0,32,32,32.0,0.0,0.0,0,0,0,0,0,0,0,0,0,32.00026294,32.0,0.0,0,0,0,0,0,0,121703,3894496,0,0,-1,-1,121702,8,0.0,0.0,0,0,0.0,0.0,0,0,DDOS attack-LOIC-UDP
80,17,21/02/2018 10:22:09,119858615,124462,0,3982784,0,32,32,32.0,0.0,0,0,0.0,0.0,33229.01737,1038.406793,963.0214686,19699.2014,751595,0,120000000,963.0214686,19699.2014,751595,0,0,0.0,0.0,0,0,0,0,0,0,995696,0,1038.406793,0.0,32,32,32.0,0.0,0.0,0,0,0,0,0,0,0,0,0,32.00025711,32.0,0.0,0,0,0,0,0,0,124462,3982784,0,0,-1,-1,124461,8,0.0,0.0,0,0,0.0,0.0,0,0,DDOS attack-LOIC-UDP
80,17,21/02/2018 10:21:55,95987795,16,0,512,0,32,32,32.0,0.0,0,0,0.0,0.0,5.334011475,0.166687859,6399186.333,6536657.257,18000000,939882,96000000,6399186.333,6536657.257,18000000,939882,0,0.0,0.0,0,0,0,0,0,0,128,0,0.166687859,0.0,32,32,32.0,0.0,0.0,0,0,0,0,0,0,0,0,0,34.0,32.0,0.0,0,0,0,0,0,0,16,512,0,0,-1,-1,15,8,2460025.5,2149807.554,3980169,939882,12600000.0,3995022.026,18000000,6004101,Benign
80,17,21/02/2018 10:22:03,112984105,16,0,512,0,32,32,32.0,0.0,0,0,0.0,0.0,4.531610885,0.14161284,7532273.667,3627113.7,17000000,4979999,113000000,7532273.667,3627113.7,17000000,4979999,0,0.0,0.0,0,0,0,0,0,0,128,0,0.14161284,0.0,32,32,32.0,0.0,0.0,0,0,0,0,0,0,0,0,0,34.0,32.0,0.0,0,0,0,0,0,0,16,512,0,0,-1,-1,15,8,6649294.0,2874082.67,9967979,4980022,8457838.455,3858049.297,17000000,5000071,Benign
80,17,21/02/2018 10:22:10,119845265,129477,0,4143264,0,32,32,32.0,0.0,0,0,0.0,0.0,34571.77887,1080.36809,925.6176048,19325.75478,756701,1,120000000,925.6176048,19325.75478,756701,1,0,0.0,0.0,0,0,0,0,0,0,1035816,0,1080.36809,0.0,32,32,32.0,0.0,0.0,0,0,0,0,0,0,0,0,0,32.00024715,32.0,0.0,0,0,0,0,0,0,129477,4143264,0,0,-1,-1,129476,8,0.0,0.0,0,0,0.0,0.0,0,0,DDOS attack-LOIC-UDP
80,17,21/02/2018 10:22:10,106007437,17,0,544,0,32,32,32.0,0.0,0,0,0.0,0.0,5.131715429,0.160366107,6625464.813,4990761.462,17000000,999979,106000000,6625464.813,4990761.462,17000000,999979,0,0.0,0.0,0,0,0,0,0,0,136,0,0.160366107,0.0,32,32,32.0,0.0,0.0,0,0,0,0,0,0,0,0,0,33.88235294,32.0,0.0,0,0,0,0,0,0,17,544,0,0,-1,-1,16,8,4333333.0,3055080.468,7000050,999979,10500000.0,4102426.481,17000000,5008005,Benign
80,17,21/02/2018 10:22:05,111000207,12,0,384,0,32,32,32.0,0.0,0,0,0.0,0.0,3.459453008,0.108107907,10100000.0,6421389.626,22000000,4992002,111000000,10100000.0,6421389.626,22000000,4992002,0,0.0,0.0,0,0,0,0,0,0,96,0,0.108107907,0.0,32,32,32.0,0.0,0.0,0,0,0,0,0,0,0,0,0,34.66666667,32.0,0.0,0,0,0,0,0,0,12,384,0,0,-1,-1,11,8,4992002.0,0.0,4992002,4992002,10600000.0,6529790.683,22000000,5000012,Benign
80,17,21/02/2018 10:22:11,119853592,118936,0,3805952,0,32,32,32.0,0.0,0,0,0.0,0.0,31755.0099,992.3440592,1007.723479,20163.50414,753295,0,120000000,1007.723479,20163.50414,753295,0,0,0.0,0.0,0,0,0,0,0,0,951488,0,992.3440592,0.0,32,32,32.0,0.0,0.0,0,0,0,0,0,0,0,0,0,32.00026905,32.0,0.0,0,0,0,0,0,0,118936,3805952,0,0,-1,-1,118935,8,0.0,0.0,0,0,0.0,0.0,0,0,DDOS attack-LOIC-UDP
80,17,21/02/2018 10:21:58,114000008,13,0,416,0,32,32,32.0,0.0,0,0,0.0,0.0,3.649122551,0.11403508,9500000.667,7434048.902,25000000,2987921,114000000,9500000.667,7434048.902,25000000,2987921,0,0.0,0.0,0,0,0,0,0,0,104,0,0.11403508,0.0,32,32,32.0,0.0,0.0,0,0,0,0,0,0,0,0,0,34.46153846,32.0,0.0,0,0,0,0,0,0,13,416,0,0,-1,-1,12,8,2988072.0,0.0,2988072,2988072,12600000.0,7293073.626,25000000,6000104,Benign
80,17,21/02/2018 10:22:02,99999830,12,0,384,0,32,32,32.0,0.0,0,0,0.0,0.0,3.840006528,0.120000204,9090893.636,9139476.353,32000000,979957,100000000,9090893.636,9139476.353,32000000,979957,0,0.0,0.0,0,0,0,0,0,0,96,0,0.120000204,0.0,32,32,32.0,0.0,0.0,0,0,0,0,0,0,0,0,0,34.66666667,32.0,0.0,0,0,0,0,0,0,12,384,0,0,-1,-1,11,8,3231923.0,1705117.652,4979926,979957,14500000.0,9361234.598,32000000,5988016,Benign
80,17,21/02/2018 10:22:12,118987825,9,0,288,0,32,32,32.0,0.0,0,0,0.0,0.0,2.420415702,0.075637991,14900000.0,14200000.0,39000000,999944,119000000,14900000.0,14200000.0,39000000,999944,0,0.0,0.0,0,0,0,0,0,0,72,0,0.075637991,0.0,32,32,32.0,0.0,0.0,0,0,0,0,0,0,0,0,0,35.55555556,32.0,0.0,0,0,0,0,0,0,9,288,0,0,-1,-1,8,8,1499881.0,707017.6857,1999818,999944,19300000.0,13700000.0,39000000,6000019,Benign
80,17,21/02/2018 10:22:08,84976006,13,0,416,0,32,32,32.0,0.0,0,0,0.0,0.0,4.89549956,0.152984361,7081333.833,4543174.287,17000000,1976108,85000000,7081333.833,4543174.287,17000000,1976108,0,0.0,0.0,0,0,0,0,0,0,104,0,0.152984361,0.0,32,32,32.0,0.0,0.0,0,0,0,0,0,0,0,0,0,34.46153846,32.0,0.0,0,0,0,0,0,0,13,416,0,0,-1,-1,12,8,6664559.667,3795001.204,11000000,4000096,10500000.0,4032628.984,17000000,5992018,Benign
80,17,21/02/2018 10:22:02,93004138,6,0,192,0,32,32,32.0,0.0,0,0,0.0,0.0,2.064424273,0.064513259,18600000.0,11800000.0,39000000,9032457,93000000,18600000.0,11800000.0,39000000,9032457,0,0.0,0.0,0,0,0,0,0,0,48,0,0.064513259,0.0,32,32,32.0,0.0,0.0,0,0,0,0,0,0,0,0,0,37.33333333,32.0,0.0,0,0,0,0,0,0,6,192,0,0,-1,-1,5,8,0.0,0.0,0,0,18600000.0,11800000.0,39000000,9032457,Benign
80,17,21/02/2018 10:22:10,99987662,10,0,320,0,32,32,32.0,0.0,0,0,0.0,0.0,3.200394865,0.10001234,11100000.0,10200000.0,35100000,2999708,100000000,11100000.0,10200000.0,35100000,2999708,0,0.0,0.0,0,0,0,0,0,0,80,0,0.10001234,0.0,32,32,32.0,0.0,0.0,0,0,0,0,0,0,0,0,0,35.2,32.0,0.0,0,0,0,0,0,0,10,320,0,0,-1,-1,9,8,4313214.333,1137614.061,4983809,2999708,14500000.0,11200000.0,35100000,5000033,Benign
80,17,21/02/2018 10:22:09,112996033,11,0,352,0,32,32,32.0,0.0,0,0,0.0,0.0,3.115153609,0.09734855,11300000.0,8471122.485,27000000,1999874,113000000,11300000.0,8471122.485,27000000,1999874,0,0.0,0.0,0,0,0,0,0,0,88,0,0.09734855,0.0,32,32,32.0,0.0,0.0,0,0,0,0,0,0,0,0,0,34.90909091,32.0,0.0,0,0,0,0,0,0,11,352,0,0,-1,-1,10,8,1999874.0,0.0,1999874,1999874,12300000.0,8289638.411,27000000,5000084,Benign
80,17,21/02/2018 10:22:00,118987953,17,0,544,0,32,32,32.0,0.0,0,0,0.0,0.0,4.571891408,0.142871607,7436747.063,7083804.162,24000000,940000,119000000,7436747.063,7083804.162,24000000,940000,0,0.0,0.0,0,0,0,0,0,0,136,0,0.142871607,0.0,32,32,32.0,0.0,0.0,0,0,0,0,0,0,0,0,0,33.88235294,32.0,0.0,0,0,0,0,0,0,17,544,0,0,-1,-1,16,8,1974761.0,1746747.34,4993702,940000,13400000.0,5087487.07,24000000,6999900,Benign
80,17,21/02/2018 10:22:00,105999821,14,0,448,0,32,32,32.0,0.0,0,0,0.0,0.0,4.226422231,0.132075695,8153832.385,4979721.786,18000000,999891,106000000,8153832.385,4979721.786,18000000,999891,0,0.0,0.0,0,0,0,0,0,0,112,0,0.132075695,0.0,32,32,32.0,0.0,0.0,0,0,0,0,0,0,0,0,0,34.28571429,32.0,0.0,0,0,0,0,0,0,14,448,0,0,-1,-1,13,8,9491930.0,746544.9548,10000000,8964043,10900000.0,4352824.399,18000000,5020056,Benign
80,17,21/02/2018 10:22:14,101968013,12,0,384,0,32,32,32.0,0.0,0,0,0.0,0.0,3.765886857,0.117683964,9269819.364,5102377.676,20000000,2980142,102000000,9269819.364,5102377.676,20000000,2980142,0,0.0,0.0,0,0,0,0,0,0,96,0,0.117683964,0.0,32,32,32.0,0.0,0.0,0,0,0,0,0,0,0,0,0,34.66666667,32.0,0.0,0,0,0,0,0,0,12,384,0,0,-1,-1,11,8,2980142.0,0.0,2980142,2980142,9898787.1,4908343.622,20000000,5004039,Benign
80,17,21/02/2018 10:22:13,116004035,14,0,448,0,32,32,32.0,0.0,0,0,0.0,0.0,3.86193463,0.120685457,8923387.308,5187748.451,19000000,2015976,116000000,8923387.308,5187748.451,19000000,2015976,0,0.0,0.0,0,0,0,0,0,0,112,0,0.120685457,0.0,32,32,32.0,0.0,0.0,0,0,0,0,0,0,0,0,0,34.28571429,32.0,0.0,0,0,0,0,0,0,14,448,0,0,-1,-1,13,8,5499922.0,707173.2492,5999969,4999875,10500000.0,4837109.091,19000000,6000009,Benign
80,17,21/02/2018 10:22:12,118027859,13,0,416,0,32,32,32.0,0.0,0,0,0.0,0.0,3.524591597,0.110143487,9835654.917,6086689.081,20000000,980135,118000000,9835654.917,6086689.081,20000000,980135,0,0.0,0.0,0,0,0,0,0,0,104,0,0.110143487,0.0,32,32,32.0,0.0,0.0,0,0,0,0,0,0,0,0,0,34.46153846,32.0,0.0,0,0,0,0,0,0,13,416,0,0,-1,-1,12,8,3000058.0,0.0,3000058,3000058,11500000.0,5166415.709,20000000,5004165,Benign
80,17,21/02/2018 10:22:08,110015916,12,0,384,0,32,32,32.0,0.0,0,0,0.0,0.0,3.490404061,0.109075127,10000000.0,5988440.234,18000000,4008318,110000000,10000000.0,5988440.234,18000000,4008318,0,0.0,0.0,0,0,0,0,0,0,96,0,0.109075127,0.0,32,32,32.0,0.0,0.0,0,0,0,0,0,0,0,0,0,34.66666667,32.0,0.0,0,0,0,0,0,0,12,384,0,0,-1,-1,11,8,14000000.0,0.0,14000000,14000000,12000000.0,5861657.633,18000000,5000010,Benign
80,17,21/02/2018 10:22:07,112019950,11,0,352,0,32,32,32.0,0.0,0,0,0.0,0.0,3.142297421,0.098196794,11200000.0,10900000.0,31000000,1019990,112000000,11200000.0,10900000.0,31000000,1019990,0,0.0,0.0,0,0,0,0,0,0,88,0,0.098196794,0.0,32,32,32.0,0.0,0.0,0,0,0,0,0,0,0,0,0,34.90909091,32.0,0.0,0,0,0,0,0,0,11,352,0,0,-1,-1,10,8,2999874.0,0.0,2999874,2999874,15100000.0,10900000.0,31000000,5000009,Benign
80,17,21/02/2018 10:22:08,119987991,12,0,384,0,32,32,32.0,0.0,0,0,0.0,0.0,3.200320272,0.100010009,10900000.0,9600211.032,38000000,3019940,120000000,10900000.0,9600211.032,38000000,3019940,0,0.0,0.0,0,0,0,0,0,0,96,0,0.100010009,0.0,32,32,32.0,0.0,0.0,0,0,0,0,0,0,0,0,0,34.66666667,32.0,0.0,0,0,0,0,0,0,12,384,0,0,-1,-1,11,8,0.0,0.0,0,0,12400000.0,10000000.0,38000000,5027850,Benign
80,17,21/02/2018 10:22:04,110999938,10,0,320,0,32,32,32.0,0.0,0,0,0.0,0.0,2.882884493,0.09009014,12300000.0,9666044.784,30000000,2020085,111000000,12300000.0,9666044.784,30000000,2020085,0,0.0,0.0,0,0,0,0,0,0,80,0,0.09009014,0.0,32,32,32.0,0.0,0.0,0,0,0,0,0,0,0,0,0,35.2,32.0,0.0,0,0,0,0,0,0,10,320,0,0,-1,-1,9,8,3006707.333,1000249.17,4020048,2020085,17000000.0,8414537.054,30000000,9012293,Benign
80,17,21/02/2018 10:22:16,106008077,13,0,416,0,32,32,32.0,0.0,0,0,0.0,0.0,3.924229283,0.122632165,8834006.417,7156544.326,23000000,999932,106000000,8834006.417,7156544.326,23000000,999932,0,0.0,0.0,0,0,0,0,0,0,104,0,0.122632165,0.0,32,32,32.0,0.0,0.0,0,0,0,0,0,0,0,0,0,34.46153846,32.0,0.0,0,0,0,0,0,0,13,416,0,0,-1,-1,12,8,1326688.667,565876.012,1980106,999932,11300000.0,6493243.442,23000000,5019930,Benign
80,17,21/02/2018 10:22:17,111035940,11,0,352,0,32,32,32.0,0.0,0,0,0.0,0.0,3.17014473,0.099067023,11100000.0,8539206.882,32000000,4027868,111000000,11100000.0,8539206.882,32000000,4027868,0,0.0,0.0,0,0,0,0,0,0,88,0,0.099067023,0.0,32,32,32.0,0.0,0.0,0,0,0,0,0,0,0,0,0,34.90909091,32.0,0.0,0,0,0,0,0,0,11,352,0,0,-1,-1,10,8,0.0,0.0,0,0,11900000.0,8664826.25,32000000,5012044,Benign
80,17,21/02/2018 10:22:16,119991880,11,0,352,0,32,32,32.0,0.0,0,0,0.0,0.0,2.933531836,0.09167287,12000000.0,12600000.0,41000000,2024056,120000000,12000000.0,12600000.0,41000000,2024056,0,0.0,0.0,0,0,0,0,0,0,88,0,0.09167287,0.0,32,32,32.0,0.0,0.0,0,0,0,0,0,0,0,0,0,34.90909091,32.0,0.0,0,0,0,0,0,0,11,352,0,0,-1,-1,10,8,4659889.333,1522688.186,5991911,2999963,17700000.0,13700000.0,41000000,5002321,Benign
80,17,21/02/2018 10:22:07,101997889,14,0,448,0,32,32,32.0,0.0,0,0,0.0,0.0,4.392247765,0.137257743,7845991.462,5216755.498,20000000,2002054,102000000,7845991.462,5216755.498,20000000,2002054,0,0.0,0.0,0,0,0,0,0,0,112,0,0.137257743,0.0,32,32,32.0,0.0,0.0,0,0,0,0,0,0,0,0,0,34.28571429,32.0,0.0,0,0,0,0,0,0,14,448,0,0,-1,-1,13,8,5660742.667,3207418.737,7988116,2002054,10600000.0,4730275.368,20000000,5987900,Benign
80,17,21/02/2018 10:22:04,118000086,14,0,448,0,32,32,32.0,0.0,0,0,0.0,0.0,3.796607402,0.118643981,9076929.692,8346985.468,29000000,1988054,118000000,9076929.692,8346985.468,29000000,1988054,0,0.0,0.0,0,0,0,0,0,0,112,0,0.118643981,0.0,32,32,32.0,0.0,0.0,0,0,0,0,0,0,0,0,0,34.28571429,32.0,0.0,0,0,0,0,0,0,14,448,0,0,-1,-1,13,8,5998057.5,5648390.888,9992073,2004042,13300000.0,8198772.291,29000000,5024026,Benign
80,17,21/02/2018 10:21:55,113987967,12,0,384,0,32,32,32.0,0.0,0,0,0.0,0.0,3.368776636,0.10527427,10400000.0,9637308.445,36000000,1992012,114000000,10400000.0,9637308.445,36000000,1992012,0,0.0,0.0,0,0,0,0,0,0,96,0,0.10527427,0.0,32,32,32.0,0.0,0.0,0,0,0,0,0,0,0,0,0,34.66666667,32.0,0.0,0,0,0,0,0,0,12,384,0,0,-1,-1,11,8,5999891.0,0.0,5999891,5999891,13500000.0,9564103.482,36000000,5979966,Benign
80,17,21/02/2018 10:22:23,113979993,10,0,320,0,32,32,32.0,0.0,0,0,0.0,0.0,2.807510262,0.087734696,12700000.0,7667706.957,25000000,2020055,114000000,12700000.0,7667706.957,25000000,2020055,0,0.0,0.0,0,0,0,0,0,0,80,0,0.087734696,0.0,32,32,32.0,0.0,0.0,0,0,0,0,0,0,0,0,0,35.2,32.0,0.0,0,0,0,0,0,0,10,320,0,0,-1,-1,9,8,2020055.0,0.0,2020055,2020055,15300000.0,6456112.618,25000000,6979868,Benign
80,17,21/02/2018 10:22:15,119991975,11,0,352,0,32,32,32.0,0.0,0,0,0.0,0.0,2.933529513,0.091672797,12000000.0,10600000.0,31000000,2000041,120000000,12000000.0,10600000.0,31000000,2000041,0,0.0,0.0,0,0,0,0,0,0,88,0,0.091672797,0.0,32,32,32.0,0.0,0.0,0,0,0,0,0,0,0,0,0,34.90909091,32.0,0.0,0,0,0,0,0,0,11,352,0,0,-1,-1,10,8,3334689.0,1526997.208,4999889,2000041,18300000.0,8983262.141,31000000,8995920,Benign
80,17,21/02/2018 10:22:16,116008170,12,0,384,0,32,32,32.0,0.0,0,0,0.0,0.0,3.310111693,0.10344099,10500000.0,9011810.575,29000000,1979973,116000000,10500000.0,9011810.575,29000000,1979973,0,0.0,0.0,0,0,0,0,0,0,96,0,0.10344099,0.0,32,32,32.0,0.0,0.0,0,0,0,0,0,0,0,0,0,34.66666667,32.0,0.0,0,0,0,0,0,0,12,384,0,0,-1,-1,11,8,5987539.0,2810660.36,7974976,4000102,14900000.0,8656181.332,29000000,6000116,Benign
80,17,21/02/2018 10:22:20,118028002,11,0,352,0,32,32,32.0,0.0,0,0,0.0,0.0,2.982343122,0.093198223,11800000.0,9394606.227,28000000,919974,118000000,11800000.0,9394606.227,28000000,919974,0,0.0,0.0,0,0,0,0,0,0,88,0,0.093198223,0.0,32,32,32.0,0.0,0.0,0,0,0,0,0,0,0,0,0,34.90909091,32.0,0.0,0,0,0,0,0,0,11,352,0,0,-1,-1,10,8,1429568.0,608807.6249,1860060,999076,16500000.0,6950084.558,28000000,10100000,Benign
80,17,21/02/2018 10:22:11,114995953,18,0,576,0,32,32,32.0,0.0,0,0,0.0,0.0,5.008871921,0.156527248,6764467.824,4309945.54,17000000,980009,115000000,6764467.824,4309945.54,17000000,980009,0,0.0,0.0,0,0,0,0,0,0,144,0,0.156527248,0.0,32,32,32.0,0.0,0.0,0,0,0,0,0,0,0,0,0,33.77777778,32.0,0.0,0,0,0,0,0,0,18,576,0,0,-1,-1,17,8,14500000.0,16200000.0,26000000,2999928,9557800.778,4064790.65,17000000,5000068,Benign
80,17,21/02/2018 10:22:27,112999974,13,0,416,0,32,32,32.0,0.0,0,0,0.0,0.0,3.681416776,0.115044274,9416664.5,4848057.599,16000000,3999879,113000000,9416664.5,4848057.599,16000000,3999879,0,0.0,0.0,0,0,0,0,0,0,104,0,0.115044274,0.0,32,32,32.0,0.0,0.0,0,0,0,0,0,0,0,0,0,34.46153846,32.0,0.0,0,0,0,0,0,0,13,416,0,0,-1,-1,12,8,4013016.75,26052.95444,4052096,3999879,12100000.0,3450503.007,16000000,5999880,Benign
80,17,21/02/2018 10:22:28,113984021,16,0,512,0,32,32,32.0,0.0,0,0,0.0,0.0,4.491857679,0.140370552,7598934.733,5102391.703,17000000,1000044,114000000,7598934.733,5102391.703,17000000,1000044,0,0.0,0.0,0,0,0,0,0,0,128,0,0.140370552,0.0,32,32,32.0,0.0,0.0,0,0,0,0,0,0,0,0,0,34.0,32.0,0.0,0,0,0,0,0,0,16,512,0,0,-1,-1,15,8,3213630.8,1778739.43,5012046,1000044,10900000.0,3761019.465,17000000,5999967,Benign
80,17,21/02/2018 10:22:18,117007984,9,0,288,0,32,32,32.0,0.0,0,0,0.0,0.0,2.461370499,0.076917828,14600000.0,11000000.0,39000000,5000082,117000000,14600000.0,11000000.0,39000000,5000082,0,0.0,0.0,0,0,0,0,0,0,72,0,0.076917828,0.0,32,32,32.0,0.0,0.0,0,0,0,0,0,0,0,0,0,35.55555556,32.0,0.0,0,0,0,0,0,0,9,288,0,0,-1,-1,8,8,0.0,0.0,0,0,14600000.0,11000000.0,39000000,5000082,Benign
80,17,21/02/2018 10:22:18,119988000,21,0,672,0,32,32,32.0,0.0,0,0,0.0,0.0,5.600560056,0.175017502,5999400.0,3688360.632,14000000,959396,120000000,5999400.0,3688360.632,14000000,959396,0,0.0,0.0,0,0,0,0,0,0,168,0,0.175017502,0.0,32,32,32.0,0.0,0.0,0,0,0,0,0,0,0,0,0,33.52380952,32.0,0.0,0,0,0,0,0,0,21,672,0,0,-1,-1,20,8,6594224.4,4507388.448,13000000,979904,8701687.8,3232290.174,14000000,5003935,Benign
80,17,21/02/2018 10:22:26,116984023,11,0,352,0,32,32,32.0,0.0,0,0,0.0,0.0,3.008957898,0.094029934,11700000.0,8839363.872,27000000,2979926,117000000,11700000.0,8839363.872,27000000,2979926,0,0.0,0.0,0,0,0,0,0,0,88,0,0.094029934,0.0,32,32,32.0,0.0,0.0,0,0,0,0,0,0,0,0,0,34.90909091,32.0,0.0,0,0,0,0,0,0,11,352,0,0,-1,-1,10,8,5509985.0,2107107.497,6999935,4020035,15100000.0,8430894.306,27000000,5027921,Benign
80,17,21/02/2018 10:22:19,114983895,12,0,384,0,32,32,32.0,0.0,0,0,0.0,0.0,3.339598124,0.104362441,10500000.0,6470987.669,23000000,3020004,115000000,10500000.0,6470987.669,23000000,3020004,0,0.0,0.0,0,0,0,0,0,0,96,0,0.104362441,0.0,32,32,32.0,0.0,0.0,0,0,0,0,0,0,0,0,0,34.66666667,32.0,0.0,0,0,0,0,0,0,12,384,0,0,-1,-1,11,8,6004013.5,4220026.705,8988023,3020004,12900000.0,5918576.914,23000000,6971999,Benign
80,17,21/02/2018 10:22:20,112996080,13,0,416,0,32,32,32.0,0.0,0,0,0.0,0.0,3.681543643,0.115048239,9416340.0,7528125.504,23000000,979992,113000000,9416340.0,7528125.504,23000000,979992,0,0.0,0.0,0,0,0,0,0,0,104,0,0.115048239,0.0,32,32,32.0,0.0,0.0,0,0,0,0,0,0,0,0,0,34.46153846,32.0,0.0,0,0,0,0,0,0,13,416,0,0,-1,-1,12,8,3990710.667,1741340.392,4999963,1979989,14400000.0,5707275.214,23000000,6999996,Benign
80,17,21/02/2018 10:22:10,113967907,12,0,384,0,32,32,32.0,0.0,0,0,0.0,0.0,3.369369589,0.1052928,10400000.0,10900000.0,39000000,891962,114000000,10400000.0,10900000.0,39000000,891962,0,0.0,0.0,0,0,0,0,0,0,96,0,0.1052928,0.0,32,32,32.0,0.0,0.0,0,0,0,0,0,0,0,0,0,34.66666667,32.0,0.0,0,0,0,0,0,0,12,384,0,0,-1,-1,11,8,2947959.333,2034361.651,4959972,891962,14600000.0,11800000.0,39000000,5003904,Benign
80,17,21/02/2018 10:22:29,117003986,14,0,448,0,32,32,32.0,0.0,0,0,0.0,0.0,3.828929384,0.119654043,9000306.615,7667459.326,24000000,1019997,117000000,9000306.615,7667459.326,24000000,1019997,0,0.0,0.0,0,0,0,0,0,0,112,0,0.119654043,0.0,32,32,32.0,0.0,0.0,0,0,0,0,0,0,0,0,0,34.28571429,32.0,0.0,0,0,0,0,0,0,14,448,0,0,-1,-1,13,8,6342680.0,5497646.85,12000000,1019997,15700000.0,6318135.13,24000000,9000043,Benign
80,17,21/02/2018 10:22:35,111004048,18,0,576,0,32,32,32.0,0.0,0,0,0.0,0.0,5.188999954,0.162156249,6529649.882,4915395.059,20000000,1999920,111000000,6529649.882,4915395.059,20000000,1999920,0,0.0,0.0,0,0,0,0,0,0,144,0,0.162156249,0.0,32,32,32.0,0.0,0.0,0,0,0,0,0,0,0,0,0,33.77777778,32.0,0.0,0,0,0,0,0,0,18,576,0,0,-1,-1,17,8,10500000.0,3544054.543,13000000,7988002,9779547.556,4739559.695,20000000,5012119,Benign
80,17,21/02/2018 10:22:37,117028141,14,0,448,0,32,32,32.0,0.0,0,0,0.0,0.0,3.82813908,0.119629346,9002164.692,8879764.327,36000000,2000076,117000000,9002164.692,8879764.327,36000000,2000076,0,0.0,0.0,0,0,0,0,0,0,112,0,0.119629346,0.0,32,32,32.0,0.0,0.0,0,0,0,0,0,0,0,0,0,34.28571429,32.0,0.0,0,0,0,0,0,0,14,448,0,0,-1,-1,13,8,6496035.5,718337.7582,7003977,5988094,12600000.0,9784298.503,36000000,6000013,Benign
80,17,21/02/2018 10:22:31,119007873,10,0,320,0,32,32,32.0,0.0,0,0,0.0,0.0,2.688897734,0.084028054,13200000.0,8396861.315,28000000,5023920,119000000,13200000.0,8396861.315,28000000,5023920,0,0.0,0.0,0,0,0,0,0,0,80,0,0.084028054,0.0,32,32,32.0,0.0,0.0,0,0,0,0,0,0,0,0,0,35.2,32.0,0.0,0,0,0,0,0,0,10,320,0,0,-1,-1,9,8,0.0,0.0,0,0,13200000.0,8396861.315,28000000,5023920,Benign
80,17,21/02/2018 10:22:39,112988028,13,0,416,0,32,32,32.0,0.0,0,0,0.0,0.0,3.681806005,0.115056438,9415669.0,5348819.936,23000000,1000138,113000000,9415669.0,5348819.936,23000000,1000138,0,0.0,0.0,0,0,0,0,0,0,104,0,0.115056438,0.0,32,32,32.0,0.0,0.0,0,0,0,0,0,0,0,0,0,34.46153846,32.0,0.0,0,0,0,0,0,0,13,416,0,0,-1,-1,12,8,1000138.0,0.0,1000138,1000138,10200000.0,4872875.664,23000000,5023956,Benign
80,17,21/02/2018 10:22:29,117984063,13,0,416,0,32,32,32.0,0.0,0,0,0.0,0.0,3.525899934,0.110184373,9832005.25,6852051.929,24000000,2019951,118000000,9832005.25,6852051.929,24000000,2019951,0,0.0,0.0,0,0,0,0,0,0,104,0,0.110184373,0.0,32,32,32.0,0.0,0.0,0,0,0,0,0,0,0,0,0,34.46153846,32.0,0.0,0,0,0,0,0,0,13,416,0,0,-1,-1,12,8,3354085.333,1155547.403,4039967,2019951,12000000.0,6575830.81,24000000,5008209,Benign
80,17,21/02/2018 10:22:42,112008001,14,0,448,0,32,32,32.0,0.0,0,0,0.0,0.0,3.99971427,0.124991071,8616000.077,8146226.842,30000000,979981,112000000,8616000.077,8146226.842,30000000,979981,0,0.0,0.0,0,0,0,0,0,0,112,0,0.124991071,0.0,32,32,32.0,0.0,0.0,0,0,0,0,0,0,0,0,0,34.28571429,32.0,0.0,0,0,0,0,0,0,14,448,0,0,-1,-1,13,8,8330713.667,4512211.376,13000000,4004007,14500000.0,8948817.766,30000000,5007881,Benign
80,17,21/02/2018 10:22:45,112004039,12,0,384,0,32,32,32.0,0.0,0,0,0.0,0.0,3.42844779,0.107138993,10200000.0,4597755.259,17000000,3999997,112000000,10200000.0,4597755.259,17000000,3999997,0,0.0,0.0,0,0,0,0,0,0,96,0,0.107138993,0.0,32,32,32.0,0.0,0.0,0,0,0,0,0,0,0,0,0,34.66666667,32.0,0.0,0,0,0,0,0,0,12,384,0,0,-1,-1,11,8,4999872.0,0.0,4999872,4999872,11400000.0,4061519.087,17000000,5004026,Benign
80,17,21/02/2018 10:22:51,112999945,7,0,224,0,32,32,32.0,0.0,0,0,0.0,0.0,1.98230185,0.061946933,18800000.0,10500000.0,37000000,9007928,113000000,18800000.0,10500000.0,37000000,9007928,0,0.0,0.0,0,0,0,0,0,0,56,0,0.061946933,0.0,32,32,32.0,0.0,0.0,0,0,0,0,0,0,0,0,0,36.57142857,32.0,0.0,0,0,0,0,0,0,7,224,0,0,-1,-1,6,8,0.0,0.0,0,0,18800000.0,10500000.0,37000000,9007928,Benign
80,17,21/02/2018 10:22:39,117007876,17,0,544,0,32,32,32.0,0.0,0,0,0.0,0.0,4.649259679,0.145289365,7312992.25,6309619.201,23000000,999984,117000000,7312992.25,6309619.201,23000000,999984,0,0.0,0.0,0,0,0,0,0,0,136,0,0.145289365,0.0,32,32,32.0,0.0,0.0,0,0,0,0,0,0,0,0,0,33.88235294,32.0,0.0,0,0,0,0,0,0,17,544,0,0,-1,-1,16,8,5000064.0,999870.0052,5999993,4000253,10200000.0,6335878.907,23000000,5000015,Benign
80,17,21/02/2018 10:22:52,119684930,139569,0,4466208,0,32,32,32.0,0.0,0,0,0.0,0.0,37316.37726,1166.136789,857.5384759,18441.71971,605377,1,120000000,857.5384759,18441.71971,605377,1,0,0.0,0.0,0,0,0,0,0,0,1116552,0,1166.136789,0.0,32,32,32.0,0.0,0.0,0,0,0,0,0,0,0,0,0,32.00022928,32.0,0.0,0,0,0,0,0,0,139569,4466208,0,0,-1,-1,139568,8,0.0,0.0,0,0,0.0,0.0,0,0,DDOS attack-LOIC-UDP
80,17,21/02/2018 10:22:53,119686348,117375,0,3756000,0,32,32,32.0,0.0,0,0,0.0,0.0,31382.02529,980.6882904,1019.700683,20104.58058,610833,0,120000000,1019.700683,20104.58058,610833,0,0,0.0,0.0,0,0,0,0,0,0,939000,0,980.6882904,0.0,32,32,32.0,0.0,0.0,0,0,0,0,0,0,0,0,0,32.00027263,32.0,0.0,0,0,0,0,0,0,117375,3756000,0,0,-1,-1,117374,8,0.0,0.0,0,0,0.0,0.0,0,0,DDOS attack-LOIC-UDP
80,17,21/02/2018 10:22:22,109995989,13,0,416,0,32,32,32.0,0.0,0,0,0.0,0.0,3.781956086,0.118186128,9166332.417,5824612.661,24000000,2999980,110000000,9166332.417,5824612.661,24000000,2999980,0,0.0,0.0,0,0,0,0,0,0,104,0,0.118186128,0.0,32,32,32.0,0.0,0.0,0,0,0,0,0,0,0,0,0,34.46153846,32.0,0.0,0,0,0,0,0,0,13,416,0,0,-1,-1,12,8,3000029.5,70.00357134,3000079,2999980,10400000.0,5596937.051,24000000,5008003,Benign
80,17,21/02/2018 10:22:53,112028713,12,0,384,0,32,32,32.0,0.0,0,0,0.0,0.0,3.427692684,0.107115396,10200000.0,6941936.962,22000000,1999583,112000000,10200000.0,6941936.962,22000000,1999583,0,0.0,0.0,0,0,0,0,0,0,96,0,0.107115396,0.0,32,32,32.0,0.0,0.0,0,0,0,0,0,0,0,0,0,34.66666667,32.0,0.0,0,0,0,0,0,0,12,384,0,0,-1,-1,11,8,2999733.0,1414425.694,3999883,1999583,11800000.0,6649458.956,22000000,5932346,Benign
80,17,21/02/2018 10:22:54,119993185,140876,0,4508032,0,32,32,32.0,0.0,0,0,0.0,0.0,37569.06694,1174.033342,851.7706122,18368.12906,604483,0,120000000,851.7706122,18368.12906,604483,0,0,0.0,0.0,0,0,0,0,0,0,1127008,0,1174.033342,0.0,32,32,32.0,0.0,0.0,0,0,0,0,0,0,0,0,0,32.00022715,32.0,0.0,0,0,0,0,0,0,140876,4508032,0,0,-1,-1,140875,8,0.0,0.0,0,0,0.0,0.0,0,0,DDOS attack-LOIC-UDP
80,17,21/02/2018 10:22:55,119904275,140773,0,4504736,0,32,32,32.0,0.0,0,0,0.0,0.0,37569.43612,1174.044879,851.7622468,17902.36344,581182,0,120000000,851.7622468,17902.36344,581182,0,0,0.0,0.0,0,0,0,0,0,0,1126184,0,1174.044879,0.0,32,32,32.0,0.0,0.0,0,0,0,0,0,0,0,0,0,32.00022732,32.0,0.0,0,0,0,0,0,0,140773,4504736,0,0,-1,-1,140772,8,0.0,0.0,0,0,0.0,0.0,0,0,DDOS attack-LOIC-UDP
80,17,21/02/2018 10:22:55,119941307,122993,0,3935776,0,32,32,32.0,0.0,0,0,0.0,0.0,32814.18302,1025.443219,975.1960046,19667.36384,594946,0,120000000,975.1960046,19667.36384,594946,0,0,0.0,0.0,0,0,0,0,0,0,983944,0,1025.443219,0.0,32,32,32.0,0.0,0.0,0,0,0,0,0,0,0,0,0,32.00026018,32.0,0.0,0,0,0,0,0,0,122993,3935776,0,0,-1,-1,122992,8,0.0,0.0,0,0,0.0,0.0,0,0,DDOS attack-LOIC-UDP
80,17,21/02/2018 10:22:56,119854419,134009,0,4288288,0,32,32,32.0,0.0,0,0,0.0,0.0,35779.13969,1118.098115,894.3825667,18820.09012,592612,1,120000000,894.3825667,18820.09012,592612,1,0,0.0,0.0,0,0,0,0,0,0,1072072,0,1118.098115,0.0,32,32,32.0,0.0,0.0,0,0,0,0,0,0,0,0,0,32.00023879,32.0,0.0,0,0,0,0,0,0,134009,4288288,0,0,-1,-1,134008,8,0.0,0.0,0,0,0.0,0.0,0,0,DDOS attack-LOIC-UDP
80,17,21/02/2018 10:22:56,119884047,125201,0,4006432,0,32,32,32.0,0.0,0,0,0.0,0.0,33419.2255,1044.350797,957.5403115,18978.48725,580238,0,120000000,957.5403115,18978.48725,580238,0,0,0.0,0.0,0,0,0,0,0,0,1001608,0,1044.350797,0.0,32,32,32.0,0.0,0.0,0,0,0,0,0,0,0,0,0,32.00025559,32.0,0.0,0,0,0,0,0,0,125201,4006432,0,0,-1,-1,125200,8,0.0,0.0,0,0,0.0,0.0,0,0,DDOS attack-LOIC-UDP
80,17,21/02/2018 10:22:57,119786109,114032,0,3649024,0,32,32,32.0,0.0,0,0,0.0,0.0,30462.83104,951.9634702,1050.469688,20377.97115,609448,1,120000000,1050.469688,20377.97115,609448,1,0,0.0,0.0,0,0,0,0,0,0,912256,0,951.9634702,0.0,32,32,32.0,0.0,0.0,0,0,0,0,0,0,0,0,0,32.00028062,32.0,0.0,0,0,0,0,0,0,114032,3649024,0,0,-1,-1,114031,8,0.0,0.0,0,0,0.0,0.0,0,0,DDOS attack-LOIC-UDP
80,17,21/02/2018 10:22:57,119864757,144821,0,4634272,0,32,32,32.0,0.0,0,0,0.0,0.0,38662.50695,1208.203342,827.6809626,17648.97596,588700,0,120000000,827.6809626,17648.97596,588700,0,0,0.0,0.0,0,0,0,0,0,0,1158568,0,1208.203342,0.0,32,32,32.0,0.0,0.0,0,0,0,0,0,0,0,0,0,32.00022096,32.0,0.0,0,0,0,0,0,0,144821,4634272,0,0,-1,-1,144820,8,0.0,0.0,0,0,0.0,0.0,0,0,DDOS attack-LOIC-UDP
80,17,21/02/2018 10:22:58,119790564,132268,0,4232576,0,32,32,32.0,0.0,0,0,0.0,0.0,35333.13358,1104.160425,905.6723446,18927.95516,594881,0,120000000,905.6723446,18927.95516,594881,0,0,0.0,0.0,0,0,0,0,0,0,1058144,0,1104.160425,0.0,32,32,32.0,0.0,0.0,0,0,0,0,0,0,0,0,0,32.00024193,32.0,0.0,0,0,0,0,0,0,132268,4232576,0,0,-1,-1,132267,8,0.0,0.0,0,0,0.0,0.0,0,0,DDOS attack-LOIC-UDP
80,17,21/02/2018 10:22:59,119868489,122041,0,3905312,0,32,32,32.0,0.0,0,0,0.0,0.0,32579.97187,1018.124121,982.2065634,19217.63805,593740,1,120000000,982.2065634,19217.63805,593740,1,0,0.0,0.0,0,0,0,0,0,0,976328,0,1018.124121,0.0,32,32,32.0,0.0,0.0,0,0,0,0,0,0,0,0,0,32.00026221,32.0,0.0,0,0,0,0,0,0,122041,3905312,0,0,-1,-1,122040,8,0.0,0.0,0,0,0.0,0.0,0,0,DDOS attack-LOIC-UDP
80,17,21/02/2018 10:22:59,119678876,124635,0,3988320,0,32,32,32.0,0.0,0,0,0.0,0.0,33325.17929,1041.411853,960.2425983,19476.46195,597064,0,120000000,960.2425983,19476.46195,597064,0,0,0.0,0.0,0,0,0,0,0,0,997080,0,1041.411853,0.0,32,32,32.0,0.0,0.0,0,0,0,0,0,0,0,0,0,32.00025675,32.0,0.0,0,0,0,0,0,0,124635,3988320,0,0,-1,-1,124634,8,0.0,0.0,0,0,0.0,0.0,0,0,DDOS attack-LOIC-UDP
80,17,21/02/2018 10:22:59,119870379,137680,0,4405760,0,32,32,32.0,0.0,0,0,0.0,0.0,36754.36782,1148.573994,870.6511451,18099.41427,598058,0,120000000,870.6511451,18099.41427,598058,0,0,0.0,0.0,0,0,0,0,0,0,1101440,0,1148.573994,0.0,32,32,32.0,0.0,0.0,0,0,0,0,0,0,0,0,0,32.00023242,32.0,0.0,0,0,0,0,0,0,137680,4405760,0,0,-1,-1,137679,8,0.0,0.0,0,0,0.0,0.0,0,0,DDOS attack-LOIC-UDP
80,17,21/02/2018 10:23:00,119995604,137142,0,4388544,0,32,32,32.0,0.0,0,0,0.0,0.0,36572.53977,1142.891868,874.9797945,18601.54751,606533,0,120000000,874.9797945,18601.54751,606533,0,0,0.0,0.0,0,0,0,0,0,0,1097136,0,1142.891868,0.0,32,32,32.0,0.0,0.0,0,0,0,0,0,0,0,0,0,32.00023333,32.0,0.0,0,0,0,0,0,0,137142,4388544,0,0,-1,-1,137141,8,0.0,0.0,0,0,0.0,0.0,0,0,DDOS attack-LOIC-UDP
80,17,21/02/2018 10:22:25,117004010,14,0,448,0,32,32,32.0,0.0,0,0,0.0,0.0,3.828928598,0.119654019,9000308.462,6392762.503,19000000,1999989,117000000,9000308.462,6392762.503,19000000,1999989,0,0.0,0.0,0,0,0,0,0,0,112,0,0.119654019,0.0,32,32,32.0,0.0,0.0,0,0,0,0,0,0,0,0,0,34.28571429,32.0,0.0,0,0,0,0,0,0,14,448,0,0,-1,-1,13,8,3013207.5,2025893.032,6052047,1999989,13100000.0,4380874.844,19000000,7004000,Benign
80,17,21/02/2018 10:23:00,119860388,121018,0,3872576,0,32,32,32.0,0.0,0,0,0.0,0.0,32309.0561,1009.658003,990.4425659,19287.3402,587907,1,120000000,990.4425659,19287.3402,587907,1,0,0.0,0.0,0,0,0,0,0,0,968144,0,1009.658003,0.0,32,32,32.0,0.0,0.0,0,0,0,0,0,0,0,0,0,32.00026442,32.0,0.0,0,0,0,0,0,0,121018,3872576,0,0,-1,-1,121017,8,0.0,0.0,0,0,0.0,0.0,0,0,DDOS attack-LOIC-UDP
80,17,21/02/2018 10:23:01,119999962,151037,0,4833184,0,32,32,32.0,0.0,0,0,0.0,0.0,40276.54609,1258.642065,794.5123149,16650.46154,597063,1,120000000,794.5123149,16650.46154,597063,1,0,0.0,0.0,0,0,0,0,0,0,1208296,0,1258.642065,0.0,32,32,32.0,0.0,0.0,0,0,0,0,0,0,0,0,0,32.00021187,32.0,0.0,0,0,0,0,0,0,151037,4833184,0,0,-1,-1,151036,8,0.0,0.0,0,0,0.0,0.0,0,0,DDOS attack-LOIC-UDP
80,17,21/02/2018 10:23:01,119790652,118411,0,3789152,0,32,32,32.0,0.0,0,0,0.0,0.0,31631.44984,988.4828075,1011.659927,19987.73374,595596,1,120000000,1011.659927,19987.73374,595596,1,0,0.0,0.0,0,0,0,0,0,0,947288,0,988.4828075,0.0,32,32,32.0,0.0,0.0,0,0,0,0,0,0,0,0,0,32.00027025,32.0,0.0,0,0,0,0,0,0,118411,3789152,0,0,-1,-1,118410,8,0.0,0.0,0,0,0.0,0.0,0,0,DDOS attack-LOIC-UDP
80,17,21/02/2018 10:22:48,112999990,14,0,448,0,32,32,32.0,0.0,0,0,0.0,0.0,3.964602121,0.123893816,8692306.923,4349720.398,18000000,1987943,113000000,8692306.923,4349720.398,18000000,1987943,0,0.0,0.0,0,0,0,0,0,0,112,0,0.123893816,0.0,32,32,32.0,0.0,0.0,0,0,0,0,0,0,0,0,0,34.28571429,32.0,0.0,0,0,0,0,0,0,14,448,0,0,-1,-1,13,8,2999881.0,1431096.444,4011819,1987943,10200000.0,3706009.629,18000000,5999845,Benign
80,17,21/02/2018 10:23:01,119808193,146575,0,4690400,0,32,32,32.0,0.0,0,0,0.0,0.0,39149.24249,1223.413828,817.3904854,17521.61033,588591,0,120000000,817.3904854,17521.61033,588591,0,0,0.0,0.0,0,0,0,0,0,0,1172600,0,1223.413828,0.0,32,32,32.0,0.0,0.0,0,0,0,0,0,0,0,0,0,32.00021832,32.0,0.0,0,0,0,0,0,0,146575,4690400,0,0,-1,-1,146574,8,0.0,0.0,0,0,0.0,0.0,0,0,DDOS attack-LOIC-UDP
80,17,21/02/2018 10:23:02,119549895,132315,0,4234080,0,32,32,32.0,0.0,0,0,0.0,0.0,35416.84416,1106.77638,903.5317124,17753.65956,593444,0,120000000,903.5317124,17753.65956,593444,0,0,0.0,0.0,0,0,0,0,0,0,1058520,0,1106.77638,0.0,32,32,32.0,0.0,0.0,0,0,0,0,0,0,0,0,0,32.00024185,32.0,0.0,0,0,0,0,0,0,132315,4234080,0,0,-1,-1,132314,8,0.0,0.0,0,0,0.0,0.0,0,0,DDOS attack-LOIC-UDP
80,17,21/02/2018 10:23:03,119966538,123268,0,3944576,0,32,32,32.0,0.0,0,0,0.0,0.0,32880.63543,1027.519857,973.2250967,19147.29347,582929,0,120000000,973.2250967,19147.29347,582929,0,0,0.0,0.0,0,0,0,0,0,0,986144,0,1027.519857,0.0,32,32,32.0,0.0,0.0,0,0,0,0,0,0,0,0,0,32.0002596,32.0,0.0,0,0,0,0,0,0,123268,3944576,0,0,-1,-1,123267,8,0.0,0.0,0,0,0.0,0.0,0,0,DDOS attack-LOIC-UDP
80,17,21/02/2018 10:23:03,119727270,150965,0,4830880,0,32,32,32.0,0.0,0,0,0.0,0.0,40349.03661,1260.907394,793.0849077,16631.69369,607545,0,120000000,793.0849077,16631.69369,607545,0,0,0.0,0.0,0,0,0,0,0,0,1207720,0,1260.907394,0.0,32,32,32.0,0.0,0.0,0,0,0,0,0,0,0,0,0,32.00021197,32.0,0.0,0,0,0,0,0,0,150965,4830880,0,0,-1,-1,150964,8,0.0,0.0,0,0,0.0,0.0,0,0,DDOS attack-LOIC-UDP
80,17,21/02/2018 10:23:03,119434621,133709,0,4278688,0,32,32,32.0,0.0,0,0,0.0,0.0,35824.52026,1119.516258,893.2496261,18323.67449,582022,0,119000000,893.2496261,18323.67449,582022,0,0,0.0,0.0,0,0,0,0,0,0,1069672,0,1119.516258,0.0,32,32,32.0,0.0,0.0,0,0,0,0,0,0,0,0,0,32.00023933,32.0,0.0,0,0,0,0,0,0,133709,4278688,0,0,-1,-1,133708,8,0.0,0.0,0,0,0.0,0.0,0,0,DDOS attack-LOIC-UDP
80,17,21/02/2018 10:23:04,119549821,127555,0,4081760,0,32,32,32.0,0.0,0,0,0.0,0.0,34142.75292,1066.961029,937.2487025,18778.28717,577921,0,120000000,937.2487025,18778.28717,577921,0,0,0.0,0.0,0,0,0,0,0,0,1020440,0,1066.961029,0.0,32,32,32.0,0.0,0.0,0,0,0,0,0,0,0,0,0,32.00025087,32.0,0.0,0,0,0,0,0,0,127555,4081760,0,0,-1,-1,127554,8,0.0,0.0,0,0,0.0,0.0,0,0,DDOS attack-LOIC-UDP
80,17,21/02/2018 10:23:04,119963044,133392,0,4268544,0,32,32,32.0,0.0,0,0,0.0,0.0,35582.15812,1111.942441,899.3338681,17756.73289,625968,0,120000000,899.3338681,17756.73289,625968,0,0,0.0,0.0,0,0,0,0,0,0,1067136,0,1111.942441,0.0,32,32,32.0,0.0,0.0,0,0,0,0,0,0,0,0,0,32.00023989,32.0,0.0,0,0,0,0,0,0,133392,4268544,0,0,-1,-1,133391,8,0.0,0.0,0,0,0.0,0.0,0,0,DDOS attack-LOIC-UDP
80,17,21/02/2018 10:22:36,113987919,16,0,512,0,32,32,32.0,0.0,0,0,0.0,0.0,4.491704073,0.140365752,7599194.6,7633469.827,23000000,980749,114000000,7599194.6,7633469.827,23000000,980749,0,0.0,0.0,0,0,0,0,0,0,128,0,0.140365752,0.0,32,32,32.0,0.0,0.0,0,0,0,0,0,0,0,0,0,34.0,32.0,0.0,0,0,0,0,0,0,16,512,0,0,-1,-1,15,8,5496321.5,6385983.871,10000000,980749,14700000.0,4958495.714,23000000,8003967,Benign
80,17,21/02/2018 10:23:00,112011836,13,0,416,0,32,32,32.0,0.0,0,0,0.0,0.0,3.713893235,0.116059164,9334319.667,6749027.602,26000000,980055,112000000,9334319.667,6749027.602,26000000,980055,0,0.0,0.0,0,0,0,0,0,0,104,0,0.116059164,0.0,32,32,32.0,0.0,0.0,0,0,0,0,0,0,0,0,0,34.46153846,32.0,0.0,0,0,0,0,0,0,13,416,0,0,-1,-1,12,8,2999878.0,0.0,2999878,2999878,10900000.0,6264507.62,26000000,5020013,Benign
80,17,21/02/2018 10:23:05,119537465,149284,0,4777088,0,32,32,32.0,0.0,0,0,0.0,0.0,39963.10278,1248.846962,800.7439896,16758.19808,648034,0,120000000,800.7439896,16758.19808,648034,0,0,0.0,0.0,0,0,0,0,0,0,1194272,0,1248.846962,0.0,32,32,32.0,0.0,0.0,0,0,0,0,0,0,0,0,0,32.00021436,32.0,0.0,0,0,0,0,0,0,149284,4777088,0,0,-1,-1,149283,8,0.0,0.0,0,0,0.0,0.0,0,0,DDOS attack-LOIC-UDP
80,17,21/02/2018 10:23:01,116972858,17,0,544,0,32,32,32.0,0.0,0,0,0.0,0.0,4.650651521,0.14533286,7310803.625,3848444.18,17000000,2980111,117000000,7310803.625,3848444.18,17000000,2980111,0,0.0,0.0,0,0,0,0,0,0,136,0,0.14533286,0.0,32,32,32.0,0.0,0.0,0,0,0,0,0,0,0,0,0,33.88235294,32.0,0.0,0,0,0,0,0,0,17,544,0,0,-1,-1,16,8,4986731.333,1000014.334,5980055,3980158,8501055.333,3709765.231,17000000,5000003,Benign
80,17,21/02/2018 10:23:06,119911263,130944,0,4190208,0,32,32,32.0,0.0,0,0,0.0,0.0,34944.24039,1092.007512,915.7516095,17987.30852,641866,0,120000000,915.7516095,17987.30852,641866,0,0,0.0,0.0,0,0,0,0,0,0,1047552,0,1092.007512,0.0,32,32,32.0,0.0,0.0,0,0,0,0,0,0,0,0,0,32.00024438,32.0,0.0,0,0,0,0,0,0,130944,4190208,0,0,-1,-1,130943,8,0.0,0.0,0,0,0.0,0.0,0,0,DDOS attack-LOIC-UDP
80,17,21/02/2018 10:23:07,119866461,152387,0,4876384,0,32,32,32.0,0.0,0,0,0.0,0.0,40681.80506,1271.306408,786.5975943,16706.81651,636211,0,120000000,786.5975943,16706.81651,636211,0,0,0.0,0.0,0,0,0,0,0,0,1219096,0,1271.306408,0.0,32,32,32.0,0.0,0.0,0,0,0,0,0,0,0,0,0,32.00020999,32.0,0.0,0,0,0,0,0,0,152387,4876384,0,0,-1,-1,152386,8,0.0,0.0,0,0,0.0,0.0,0,0,DDOS attack-LOIC-UDP
80,17,21/02/2018 10:23:08,119771758,136236,0,4359552,0,32,32,32.0,0.0,0,0,0.0,0.0,36398.83118,1137.463474,879.1555621,17643.15639,641901,0,120000000,879.1555621,17643.15639,641901,0,0,0.0,0.0,0,0,0,0,0,0,1089888,0,1137.463474,0.0,32,32,32.0,0.0,0.0,0,0,0,0,0,0,0,0,0,32.00023489,32.0,0.0,0,0,0,0,0,0,136236,4359552,0,0,-1,-1,136235,8,0.0,0.0,0,0,0.0,0.0,0,0,DDOS attack-LOIC-UDP
80,17,21/02/2018 10:23:08,119832082,88986,0,2847552,0,32,32,32.0,0.0,0,0,0.0,0.0,23762.85175,742.5891173,1346.654852,28010.16167,933483,1,120000000,1346.654852,28010.16167,933483,1,0,0.0,0.0,0,0,0,0,0,0,711888,0,742.5891173,0.0,32,32,32.0,0.0,0.0,0,0,0,0,0,0,0,0,0,32.00035961,32.0,0.0,0,0,0,0,0,0,88986,2847552,0,0,-1,-1,88985,8,0.0,0.0,0,0,0.0,0.0,0,0,DDOS attack-LOIC-UDP
80,17,21/02/2018 10:23:09,119669646,96440,0,3086080,0,32,32,32.0,0.0,0,0,0.0,0.0,25788.32731,805.8852284,1240.884352,26866.00459,930471,1,120000000,1240.884352,26866.00459,930471,1,0,0.0,0.0,0,0,0,0,0,0,771520,0,805.8852284,0.0,32,32,32.0,0.0,0.0,0,0,0,0,0,0,0,0,0,32.00033181,32.0,0.0,0,0,0,0,0,0,96440,3086080,0,0,-1,-1,96439,8,0.0,0.0,0,0,0.0,0.0,0,0,DDOS attack-LOIC-UDP
80,17,21/02/2018 10:23:09,119636054,97928,0,3133696,0,32,32,32.0,0.0,0,0,0.0,0.0,26193.57539,818.549231,1221.686093,26653.09358,927235,1,120000000,1221.686093,26653.09358,927235,1,0,0.0,0.0,0,0,0,0,0,0,783424,0,818.549231,0.0,32,32,32.0,0.0,0.0,0,0,0,0,0,0,0,0,0,32.00032677,32.0,0.0,0,0,0,0,0,0,97928,3133696,0,0,-1,-1,97927,8,0.0,0.0,0,0,0.0,0.0,0,0,DDOS attack-LOIC-UDP
80,17,21/02/2018 10:23:09,119675815,150211,0,4806752,0,32,32,32.0,0.0,0,0,0.0,0.0,40164.77348,1255.149171,796.723354,16734.57381,645100,0,120000000,796.723354,16734.57381,645100,0,0,0.0,0.0,0,0,0,0,0,0,1201688,0,1255.149171,0.0,32,32,32.0,0.0,0.0,0,0,0,0,0,0,0,0,0,32.00021303,32.0,0.0,0,0,0,0,0,0,150211,4806752,0,0,-1,-1,150210,8,0.0,0.0,0,0,0.0,0.0,0,0,DDOS attack-LOIC-UDP
80,17,21/02/2018 10:23:09,119599084,84100,0,2691200,0,32,32,32.0,0.0,0,0,0.0,0.0,22501.84458,703.1826431,1422.122546,28757.14858,925842,1,120000000,1422.122546,28757.14858,925842,1,0,0.0,0.0,0,0,0,0,0,0,672800,0,703.1826431,0.0,32,32,32.0,0.0,0.0,0,0,0,0,0,0,0,0,0,32.0003805,32.0,0.0,0,0,0,0,0,0,84100,2691200,0,0,-1,-1,84099,8,0.0,0.0,0,0,0.0,0.0,0,0,DDOS attack-LOIC-UDP
80,17,21/02/2018 10:23:11,119999954,85472,0,2735104,0,32,32,32.0,0.0,0,0,0.0,0.0,22792.54207,712.2669397,1403.984439,28533.23857,932345,1,120000000,1403.984439,28533.23857,932345,1,0,0.0,0.0,0,0,0,0,0,0,683776,0,712.2669397,0.0,32,32,32.0,0.0,0.0,0,0,0,0,0,0,0,0,0,32.00037439,32.0,0.0,0,0,0,0,0,0,85472,2735104,0,0,-1,-1,85471,8,0.0,0.0,0,0,0.0,0.0,0,0,DDOS attack-LOIC-UDP
80,17,21/02/2018 10:22:46,112003954,15,0,480,0,32,32,32.0,0.0,0,0,0.0,0.0,4.28556299,0.133923843,8000282.429,3507152.635,14000000,3991974,112000000,8000282.429,3507152.635,14000000,3991974,0,0.0,0.0,0,0,0,0,0,0,120,0,0.133923843,0.0,32,32,32.0,0.0,0.0,0,0,0,0,0,0,0,0,0,34.13333333,32.0,0.0,0,0,0,0,0,0,15,480,0,0,-1,-1,14,8,13000000.0,0.0,13000000,13000000,9500807.2,2988562.027,14000000,5000014,Benign
80,17,21/02/2018 10:23:11,119984336,133268,0,4264576,0,32,32,32.0,0.0,0,0,0.0,0.0,35542.77285,1110.711652,900.3304344,17801.74342,641208,1,120000000,900.3304344,17801.74342,641208,1,0,0.0,0.0,0,0,0,0,0,0,1066144,0,1110.711652,0.0,32,32,32.0,0.0,0.0,0,0,0,0,0,0,0,0,0,32.00024012,32.0,0.0,0,0,0,0,0,0,133268,4264576,0,0,-1,-1,133267,8,0.0,0.0,0,0,0.0,0.0,0,0,DDOS attack-LOIC-UDP
80,17,21/02/2018 10:23:13,119733528,143117,0,4579744,0,32,32,32.0,0.0,0,0,0.0,0.0,38249.47011,1195.295941,836.6187428,17698.79442,637695,0,120000000,836.6187428,17698.79442,637695,0,0,0.0,0.0,0,0,0,0,0,0,1144936,0,1195.295941,0.0,32,32,32.0,0.0,0.0,0,0,0,0,0,0,0,0,0,32.00022359,32.0,0.0,0,0,0,0,0,0,143117,4579744,0,0,-1,-1,143116,8,0.0,0.0,0,0,0.0,0.0,0,0,DDOS attack-LOIC-UDP
80,17,21/02/2018 10:23:13,119667163,98324,0,3146368,0,32,32,32.0,0.0,0,0,0.0,0.0,26292.65975,821.6456172,1217.082097,26485.25763,930003,1,120000000,1217.082097,26485.25763,930003,1,0,0.0,0.0,0,0,0,0,0,0,786592,0,821.6456172,0.0,32,32,32.0,0.0,0.0,0,0,0,0,0,0,0,0,0,32.00032545,32.0,0.0,0,0,0,0,0,0,98324,3146368,0,0,-1,-1,98323,8,0.0,0.0,0,0,0.0,0.0,0,0,DDOS attack-LOIC-UDP
80,17,21/02/2018 10:23:13,119999958,123794,0,3961408,0,32,32,32.0,0.0,0,0,0.0,0.0,33011.74489,1031.617028,969.3598023,19090.69802,634263,1,120000000,969.3598023,19090.69802,634263,1,0,0.0,0.0,0,0,0,0,0,0,990352,0,1031.617028,0.0,32,32,32.0,0.0,0.0,0,0,0,0,0,0,0,0,0,32.00025849,32.0,0.0,0,0,0,0,0,0,123794,3961408,0,0,-1,-1,123793,8,0.0,0.0,0,0,0.0,0.0,0,0,DDOS attack-LOIC-UDP
80,17,21/02/2018 10:22:49,118999916,18,0,576,0,32,32,32.0,0.0,0,0,0.0,0.0,4.840339551,0.151260611,6999995.059,2877659.556,12000000,1980034,119000000,6999995.059,2877659.556,12000000,1980034,0,0.0,0.0,0,0,0,0,0,0,144,0,0.151260611,0.0,32,32,32.0,0.0,0.0,0,0,0,0,0,0,0,0,0,33.77777778,32.0,0.0,0,0,0,0,0,0,18,576,0,0,-1,-1,17,8,4787967.0,1776090.951,6960080,1999922,8641825.545,1910004.308,12000000,5999846,Benign
80,17,21/02/2018 10:23:14,119832421,84115,0,2691680,0,32,32,32.0,0.0,0,0,0.0,0.0,22462.03471,701.9385847,1424.642996,28604.27059,929326,1,120000000,1424.642996,28604.27059,929326,1,0,0.0,0.0,0,0,0,0,0,0,672920,0,701.9385847,0.0,32,32,32.0,0.0,0.0,0,0,0,0,0,0,0,0,0,32.00038043,32.0,0.0,0,0,0,0,0,0,84115,2691680,0,0,-1,-1,84114,8,0.0,0.0,0,0,0.0,0.0,0,0,DDOS attack-LOIC-UDP
80,17,21/02/2018 10:23:14,119845502,144634,0,4628288,0,32,32,32.0,0.0,0,0,0.0,0.0,38618.78771,1206.837116,828.6179641,17663.68783,641810,0,120000000,828.6179641,17663.68783,641810,0,0,0.0,0.0,0,0,0,0,0,0,1157072,0,1206.837116,0.0,32,32,32.0,0.0,0.0,0,0,0,0,0,0,0,0,0,32.00022125,32.0,0.0,0,0,0,0,0,0,144634,4628288,0,0,-1,-1,144633,8,0.0,0.0,0,0,0.0,0.0,0,0,DDOS attack-LOIC-UDP
80,17,21/02/2018 10:23:15,119688064,100779,0,3224928,0,32,32,32.0,0.0,0,0,0.0,0.0,26944.44118,842.0137868,1187.640795,26072.3192,933633,1,120000000,1187.640795,26072.3192,933633,1,0,0.0,0.0,0,0,0,0,0,0,806232,0,842.0137868,0.0,32,32,32.0,0.0,0.0,0,0,0,0,0,0,0,0,0,32.00031753,32.0,0.0,0,0,0,0,0,0,100779,3224928,0,0,-1,-1,100778,8,0.0,0.0,0,0,0.0,0.0,0,0,DDOS attack-LOIC-UDP
80,17,21/02/2018 10:23:16,119581422,88159,0,2821088,0,32,32,32.0,0.0,0,0,0.0,0.0,23591.35686,737.2299018,1356.444361,27879.02982,927636,1,120000000,1356.444361,27879.02982,927636,1,0,0.0,0.0,0,0,0,0,0,0,705272,0,737.2299018,0.0,32,32,32.0,0.0,0.0,0,0,0,0,0,0,0,0,0,32.00036298,32.0,0.0,0,0,0,0,0,0,88159,2821088,0,0,-1,-1,88158,8,0.0,0.0,0,0,0.0,0.0,0,0,DDOS attack-LOIC-UDP
80,17,21/02/2018 10:23:16,119953122,126472,0,4047104,0,32,32,32.0,0.0,0,0,0.0,0.0,33739.04683,1054.345213,948.463458,18934.43436,642941,0,120000000,948.463458,18934.43436,642941,0,0,0.0,0.0,0,0,0,0,0,0,1011776,0,1054.345213,0.0,32,32,32.0,0.0,0.0,0,0,0,0,0,0,0,0,0,32.00025302,32.0,0.0,0,0,0,0,0,0,126472,4047104,0,0,-1,-1,126471,8,0.0,0.0,0,0,0.0,0.0,0,0,DDOS attack-LOIC-UDP
80,17,21/02/2018 10:23:15,117980155,12,0,384,0,32,32,32.0,0.0,0,0,0.0,0.0,3.254784671,0.101712021,10700000.0,10100000.0,35000000,991902,118000000,10700000.0,10100000.0,35000000,991902,0,0.0,0.0,0,0,0,0,0,0,96,0,0.101712021,0.0,32,32,32.0,0.0,0.0,0,0,0,0,0,0,0,0,0,34.66666667,32.0,0.0,0,0,0,0,0,0,12,384,0,0,-1,-1,11,8,3972039.0,0.0,3972039,3972039,15600000.0,9544993.35,35000000,5012005,Benign
80,17,21/02/2018 10:23:16,119923782,136019,0,4352608,0,32,32,32.0,0.0,0,0,0.0,0.0,36294.78597,1134.212061,881.6758223,18237.84985,635854,0,120000000,881.6758223,18237.84985,635854,0,0,0.0,0.0,0,0,0,0,0,0,1088152,0,1134.212061,0.0,32,32,32.0,0.0,0.0,0,0,0,0,0,0,0,0,0,32.00023526,32.0,0.0,0,0,0,0,0,0,136019,4352608,0,0,-1,-1,136018,8,0.0,0.0,0,0,0.0,0.0,0,0,DDOS attack-LOIC-UDP
80,17,21/02/2018 10:23:17,119362419,97609,0,3123488,0,32,32,32.0,0.0,0,0,0.0,0.0,26168.10237,817.7531992,1222.875369,26418.78356,934230,1,119000000,1222.875369,26418.78356,934230,1,0,0.0,0.0,0,0,0,0,0,0,780872,0,817.7531992,0.0,32,32,32.0,0.0,0.0,0,0,0,0,0,0,0,0,0,32.00032784,32.0,0.0,0,0,0,0,0,0,97609,3123488,0,0,-1,-1,97608,8,0.0,0.0,0,0,0.0,0.0,0,0,DDOS attack-LOIC-UDP
500,17,21/02/2018 10:23:09,41990114,2,0,1000,0,500,500,500.0,0.0,0,0,0.0,0.0,23.81512944,0.047630259,42000000.0,0.0,42000000,42000000,42000000,42000000.0,0.0,42000000,42000000,0,0.0,0.0,0,0,0,0,0,0,16,0,0.047630259,0.0,500,500,500.0,0.0,0.0,0,0,0,0,0,0,0,0,0,750.0,500.0,0.0,0,0,0,0,0,0,2,1000,0,0,-1,-1,1,8,0.0,0.0,0,0,42000000.0,0.0,42000000,42000000,Benign
80,17,21/02/2018 10:23:18,119670156,115704,0,3702528,0,32,32,32.0,0.0,0,0,0.0,0.0,30939.44325,966.8576015,1034.287408,20073.02342,662978,0,120000000,1034.287408,20073.02342,662978,0,0,0.0,0.0,0,0,0,0,0,0,925632,0,966.8576015,0.0,32,32,32.0,0.0,0.0,0,0,0,0,0,0,0,0,0,32.00027657,32.0,0.0,0,0,0,0,0,0,115704,3702528,0,0,-1,-1,115703,8,0.0,0.0,0,0,0.0,0.0,0,0,DDOS attack-LOIC-UDP
80,17,21/02/2018 10:23:18,119892585,121894,0,3900608,0,32,32,32.0,0.0,0,0,0.0,0.0,32534.18883,1016.693401,983.5887623,19250.08387,588225,0,120000000,983.5887623,19250.08387,588225,0,0,0.0,0.0,0,0,0,0,0,0,975152,0,1016.693401,0.0,32,32,32.0,0.0,0.0,0,0,0,0,0,0,0,0,0,32.00026252,32.0,0.0,0,0,0,0,0,0,121894,3900608,0,0,-1,-1,121893,8,0.0,0.0,0,0,0.0,0.0,0,0,DDOS attack-LOIC-UDP
80,17,21/02/2018 10:23:19,119707366,120458,0,3854656,0,32,32,32.0,0.0,0,0,0.0,0.0,32200.6584,1006.270575,993.7767502,19668.44536,662745,0,120000000,993.7767502,19668.44536,662745,0,0,0.0,0.0,0,0,0,0,0,0,963664,0,1006.270575,0.0,32,32,32.0,0.0,0.0,0,0,0,0,0,0,0,0,0,32.00026565,32.0,0.0,0,0,0,0,0,0,120458,3854656,0,0,-1,-1,120457,8,0.0,0.0,0,0,0.0,0.0,0,0,DDOS attack-LOIC-UDP
80,17,21/02/2018 10:23:19,119869370,121519,0,3888608,0,32,32,32.0,0.0,0,0,0.0,0.0,32440.38072,1013.761898,986.4330387,19293.85922,638305,0,120000000,986.4330387,19293.85922,638305,0,0,0.0,0.0,0,0,0,0,0,0,972152,0,1013.761898,0.0,32,32,32.0,0.0,0.0,0,0,0,0,0,0,0,0,0,32.00026333,32.0,0.0,0,0,0,0,0,0,121519,3888608,0,0,-1,-1,121518,8,0.0,0.0,0,0,0.0,0.0,0,0,DDOS attack-LOIC-UDP
80,17,21/02/2018 10:23:19,119707988,128002,0,4096064,0,32,32,32.0,0.0,0,0,0.0,0.0,34217.13178,1069.285368,935.2113499,19095.32015,658238,0,120000000,935.2113499,19095.32015,658238,0,0,0.0,0.0,0,0,0,0,0,0,1024016,0,1069.285368,0.0,32,32,32.0,0.0,0.0,0,0,0,0,0,0,0,0,0,32.00025,32.0,0.0,0,0,0,0,0,0,128002,4096064,0,0,-1,-1,128001,8,0.0,0.0,0,0,0.0,0.0,0,0,DDOS attack-LOIC-UDP
80,17,21/02/2018 10:23:20,119846548,145591,0,4658912,0,32,32,32.0,0.0,0,0,0.0,0.0,38873.97741,1214.811794,823.1784326,17614.55824,606605,0,120000000,823.1784326,17614.55824,606605,0,0,0.0,0.0,0,0,0,0,0,0,1164728,0,1214.811794,0.0,32,32,32.0,0.0,0.0,0,0,0,0,0,0,0,0,0,32.00021979,32.0,0.0,0,0,0,0,0,0,145591,4658912,0,0,-1,-1,145590,8,0.0,0.0,0,0,0.0,0.0,0,0,DDOS attack-LOIC-UDP
80,17,21/02/2018 10:23:20,119736708,124401,0,3980832,0,32,32,32.0,0.0,0,0,0.0,0.0,33246.54625,1038.95457,962.5137299,19374.54962,651905,0,120000000,962.5137299,19374.54962,651905,0,0,0.0,0.0,0,0,0,0,0,0,995208,0,1038.95457,0.0,32,32,32.0,0.0,0.0,0,0,0,0,0,0,0,0,0,32.00025723,32.0,0.0,0,0,0,0,0,0,124401,3980832,0,0,-1,-1,124400,8,0.0,0.0,0,0,0.0,0.0,0,0,DDOS attack-LOIC-UDP
80,17,21/02/2018 10:23:20,119841537,122144,0,3908608,0,32,32,32.0,0.0,0,0,0.0,0.0,32614.80199,1019.212562,981.1576349,19239.42493,639227,0,120000000,981.1576349,19239.42493,639227,0,0,0.0,0.0,0,0,0,0,0,0,977152,0,1019.212562,0.0,32,32,32.0,0.0,0.0,0,0,0,0,0,0,0,0,0,32.00026199,32.0,0.0,0,0,0,0,0,0,122144,3908608,0,0,-1,-1,122143,8,0.0,0.0,0,0,0.0,0.0,0,0,DDOS attack-LOIC-UDP
80,17,21/02/2018 10:23:20,117008035,23,0,736,0,32,32,32.0,0.0,0,0,0.0,0.0,6.290166312,0.196567697,5318547.045,6488546.623,29000000,1987969,117000000,5318547.045,6488546.623,29000000,1987969,0,0.0,0.0,0,0,0,0,0,0,184,0,0.196567697,0.0,32,32,32.0,0.0,0.0,0,0,0,0,0,0,0,0,0,33.39130435,32.0,0.0,0,0,0,0,0,0,23,736,0,0,-1,-1,22,8,18000000.0,14100000.0,28000000,8004031,13500000.0,8060539.653,29000000,6000151,Benign
80,17,21/02/2018 10:23:22,119733512,134110,0,4291520,0,32,32,32.0,0.0,0,0,0.0,0.0,35842.26277,1120.070712,892.8074328,18633.79336,663349,0,120000000,892.8074328,18633.79336,663349,0,0,0.0,0.0,0,0,0,0,0,0,1072880,0,1120.070712,0.0,32,32,32.0,0.0,0.0,0,0,0,0,0,0,0,0,0,32.00023861,32.0,0.0,0,0,0,0,0,0,134110,4291520,0,0,-1,-1,134109,8,0.0,0.0,0,0,0.0,0.0,0,0,DDOS attack-LOIC-UDP
80,17,21/02/2018 10:23:22,119811386,141519,0,4528608,0,32,32,32.0,0.0,0,0,0.0,0.0,37797.80997,1181.181561,846.6158793,17874.44683,636359,0,120000000,846.6158793,17874.44683,636359,0,0,0.0,0.0,0,0,0,0,0,0,1132152,0,1181.181561,0.0,32,32,32.0,0.0,0.0,0,0,0,0,0,0,0,0,0,32.00022612,32.0,0.0,0,0,0,0,0,0,141519,4528608,0,0,-1,-1,141518,8,0.0,0.0,0,0,0.0,0.0,0,0,DDOS attack-LOIC-UDP
80,17,21/02/2018 10:23:07,90011981,10,0,320,0,32,32,32.0,0.0,0,0,0.0,0.0,3.555082295,0.111096322,10000000.0,5550156.157,21000000,4979854,90000000,10000000.0,5550156.157,21000000,4979854,0,0.0,0.0,0,0,0,0,0,0,80,0,0.111096322,0.0,32,32,32.0,0.0,0.0,0,0,0,0,0,0,0,0,0,35.2,32.0,0.0,0,0,0,0,0,0,10,320,0,0,-1,-1,9,8,4999981.0,0.0,4999981,4999981,11400000.0,5505362.83,21000000,5004168,Benign
80,17,21/02/2018 10:23:23,119737179,122376,0,3916032,0,32,32,32.0,0.0,0,0,0.0,0.0,32705.23018,1022.038443,978.4447722,19524.02351,651756,0,120000000,978.4447722,19524.02351,651756,0,0,0.0,0.0,0,0,0,0,0,0,979008,0,1022.038443,0.0,32,32,32.0,0.0,0.0,0,0,0,0,0,0,0,0,0,32.00026149,32.0,0.0,0,0,0,0,0,0,122376,3916032,0,0,-1,-1,122375,8,0.0,0.0,0,0,0.0,0.0,0,0,DDOS attack-LOIC-UDP
80,17,21/02/2018 10:23:24,119730439,127503,0,4080096,0,32,32,32.0,0.0,0,0,0.0,0.0,34077.34937,1064.917168,939.0475365,19125.53455,652386,0,120000000,939.0475365,19125.53455,652386,0,0,0.0,0.0,0,0,0,0,0,0,1020024,0,1064.917168,0.0,32,32,32.0,0.0,0.0,0,0,0,0,0,0,0,0,0,32.00025097,32.0,0.0,0,0,0,0,0,0,127503,4080096,0,0,-1,-1,127502,8,0.0,0.0,0,0,0.0,0.0,0,0,DDOS attack-LOIC-UDP
80,17,21/02/2018 10:23:25,119545755,96087,0,3074784,0,32,32,32.0,0.0,0,0,0.0,0.0,25720.56197,803.7675616,1244.153727,24268.4732,671519,1,120000000,1244.153727,24268.4732,671519,1,0,0.0,0.0,0,0,0,0,0,0,768696,0,803.7675616,0.0,32,32,32.0,0.0,0.0,0,0,0,0,0,0,0,0,0,32.00033303,32.0,0.0,0,0,0,0,0,0,96087,3074784,0,0,-1,-1,96086,8,0.0,0.0,0,0,0.0,0.0,0,0,DDOS attack-LOIC-UDP
80,17,21/02/2018 10:23:25,119744858,125029,0,4000928,0,32,32,32.0,0.0,0,0,0.0,0.0,33412.10693,1044.128342,957.7443293,19332.44563,665263,0,120000000,957.7443293,19332.44563,665263,0,0,0.0,0.0,0,0,0,0,0,0,1000232,0,1044.128342,0.0,32,32,32.0,0.0,0.0,0,0,0,0,0,0,0,0,0,32.00025594,32.0,0.0,0,0,0,0,0,0,125029,4000928,0,0,-1,-1,125028,8,0.0,0.0,0,0,0.0,0.0,0,0,DDOS attack-LOIC-UDP
80,17,21/02/2018 10:22:49,101000071,12,0,384,0,32,32,32.0,0.0,0,0,0.0,0.0,3.801977525,0.118811798,9181824.636,5780355.104,18000000,1960583,101000000,9181824.636,5780355.104,18000000,1960583,0,0.0,0.0,0,0,0,0,0,0,96,0,0.118811798,0.0,32,32,32.0,0.0,0.0,0,0,0,0,0,0,0,0,0,34.66666667,32.0,0.0,0,0,0,0,0,0,12,384,0,0,-1,-1,11,8,7968641.0,0.0,7968641,7968641,11600000.0,4716633.374,18000000,5000004,Benign
80,17,21/02/2018 10:23:25,119984369,108199,0,3462368,0,32,32,32.0,0.0,0,0,0.0,0.0,28856.82551,901.7757971,1108.933335,22934.69403,662636,0,120000000,1108.933335,22934.69403,662636,0,0,0.0,0.0,0,0,0,0,0,0,865592,0,901.7757971,0.0,32,32,32.0,0.0,0.0,0,0,0,0,0,0,0,0,0,32.00029575,32.0,0.0,0,0,0,0,0,0,108199,3462368,0,0,-1,-1,108198,8,0.0,0.0,0,0,0.0,0.0,0,0,DDOS attack-LOIC-UDP
80,17,21/02/2018 10:23:27,119739110,131291,0,4201312,0,32,32,32.0,0.0,0,0,0.0,0.0,35087.21586,1096.475496,912.020032,18845.98536,655568,0,120000000,912.020032,18845.98536,655568,0,0,0.0,0.0,0,0,0,0,0,0,1050328,0,1096.475496,0.0,32,32,32.0,0.0,0.0,0,0,0,0,0,0,0,0,0,32.00024373,32.0,0.0,0,0,0,0,0,0,131291,4201312,0,0,-1,-1,131290,8,0.0,0.0,0,0,0.0,0.0,0,0,DDOS attack-LOIC-UDP
80,17,21/02/2018 10:23:27,119746499,116472,0,3727104,0,32,32,32.0,0.0,0,0,0.0,0.0,31124.95172,972.6547412,1028.122872,20002.35444,657971,0,120000000,1028.122872,20002.35444,657971,0,0,0.0,0.0,0,0,0,0,0,0,931776,0,972.6547412,0.0,32,32,32.0,0.0,0.0,0,0,0,0,0,0,0,0,0,32.00027474,32.0,0.0,0,0,0,0,0,0,116472,3727104,0,0,-1,-1,116471,8,0.0,0.0,0,0,0.0,0.0,0,0,DDOS attack-LOIC-UDP
80,17,21/02/2018 10:23:27,119622110,104346,0,3339072,0,32,32,32.0,0.0,0,0,0.0,0.0,27913.50194,872.2969357,1146.409603,23253.25427,672388,0,120000000,1146.409603,23253.25427,672388,0,0,0.0,0.0,0,0,0,0,0,0,834768,0,872.2969357,0.0,32,32,32.0,0.0,0.0,0,0,0,0,0,0,0,0,0,32.00030667,32.0,0.0,0,0,0,0,0,0,104346,3339072,0,0,-1,-1,104345,8,0.0,0.0,0,0,0.0,0.0,0,0,DDOS attack-LOIC-UDP
80,17,21/02/2018 10:23:27,119583265,109582,0,3506624,0,32,32,32.0,0.0,0,0,0.0,0.0,29323.70177,916.3656804,1091.277366,22691.14092,652288,0,120000000,1091.277366,22691.14092,652288,0,0,0.0,0.0,0,0,0,0,0,0,876656,0,916.3656804,0.0,32,32,32.0,0.0,0.0,0,0,0,0,0,0,0,0,0,32.00029202,32.0,0.0,0,0,0,0,0,0,109582,3506624,0,0,-1,-1,109581,8,0.0,0.0,0,0,0.0,0.0,0,0,DDOS attack-LOIC-UDP
80,17,21/02/2018 10:23:17,82991973,11,0,352,0,32,32,32.0,0.0,0,0,0.0,0.0,4.241374042,0.132542939,8299197.3,8669654.392,31000000,981897,83000000,8299197.3,8669654.392,31000000,981897,0,0.0,0.0,0,0,0,0,0,0,88,0,0.132542939,0.0,32,32,32.0,0.0,0.0,0,0,0,0,0,0,0,0,0,34.90909091,32.0,0.0,0,0,0,0,0,0,11,352,0,0,-1,-1,10,8,3346600.333,1166241.193,4019960,1999941,13600000.0,9777684.718,31000000,7999966,Benign
80,17,21/02/2018 10:23:28,119858121,101835,0,3258720,0,32,32,32.0,0.0,0,0,0.0,0.0,27188.14522,849.6295382,1176.99512,23482.24695,671369,0,120000000,1176.99512,23482.24695,671369,0,0,0.0,0.0,0,0,0,0,0,0,814680,0,849.6295382,0.0,32,32,32.0,0.0,0.0,0,0,0,0,0,0,0,0,0,32.00031423,32.0,0.0,0,0,0,0,0,0,101835,3258720,0,0,-1,-1,101834,8,0.0,0.0,0,0,0.0,0.0,0,0,DDOS attack-LOIC-UDP
80,17,21/02/2018 10:23:29,119837808,99742,0,3191744,0,32,32,32.0,0.0,0,0,0.0,0.0,26633.865,832.3082812,1201.489939,26126.84126,819823,0,120000000,1201.489939,26126.84126,819823,0,0,0.0,0.0,0,0,0,0,0,0,797936,0,832.3082812,0.0,32,32,32.0,0.0,0.0,0,0,0,0,0,0,0,0,0,32.00032083,32.0,0.0,0,0,0,0,0,0,99742,3191744,0,0,-1,-1,99741,8,0.0,0.0,0,0,0.0,0.0,0,0,DDOS attack-LOIC-UDP
80,17,21/02/2018 10:23:29,119639557,108886,0,3484352,0,32,32,32.0,0.0,0,0,0.0,0.0,29123.74542,910.1170443,1098.769867,22704.26812,660957,0,120000000,1098.769867,22704.26812,660957,0,0,0.0,0.0,0,0,0,0,0,0,871088,0,910.1170443,0.0,32,32,32.0,0.0,0.0,0,0,0,0,0,0,0,0,0,32.00029389,32.0,0.0,0,0,0,0,0,0,108886,3484352,0,0,-1,-1,108885,8,0.0,0.0,0,0,0.0,0.0,0,0,DDOS attack-LOIC-UDP
80,17,21/02/2018 10:23:30,119894817,82783,0,2649056,0,32,32,32.0,0.0,0,0,0.0,0.0,22094.83334,690.4635419,1448.319888,28637.66556,795429,1,120000000,1448.319888,28637.66556,795429,1,0,0.0,0.0,0,0,0,0,0,0,662264,0,690.4635419,0.0,32,32,32.0,0.0,0.0,0,0,0,0,0,0,0,0,0,32.00038655,32.0,0.0,0,0,0,0,0,0,82783,2649056,0,0,-1,-1,82782,8,0.0,0.0,0,0,0.0,0.0,0,0,DDOS attack-LOIC-UDP
80,17,21/02/2018 10:23:30,119999992,98368,0,3147776,0,32,32,32.0,0.0,0,0,0.0,0.0,26231.46842,819.733388,1219.921234,23904.2647,654443,0,120000000,1219.921234,23904.2647,654443,0,0,0.0,0.0,0,0,0,0,0,0,786944,0,819.733388,0.0,32,32,32.0,0.0,0.0,0,0,0,0,0,0,0,0,0,32.00032531,32.0,0.0,0,0,0,0,0,0,98368,3147776,0,0,-1,-1,98367,8,0.0,0.0,0,0,0.0,0.0,0,0,DDOS attack-LOIC-UDP
80,17,21/02/2018 10:23:29,100960060,14,0,448,0,32,32,32.0,0.0,0,0,0.0,0.0,4.437398314,0.138668697,7766158.462,3977228.873,16000000,1988017,101000000,7766158.462,3977228.873,16000000,1988017,0,0.0,0.0,0,0,0,0,0,0,112,0,0.138668697,0.0,32,32,32.0,0.0,0.0,0,0,0,0,0,0,0,0,0,34.28571429,32.0,0.0,0,0,0,0,0,0,14,448,0,0,-1,-1,13,8,3669376.667,1535058.88,4996038,1988017,9439986.889,3568009.18,16000000,5008015,Benign
80,17,21/02/2018 10:23:00,84005706,12,0,384,0,32,32,32.0,0.0,0,0,0.0,0.0,4.571118062,0.142847439,7636882.364,7407941.271,26000000,1980000,84000000,7636882.364,7407941.271,26000000,1980000,0,0.0,0.0,0,0,0,0,0,0,96,0,0.142847439,0.0,32,32,32.0,0.0,0.0,0,0,0,0,0,0,0,0,0,34.66666667,32.0,0.0,0,0,0,0,0,0,12,384,0,0,-1,-1,11,8,6993918.0,1434047.908,8007943,5979893,11700000.0,8115207.098,26000000,5003955,Benign
80,17,21/02/2018 10:23:32,119999960,99983,0,3199456,0,32,32,32.0,0.0,0,0,0.0,0.0,26662.14222,833.1919444,1200.215639,23672.16988,671281,0,120000000,1200.215639,23672.16988,671281,0,0,0.0,0.0,0,0,0,0,0,0,799864,0,833.1919444,0.0,32,32,32.0,0.0,0.0,0,0,0,0,0,0,0,0,0,32.00032005,32.0,0.0,0,0,0,0,0,0,99983,3199456,0,0,-1,-1,99982,8,0.0,0.0,0,0,0.0,0.0,0,0,DDOS attack-LOIC-UDP
80,17,21/02/2018 10:23:32,119834687,98013,0,3136416,0,32,32,32.0,0.0,0,0,0.0,0.0,26172.85594,817.9017483,1222.653216,26281.48497,823290,0,120000000,1222.653216,26281.48497,823290,0,0,0.0,0.0,0,0,0,0,0,0,784104,0,817.9017483,0.0,32,32,32.0,0.0,0.0,0,0,0,0,0,0,0,0,0,32.00032649,32.0,0.0,0,0,0,0,0,0,98013,3136416,0,0,-1,-1,98012,8,0.0,0.0,0,0,0.0,0.0,0,0,DDOS attack-LOIC-UDP
80,17,21/02/2018 10:23:32,119696427,86129,0,2756128,0,32,32,32.0,0.0,0,0,0.0,0.0,23025.98389,719.5619966,1389.750453,27946.40673,815293,1,120000000,1389.750453,27946.40673,815293,1,0,0.0,0.0,0,0,0,0,0,0,689032,0,719.5619966,0.0,32,32,32.0,0.0,0.0,0,0,0,0,0,0,0,0,0,32.00037154,32.0,0.0,0,0,0,0,0,0,86129,2756128,0,0,-1,-1,86128,8,0.0,0.0,0,0,0.0,0.0,0,0,DDOS attack-LOIC-UDP
80,17,21/02/2018 10:23:33,119991828,112382,0,3596224,0,32,32,32.0,0.0,0,0,0.0,0.0,29970.57433,936.5804478,1067.723441,22358.56495,641837,0,120000000,1067.723441,22358.56495,641837,0,0,0.0,0.0,0,0,0,0,0,0,899056,0,936.5804478,0.0,32,32,32.0,0.0,0.0,0,0,0,0,0,0,0,0,0,32.00028474,32.0,0.0,0,0,0,0,0,0,112382,3596224,0,0,-1,-1,112381,8,0.0,0.0,0,0,0.0,0.0,0,0,DDOS attack-LOIC-UDP
80,17,21/02/2018 10:23:33,119674521,98544,0,3153408,0,32,32,32.0,0.0,0,0,0.0,0.0,26349.86941,823.433419,1214.439595,26052.07279,792760,1,120000000,1214.439595,26052.07279,792760,1,0,0.0,0.0,0,0,0,0,0,0,788352,0,823.433419,0.0,32,32,32.0,0.0,0.0,0,0,0,0,0,0,0,0,0,32.00032473,32.0,0.0,0,0,0,0,0,0,98544,3153408,0,0,-1,-1,98543,8,0.0,0.0,0,0,0.0,0.0,0,0,DDOS attack-LOIC-UDP
80,17,21/02/2018 10:23:34,109011954,11,0,352,0,32,32,32.0,0.0,0,0,0.0,0.0,3.229003674,0.100906365,10900000.0,14200000.0,48000000,1984041,109000000,10900000.0,14200000.0,48000000,1984041,0,0.0,0.0,0,0,0,0,0,0,88,0,0.100906365,0.0,32,32,32.0,0.0,0.0,0,0,0,0,0,0,0,0,0,34.90909091,32.0,0.0,0,0,0,0,0,0,11,352,0,0,-1,-1,10,8,8991544.0,9910105.781,16000000,1984041,22000000.0,18200000.0,48000000,9023974,Benign
80,17,21/02/2018 10:23:35,119591395,87028,0,2784896,0,32,32,32.0,0.0,0,0,0.0,0.0,23286.75905,727.7112204,1374.187264,27663.03275,815560,1,120000000,1374.187264,27663.03275,815560,1,0,0.0,0.0,0,0,0,0,0,0,696224,0,727.7112204,0.0,32,32,32.0,0.0,0.0,0,0,0,0,0,0,0,0,0,32.0003677,32.0,0.0,0,0,0,0,0,0,87028,2784896,0,0,-1,-1,87027,8,0.0,0.0,0,0,0.0,0.0,0,0,DDOS attack-LOIC-UDP
80,17,21/02/2018 10:23:35,119576246,89450,0,2862400,0,32,32,32.0,0.0,0,0,0.0,0.0,23937.86472,748.0582724,1336.809199,27289.07299,814293,1,120000000,1336.809199,27289.07299,814293,1,0,0.0,0.0,0,0,0,0,0,0,715600,0,748.0582724,0.0,32,32,32.0,0.0,0.0,0,0,0,0,0,0,0,0,0,32.00035774,32.0,0.0,0,0,0,0,0,0,89450,2862400,0,0,-1,-1,89449,8,0.0,0.0,0,0,0.0,0.0,0,0,DDOS attack-LOIC-UDP
80,17,21/02/2018 10:23:34,119925920,101072,0,3234304,0,32,32,32.0,0.0,0,0,0.0,0.0,26969.18231,842.7869471,1186.551236,23554.6257,668593,1,120000000,1186.551236,23554.6257,668593,1,0,0.0,0.0,0,0,0,0,0,0,808576,0,842.7869471,0.0,32,32,32.0,0.0,0.0,0,0,0,0,0,0,0,0,0,32.00031661,32.0,0.0,0,0,0,0,0,0,101072,3234304,0,0,-1,-1,101071,8,0.0,0.0,0,0,0.0,0.0,0,0,DDOS attack-LOIC-UDP
80,17,21/02/2018 10:23:36,119763250,115268,0,3688576,0,32,32,32.0,0.0,0,0,0.0,0.0,30798.89699,962.465531,1039.007261,20388.70857,670172,0,120000000,1039.007261,20388.70857,670172,0,0,0.0,0.0,0,0,0,0,0,0,922144,0,962.465531,0.0,32,32,32.0,0.0,0.0,0,0,0,0,0,0,0,0,0,32.00027761,32.0,0.0,0,0,0,0,0,0,115268,3688576,0,0,-1,-1,115267,8,0.0,0.0,0,0,0.0,0.0,0,0,DDOS attack-LOIC-UDP
80,17,21/02/2018 10:23:36,113000023,13,0,416,0,32,32,32.0,0.0,0,0,0.0,0.0,3.68141518,0.115044224,9416668.583,7493908.549,25000000,2071951,113000000,9416668.583,7493908.549,25000000,2071951,0,0.0,0.0,0,0,0,0,0,0,104,0,0.115044224,0.0,32,32,32.0,0.0,0.0,0,0,0,0,0,0,0,0,0,34.46153846,32.0,0.0,0,0,0,0,0,0,13,416,0,0,-1,-1,12,8,3508015.5,1710939.977,5991984,2071951,14100000.0,6357903.156,25000000,5987890,Benign
80,17,21/02/2018 10:23:37,119773093,100764,0,3224448,0,32,32,32.0,0.0,0,0,0.0,0.0,26921.30527,841.2907897,1188.661443,25640.3072,816066,0,120000000,1188.661443,25640.3072,816066,0,0,0.0,0.0,0,0,0,0,0,0,806112,0,841.2907897,0.0,32,32,32.0,0.0,0.0,0,0,0,0,0,0,0,0,0,32.00031757,32.0,0.0,0,0,0,0,0,0,100764,3224448,0,0,-1,-1,100763,8,0.0,0.0,0,0,0.0,0.0,0,0,DDOS attack-LOIC-UDP
80,17,21/02/2018 10:23:37,119590480,88526,0,2832832,0,32,32,32.0,0.0,0,0,0.0,0.0,23687.7718,740.2428688,1350.923242,27292.37336,793799,1,120000000,1350.923242,27292.37336,793799,1,0,0.0,0.0,0,0,0,0,0,0,708208,0,740.2428688,0.0,32,32,32.0,0.0,0.0,0,0,0,0,0,0,0,0,0,32.00036148,32.0,0.0,0,0,0,0,0,0,88526,2832832,0,0,-1,-1,88525,8,0.0,0.0,0,0,0.0,0.0,0,0,DDOS attack-LOIC-UDP
80,17,21/02/2018 10:23:37,119785362,132528,0,4240896,0,32,32,32.0,0.0,0,0,0.0,0.0,35404.12559,1106.378925,903.8562859,19081.03621,674847,1,120000000,903.8562859,19081.03621,674847,1,0,0.0,0.0,0,0,0,0,0,0,1060224,0,1106.378925,0.0,32,32,32.0,0.0,0.0,0,0,0,0,0,0,0,0,0,32.00024146,32.0,0.0,0,0,0,0,0,0,132528,4240896,0,0,-1,-1,132527,8,0.0,0.0,0,0,0.0,0.0,0,0,DDOS attack-LOIC-UDP
80,17,21/02/2018 10:23:36,103972077,9,0,288,0,32,32,32.0,0.0,0,0,0.0,0.0,2.769974481,0.086561703,13000000.0,10400000.0,27000000,984024,104000000,13000000.0,10400000.0,27000000,984024,0,0.0,0.0,0,0,0,0,0,0,72,0,0.086561703,0.0,32,32,32.0,0.0,0.0,0,0,0,0,0,0,0,0,0,35.55555556,32.0,0.0,0,0,0,0,0,0,9,288,0,0,-1,-1,8,8,2492041.0,2132658.094,4000058,984024,16500000.0,9635889.252,27000000,5992172,Benign
80,17,21/02/2018 10:23:38,119415233,113035,0,3617120,0,32,32,32.0,0.0,0,0,0.0,0.0,30290.27293,946.5710292,1056.454102,20632.25931,676166,0,119000000,1056.454102,20632.25931,676166,0,0,0.0,0.0,0,0,0,0,0,0,904280,0,946.5710292,0.0,32,32,32.0,0.0,0.0,0,0,0,0,0,0,0,0,0,32.0002831,32.0,0.0,0,0,0,0,0,0,113035,3617120,0,0,-1,-1,113034,8,0.0,0.0,0,0,0.0,0.0,0,0,DDOS attack-LOIC-UDP
80,17,21/02/2018 10:23:38,119596472,98507,0,3152224,0,32,32,32.0,0.0,0,0,0.0,0.0,26357.16545,823.6614204,1214.103425,25848.52308,810132,1,120000000,1214.103425,25848.52308,810132,1,0,0.0,0.0,0,0,0,0,0,0,788056,0,823.6614204,0.0,32,32,32.0,0.0,0.0,0,0,0,0,0,0,0,0,0,32.00032485,32.0,0.0,0,0,0,0,0,0,98507,3152224,0,0,-1,-1,98506,8,0.0,0.0,0,0,0.0,0.0,0,0,DDOS attack-LOIC-UDP
80,17,21/02/2018 10:23:39,119833662,133738,0,4279616,0,32,32,32.0,0.0,0,0,0.0,0.0,35712.9702,1116.030319,896.0397048,19023.39595,667042,1,120000000,896.0397048,19023.39595,667042,1,0,0.0,0.0,0,0,0,0,0,0,1069904,0,1116.030319,0.0,32,32,32.0,0.0,0.0,0,0,0,0,0,0,0,0,0,32.00023927,32.0,0.0,0,0,0,0,0,0,133738,4279616,0,0,-1,-1,133737,8,0.0,0.0,0,0,0.0,0.0,0,0,DDOS attack-LOIC-UDP
80,17,21/02/2018 10:23:40,119639376,117050,0,3745600,0,32,32,32.0,0.0,0,0,0.0,0.0,31307.41839,978.3568246,1022.130697,20375.96679,668755,0,120000000,1022.130697,20375.96679,668755,0,0,0.0,0.0,0,0,0,0,0,0,936400,0,978.3568246,0.0,32,32,32.0,0.0,0.0,0,0,0,0,0,0,0,0,0,32.00027339,32.0,0.0,0,0,0,0,0,0,117050,3745600,0,0,-1,-1,117049,8,0.0,0.0,0,0,0.0,0.0,0,0,DDOS attack-LOIC-UDP
80,17,21/02/2018 10:23:41,119624084,126860,0,4059520,0,32,32,32.0,0.0,0,0,0.0,0.0,33935.64125,1060.488789,942.9688394,19567.71629,668604,1,120000000,942.9688394,19567.71629,668604,1,0,0.0,0.0,0,0,0,0,0,0,1014880,0,1060.488789,0.0,32,32,32.0,0.0,0.0,0,0,0,0,0,0,0,0,0,32.00025225,32.0,0.0,0,0,0,0,0,0,126860,4059520,0,0,-1,-1,126859,8,0.0,0.0,0,0,0.0,0.0,0,0,DDOS attack-LOIC-UDP
80,17,21/02/2018 10:23:43,119615893,132743,0,4247776,0,32,32,32.0,0.0,0,0,0.0,0.0,35511.80277,1109.743836,901.1156454,19128.08289,670854,0,120000000,901.1156454,19128.08289,670854,0,0,0.0,0.0,0,0,0,0,0,0,1061944,0,1109.743836,0.0,32,32,32.0,0.0,0.0,0,0,0,0,0,0,0,0,0,32.00024107,32.0,0.0,0,0,0,0,0,0,132743,4247776,0,0,-1,-1,132742,8,0.0,0.0,0,0,0.0,0.0,0,0,DDOS attack-LOIC-UDP
80,17,21/02/2018 10:23:43,119617309,114600,0,3667200,0,32,32,32.0,0.0,0,0,0.0,0.0,30657.77044,958.0553263,1043.790164,20566.02803,669115,0,120000000,1043.790164,20566.02803,669115,0,0,0.0,0.0,0,0,0,0,0,0,916800,0,958.0553263,0.0,32,32,32.0,0.0,0.0,0,0,0,0,0,0,0,0,0,32.00027923,32.0,0.0,0,0,0,0,0,0,114600,3667200,0,0,-1,-1,114599,8,0.0,0.0,0,0,0.0,0.0,0,0,DDOS attack-LOIC-UDP
80,17,21/02/2018 10:23:43,114000779,11,0,352,0,32,32,32.0,0.0,0,0,0.0,0.0,3.087698199,0.096490569,11400000.0,7958481.456,27000000,2000671,114000000,11400000.0,7958481.456,27000000,2000671,0,0.0,0.0,0,0,0,0,0,0,88,0,0.096490569,0.0,32,32,32.0,0.0,0.0,0,0,0,0,0,0,0,0,0,34.90909091,32.0,0.0,0,0,0,0,0,0,11,352,0,0,-1,-1,10,8,0.0,0.0,0,0,12400000.0,7680099.729,27000000,5008049,Benign
80,17,21/02/2018 10:23:31,117000048,12,0,384,0,32,32,32.0,0.0,0,0,0.0,0.0,3.282049936,0.10256406,10600000.0,10700000.0,35000000,1000031,117000000,10600000.0,10700000.0,35000000,1000031,0,0.0,0.0,0,0,0,0,0,0,96,0,0.10256406,0.0,32,32,32.0,0.0,0.0,0,0,0,0,0,0,0,0,0,34.66666667,32.0,0.0,0,0,0,0,0,0,12,384,0,0,-1,-1,11,8,3006012.0,1821342.88,4999938,1000031,17500000.0,10100000.0,35000000,6000056,Benign
80,17,21/02/2018 10:23:44,119999998,111264,0,3560448,0,32,32,32.0,0.0,0,0,0.0,0.0,29670.40049,927.2000155,1078.525637,20922.55629,668507,1,120000000,1078.525637,20922.55629,668507,1,0,0.0,0.0,0,0,0,0,0,0,890112,0,927.2000155,0.0,32,32,32.0,0.0,0.0,0,0,0,0,0,0,0,0,0,32.0002876,32.0,0.0,0,0,0,0,0,0,111264,3560448,0,0,-1,-1,111263,8,0.0,0.0,0,0,0.0,0.0,0,0,DDOS attack-LOIC-UDP
80,17,21/02/2018 10:23:34,115999867,19,0,608,0,32,32,32.0,0.0,0,0,0.0,0.0,5.24138532,0.163793291,6444437.056,3089977.359,14000000,2044044,116000000,6444437.056,3089977.359,14000000,2044044,0,0.0,0.0,0,0,0,0,0,0,152,0,0.163793291,0.0,32,32,32.0,0.0,0.0,0,0,0,0,0,0,0,0,0,33.68421053,32.0,0.0,0,0,0,0,0,0,19,608,0,0,-1,-1,18,8,3602519.4,1121212.394,4996024,2044044,7537482.308,2906496.309,14000000,5000074,Benign
80,17,21/02/2018 10:23:45,119997111,119574,0,3826368,0,32,32,32.0,0.0,0,0,0.0,0.0,31887.16768,996.4739901,1003.546879,20178.59847,670079,0,120000000,1003.546879,20178.59847,670079,0,0,0.0,0.0,0,0,0,0,0,0,956592,0,996.4739901,0.0,32,32,32.0,0.0,0.0,0,0,0,0,0,0,0,0,0,32.00026762,32.0,0.0,0,0,0,0,0,0,119574,3826368,0,0,-1,-1,119573,8,0.0,0.0,0,0,0.0,0.0,0,0,DDOS attack-LOIC-UDP
80,17,21/02/2018 10:23:47,116992060,15,0,480,0,32,32,32.0,0.0,0,0,0.0,0.0,4.102842535,0.128213829,8356575.714,8977748.795,24000000,980065,117000000,8356575.714,8977748.795,24000000,980065,0,0.0,0.0,0,0,0,0,0,0,120,0,0.128213829,0.0,32,32,32.0,0.0,0.0,0,0,0,0,0,0,0,0,0,34.13333333,32.0,0.0,0,0,0,0,0,0,15,480,0,0,-1,-1,14,8,5983993.0,7076622.843,11000000,980065,16800000.0,7445632.827,24000000,6000125,Benign
80,17,21/02/2018 10:23:06,108999919,13,0,416,0,32,32,32.0,0.0,0,0,0.0,0.0,3.816516598,0.119266144,9083326.583,6326693.757,19000000,999890,109000000,9083326.583,6326693.757,19000000,999890,0,0.0,0.0,0,0,0,0,0,0,104,0,0.119266144,0.0,32,32,32.0,0.0,0.0,0,0,0,0,0,0,0,0,0,34.46153846,32.0,0.0,0,0,0,0,0,0,13,416,0,0,-1,-1,12,8,2002673.0,1736723.017,4008068,999890,11400000.0,5405119.778,19000000,5003924,Benign
80,17,21/02/2018 10:23:45,114000025,11,0,352,0,32,32,32.0,0.0,0,0,0.0,0.0,3.087718621,0.096491207,11400000.0,8466438.513,27000000,4987865,114000000,11400000.0,8466438.513,27000000,4987865,0,0.0,0.0,0,0,0,0,0,0,88,0,0.096491207,0.0,32,32,32.0,0.0,0.0,0,0,0,0,0,0,0,0,0,34.90909091,32.0,0.0,0,0,0,0,0,0,11,352,0,0,-1,-1,10,8,4987865.0,0.0,4987865,4987865,12100000.0,8656221.266,27000000,5004073,Benign
80,17,21/02/2018 10:23:40,115980002,13,0,416,0,32,32,32.0,0.0,0,0,0.0,0.0,3.586825253,0.112088289,9665000.167,7378701.201,23000000,2987990,116000000,9665000.167,7378701.201,23000000,2987990,0,0.0,0.0,0,0,0,0,0,0,104,0,0.112088289,0.0,32,32,32.0,0.0,0.0,0,0,0,0,0,0,0,0,0,34.46153846,32.0,0.0,0,0,0,0,0,0,13,416,0,0,-1,-1,12,8,4653154.333,2085267.282,6991977,2987990,12800000.0,7261797.48,23000000,5016318,Benign
80,17,21/02/2018 10:23:17,106000015,11,0,352,0,32,32,32.0,0.0,0,0,0.0,0.0,3.320754247,0.10377357,10600000.0,6441308.931,20000000,3963991,106000000,10600000.0,6441308.931,20000000,3963991,0,0.0,0.0,0,0,0,0,0,0,88,0,0.10377357,0.0,32,32,32.0,0.0,0.0,0,0,0,0,0,0,0,0,0,34.90909091,32.0,0.0,0,0,0,0,0,0,11,352,0,0,-1,-1,10,8,4500214.5,690368.8566,4988379,4012050,13300000.0,5828140.787,20000000,5004080,Benign
80,17,21/02/2018 10:23:52,89992150,13,0,416,0,32,32,32.0,0.0,0,0,0.0,0.0,4.622625418,0.144457044,7499345.833,7769922.477,24100000,919908,90000000,7499345.833,7769922.477,24100000,919908,0,0.0,0.0,0,0,0,0,0,0,104,0,0.144457044,0.0,32,32,32.0,0.0,0.0,0,0,0,0,0,0,0,0,0,34.46153846,32.0,0.0,0,0,0,0,0,0,13,416,0,0,-1,-1,12,8,5638698.0,7261043.301,14000000,919908,14600000.0,7213887.402,24100000,6012118,Benign
80,17,21/02/2018 10:23:54,108011918,12,0,384,0,32,32,32.0,0.0,0,0,0.0,0.0,3.555163237,0.111098851,9819265.273,11200000.0,36000000,920016,108000000,9819265.273,11200000.0,36000000,920016,0,0.0,0.0,0,0,0,0,0,0,96,0,0.111098851,0.0,32,32,32.0,0.0,0.0,0,0,0,0,0,0,0,0,0,34.66666667,32.0,0.0,0,0,0,0,0,0,12,384,0,0,-1,-1,11,8,2302650.0,2325859.433,4987924,920016,16900000.0,10900000.0,36000000,7019951,Benign
80,17,21/02/2018 10:23:56,108999932,14,0,448,0,32,32,32.0,0.0,0,0,0.0,0.0,4.110094307,0.128440447,8384610.154,5715863.273,19000000,1999907,109000000,8384610.154,5715863.273,19000000,1999907,0,0.0,0.0,0,0,0,0,0,0,112,0,0.128440447,0.0,32,32,32.0,0.0,0.0,0,0,0,0,0,0,0,0,0,34.28571429,32.0,0.0,0,0,0,0,0,0,14,448,0,0,-1,-1,13,8,7514045.0,6400717.855,12000000,2988054,12700000.0,4105005.816,19000000,6999953,Benign
80,17,21/02/2018 10:23:59,114019972,13,0,416,0,32,32,32.0,0.0,0,0,0.0,0.0,3.648483618,0.114015113,9501664.333,6004273.226,22000000,2008067,114000000,9501664.333,6004273.226,22000000,2008067,0,0.0,0.0,0,0,0,0,0,0,104,0,0.114015113,0.0,32,32,32.0,0.0,0.0,0,0,0,0,0,0,0,0,0,34.46153846,32.0,0.0,0,0,0,0,0,0,13,416,0,0,-1,-1,12,8,3001261.0,993836.6221,3995739,2008067,11700000.0,5309989.056,22000000,5999926,Benign
80,17,21/02/2018 10:23:53,70999907,7,0,224,0,32,32,32.0,0.0,0,0,0.0,0.0,3.15493371,0.098591678,11800000.0,8530951.929,24000000,2999940,71000000,11800000.0,8530951.929,24000000,2999940,0,0.0,0.0,0,0,0,0,0,0,56,0,0.098591678,0.0,32,32,32.0,0.0,0.0,0,0,0,0,0,0,0,0,0,36.57142857,32.0,0.0,0,0,0,0,0,0,7,224,0,0,-1,-1,6,8,2999940.0,0.0,2999940,2999940,15800000.0,7681716.754,24000000,5999985,Benign
80,17,21/02/2018 10:23:56,81000049,6,0,192,0,32,32,32.0,0.0,0,0,0.0,0.0,2.370368936,0.074074029,16200000.0,13500000.0,40000000,8000009,81000000,16200000.0,13500000.0,40000000,8000009,0,0.0,0.0,0,0,0,0,0,0,48,0,0.074074029,0.0,32,32,32.0,0.0,0.0,0,0,0,0,0,0,0,0,0,37.33333333,32.0,0.0,0,0,0,0,0,0,6,192,0,0,-1,-1,5,8,0.0,0.0,0,0,16200000.0,13500000.0,40000000,8000009,Benign
80,17,21/02/2018 10:23:57,112996067,11,0,352,0,32,32,32.0,0.0,0,0,0.0,0.0,3.115152672,0.097348521,11300000.0,6755479.96,26000000,3011966,113000000,11300000.0,6755479.96,26000000,3011966,0,0.0,0.0,0,0,0,0,0,0,88,0,0.097348521,0.0,32,32,32.0,0.0,0.0,0,0,0,0,0,0,0,0,0,34.90909091,32.0,0.0,0,0,0,0,0,0,11,352,0,0,-1,-1,10,8,4005970.0,1405733.938,4999974,3011966,13100000.0,6276482.827,26000000,5976222,Benign
80,17,21/02/2018 10:24:03,119669420,119778,0,3832896,0,32,32,32.0,0.0,0,0,0.0,0.0,32029.03465,1000.907333,999.1018309,19639.48985,695880,0,120000000,999.1018309,19639.48985,695880,0,0,0.0,0.0,0,0,0,0,0,0,958224,0,1000.907333,0.0,32,32,32.0,0.0,0.0,0,0,0,0,0,0,0,0,0,32.00026716,32.0,0.0,0,0,0,0,0,0,119778,3832896,0,0,-1,-1,119777,8,0.0,0.0,0,0,0.0,0.0,0,0,DDOS attack-LOIC-UDP
80,17,21/02/2018 10:24:03,119823686,131965,0,4222880,0,32,32,32.0,0.0,0,0,0.0,0.0,35242.44781,1101.326494,908.0028341,18770.04023,695540,0,120000000,908.0028341,18770.04023,695540,0,0,0.0,0.0,0,0,0,0,0,0,1055720,0,1101.326494,0.0,32,32,32.0,0.0,0.0,0,0,0,0,0,0,0,0,0,32.00024249,32.0,0.0,0,0,0,0,0,0,131965,4222880,0,0,-1,-1,131964,8,0.0,0.0,0,0,0.0,0.0,0,0,DDOS attack-LOIC-UDP
80,17,21/02/2018 10:24:03,116996029,18,0,576,0,32,32,32.0,0.0,0,0,0.0,0.0,4.923244019,0.153851376,6882119.353,4529683.567,16000000,1979851,117000000,6882119.353,4529683.567,16000000,1979851,0,0.0,0.0,0,0,0,0,0,0,144,0,0.153851376,0.0,32,32,32.0,0.0,0.0,0,0,0,0,0,0,0,0,0,33.77777778,32.0,0.0,0,0,0,0,0,0,18,576,0,0,-1,-1,17,8,2796775.2,848874.9374,4011959,1979851,10100000.0,2883966.245,16000000,6999977,Benign
80,17,21/02/2018 10:24:05,119800327,123618,0,3955776,0,32,32,32.0,0.0,0,0,0.0,0.0,33019.74293,1031.866966,969.1250152,19448.90584,696530,0,120000000,969.1250152,19448.90584,696530,0,0,0.0,0.0,0,0,0,0,0,0,988944,0,1031.866966,0.0,32,32,32.0,0.0,0.0,0,0,0,0,0,0,0,0,0,32.00025886,32.0,0.0,0,0,0,0,0,0,123618,3955776,0,0,-1,-1,123617,8,0.0,0.0,0,0,0.0,0.0,0,0,DDOS attack-LOIC-UDP
80,17,21/02/2018 10:24:05,119914085,135063,0,4322016,0,32,32,32.0,0.0,0,0,0.0,0.0,36042.605,1126.331406,887.8447306,18625.8953,697616,0,120000000,887.8447306,18625.8953,697616,0,0,0.0,0.0,0,0,0,0,0,0,1080504,0,1126.331406,0.0,32,32,32.0,0.0,0.0,0,0,0,0,0,0,0,0,0,32.00023693,32.0,0.0,0,0,0,0,0,0,135063,4322016,0,0,-1,-1,135062,8,0.0,0.0,0,0,0.0,0.0,0,0,DDOS attack-LOIC-UDP
80,17,21/02/2018 10:23:55,117056153,14,0,448,0,32,32,32.0,0.0,0,0,0.0,0.0,3.827222991,0.119600718,9004319.462,5245545.509,22000000,3999942,117000000,9004319.462,5245545.509,22000000,3999942,0,0.0,0.0,0,0,0,0,0,0,112,0,0.119600718,0.0,32,32,32.0,0.0,0.0,0,0,0,0,0,0,0,0,0,34.28571429,32.0,0.0,0,0,0,0,0,0,14,448,0,0,-1,-1,13,8,6509934.0,3549664.728,9019926,3999942,10400000.0,5214394.431,22000000,5000104,Benign
80,17,21/02/2018 10:24:06,119999427,109716,0,3510912,0,32,32,32.0,0.0,0,0,0.0,0.0,29257.73971,914.3043658,1093.737657,20647.59989,693632,0,120000000,1093.737657,20647.59989,693632,0,0,0.0,0.0,0,0,0,0,0,0,877728,0,914.3043658,0.0,32,32,32.0,0.0,0.0,0,0,0,0,0,0,0,0,0,32.00029166,32.0,0.0,0,0,0,0,0,0,109716,3510912,0,0,-1,-1,109715,8,0.0,0.0,0,0,0.0,0.0,0,0,DDOS attack-LOIC-UDP
80,17,21/02/2018 10:24:03,119016093,18,0,576,0,32,32,32.0,0.0,0,0,0.0,0.0,4.839681639,0.151240051,7000946.647,4112331.168,16000000,2000029,119000000,7000946.647,4112331.168,16000000,2000029,0,0.0,0.0,0,0,0,0,0,0,144,0,0.151240051,0.0,32,32,32.0,0.0,0.0,0,0,0,0,0,0,0,0,0,33.77777778,32.0,0.0,0,0,0,0,0,0,18,576,0,0,-1,-1,17,8,5488958.5,1934104.07,7008077,2959802,8823659.909,3996123.761,16000000,5000001,Benign
20388,6,21/02/2018 10:23:07,55477751,20,9,2856,1128,1184,0,142.8,270.7373169,536,0,125.3333333,174.8141871,71.81257221,0.522732077,1981348.25,5306866.885,21200000,9,55500000,2919881.632,6281354.175,21200000,20,55400000,6929147.0,8950718.375,21200000,44948,1,0,0,0,456,192,0.360504881,0.162227196,0,1184,150.6666667,248.6273119,61815.54023,0,1,0,0,1,0,0,0,0,155.862069,142.8,125.3333333,0,0,0,0,0,0,20,2856,9,1128,256,255,13,20,7372861.0,8815998.044,13600000,1139009,20400000.0,1113604.085,21200000,19600000,Benign
80,17,21/02/2018 10:23:57,118995976,8,0,256,0,32,32,32.0,0.0,0,0,0.0,0.0,2.151333252,0.067229164,17000000.0,10500000.0,31000000,4008063,119000000,17000000.0,10500000.0,31000000,4008063,0,0.0,0.0,0,0,0,0,0,0,64,0,0.067229164,0.0,32,32,32.0,0.0,0.0,0,0,0,0,0,0,0,0,0,36.0,32.0,0.0,0,0,0,0,0,0,8,256,0,0,-1,-1,7,8,4008063.0,0.0,4008063,4008063,19200000.0,9684646.131,31000000,6011766,Benign
80,17,21/02/2018 10:24:08,119829267,139742,0,4471744,0,32,32,32.0,0.0,0,0,0.0,0.0,37317.62792,1166.175873,857.5097287,18296.75017,695236,1,120000000,857.5097287,18296.75017,695236,1,0,0.0,0.0,0,0,0,0,0,0,1117936,0,1166.175873,0.0,32,32,32.0,0.0,0.0,0,0,0,0,0,0,0,0,0,32.00022899,32.0,0.0,0,0,0,0,0,0,139742,4471744,0,0,-1,-1,139741,8,0.0,0.0,0,0,0.0,0.0,0,0,DDOS attack-LOIC-UDP
80,17,21/02/2018 10:24:01,117996022,18,0,576,0,32,32,32.0,0.0,0,0,0.0,0.0,4.881520497,0.152547516,6940942.471,5597960.393,17000000,986721,118000000,6940942.471,5597960.393,17000000,986721,0,0.0,0.0,0,0,0,0,0,0,144,0,0.152547516,0.0,32,32,32.0,0.0,0.0,0,0,0,0,0,0,0,0,0,33.77777778,32.0,0.0,0,0,0,0,0,0,18,576,0,0,-1,-1,17,8,3993798.25,4079832.253,9988039,986721,11800000.0,4528150.245,17000000,5995928,Benign
80,17,21/02/2018 10:24:09,119875240,124595,0,3987040,0,32,32,32.0,0.0,0,0,0.0,0.0,33259.91256,1039.372267,962.1269082,19378.59918,695199,0,120000000,962.1269082,19378.59918,695199,0,0,0.0,0.0,0,0,0,0,0,0,996760,0,1039.372267,0.0,32,32,32.0,0.0,0.0,0,0,0,0,0,0,0,0,0,32.00025683,32.0,0.0,0,0,0,0,0,0,124595,3987040,0,0,-1,-1,124594,8,0.0,0.0,0,0,0.0,0.0,0,0,DDOS attack-LOIC-UDP
80,17,21/02/2018 10:24:09,119867604,128335,0,4106720,0,32,32,32.0,0.0,0,0,0.0,0.0,34260.46624,1070.63957,934.0284258,19080.50583,697253,0,120000000,934.0284258,19080.50583,697253,0,0,0.0,0.0,0,0,0,0,0,0,1026680,0,1070.63957,0.0,32,32,32.0,0.0,0.0,0,0,0,0,0,0,0,0,0,32.00024935,32.0,0.0,0,0,0,0,0,0,128335,4106720,0,0,-1,-1,128334,8,0.0,0.0,0,0,0.0,0.0,0,0,DDOS attack-LOIC-UDP
80,17,21/02/2018 10:24:10,108015805,13,0,416,0,32,32,32.0,0.0,0,0,0.0,0.0,3.851288244,0.120352758,9001317.083,5312008.193,21000000,4987973,108000000,9001317.083,5312008.193,21000000,4987973,0,0.0,0.0,0,0,0,0,0,0,104,0,0.120352758,0.0,32,32,32.0,0.0,0.0,0,0,0,0,0,0,0,0,0,34.46153846,32.0,0.0,0,0,0,0,0,0,13,416,0,0,-1,-1,12,8,4987973.0,0.0,4987973,4987973,9366166.545,5411289.535,21000000,5003988,Benign
80,17,21/02/2018 10:24:00,115995955,16,0,512,0,32,32,32.0,0.0,0,0,0.0,0.0,4.413947021,0.137935844,7733063.667,6114676.016,22000000,999838,116000000,7733063.667,6114676.016,22000000,999838,0,0.0,0.0,0,0,0,0,0,0,128,0,0.137935844,0.0,32,32,32.0,0.0,0.0,0,0,0,0,0,0,0,0,0,34.0,32.0,0.0,0,0,0,0,0,0,16,512,0,0,-1,-1,15,8,4979963.333,3613398.199,8995995,1992017,11200000.0,5422685.194,22000000,6992171,Benign
80,17,21/02/2018 10:24:10,119855694,126925,0,4061600,0,32,32,32.0,0.0,0,0,0.0,0.0,33887.41798,1058.981812,944.3107214,19185.43512,704087,1,120000000,944.3107214,19185.43512,704087,1,0,0.0,0.0,0,0,0,0,0,0,1015400,0,1058.981812,0.0,32,32,32.0,0.0,0.0,0,0,0,0,0,0,0,0,0,32.00025212,32.0,0.0,0,0,0,0,0,0,126925,4061600,0,0,-1,-1,126924,8,0.0,0.0,0,0,0.0,0.0,0,0,DDOS attack-LOIC-UDP
80,17,21/02/2018 10:24:10,108059957,10,0,320,0,32,32,32.0,0.0,0,0,0.0,0.0,2.961318965,0.092541218,12000000.0,13900000.0,43000000,959967,108000000,12000000.0,13900000.0,43000000,959967,0,0.0,0.0,0,0,0,0,0,0,80,0,0.092541218,0.0,32,32,32.0,0.0,0.0,0,0,0,0,0,0,0,0,0,35.2,32.0,0.0,0,0,0,0,0,0,10,320,0,0,-1,-1,9,8,2317857.667,2331095.558,5009539,959967,20200000.0,13900000.0,43000000,7002615,Benign
80,17,21/02/2018 10:24:01,117016080,15,0,480,0,32,32,32.0,0.0,0,0,0.0,0.0,4.10200034,0.128187511,8358291.429,4648862.663,19000000,2999891,117000000,8358291.429,4648862.663,19000000,2999891,0,0.0,0.0,0,0,0,0,0,0,120,0,0.128187511,0.0,32,32,32.0,0.0,0.0,0,0,0,0,0,0,0,0,0,34.13333333,32.0,0.0,0,0,0,0,0,0,15,480,0,0,-1,-1,14,8,5003141.667,2004849.408,7009586,2999891,10200000.0,4208674.91,19000000,5999989,Benign
80,17,21/02/2018 10:24:11,119868591,119891,0,3836512,0,32,32,32.0,0.0,0,0,0.0,0.0,32005.98228,1000.186946,999.821428,19748.36771,693508,0,120000000,999.821428,19748.36771,693508,0,0,0.0,0.0,0,0,0,0,0,0,959128,0,1000.186946,0.0,32,32,32.0,0.0,0.0,0,0,0,0,0,0,0,0,0,32.00026691,32.0,0.0,0,0,0,0,0,0,119891,3836512,0,0,-1,-1,119890,8,0.0,0.0,0,0,0.0,0.0,0,0,DDOS attack-LOIC-UDP
80,17,21/02/2018 10:23:58,113015988,9,0,288,0,32,32,32.0,0.0,0,0,0.0,0.0,2.548312014,0.07963475,14100000.0,5864089.184,21000000,3008176,113000000,14100000.0,5864089.184,21000000,3008176,0,0.0,0.0,0,0,0,0,0,0,72,0,0.07963475,0.0,32,32,32.0,0.0,0.0,0,0,0,0,0,0,0,0,0,35.55555556,32.0,0.0,0,0,0,0,0,0,9,288,0,0,-1,-1,8,8,3008176.0,0.0,3008176,3008176,15700000.0,4070696.225,21000000,11000000,Benign
80,17,21/02/2018 10:24:13,115016066,12,0,384,0,32,32,32.0,0.0,0,0,0.0,0.0,3.338664009,0.10433325,10500000.0,9664500.936,29000000,1000043,115000000,10500000.0,9664500.936,29000000,1000043,0,0.0,0.0,0,0,0,0,0,0,96,0,0.10433325,0.0,32,32,32.0,0.0,0.0,0,0,0,0,0,0,0,0,0,34.66666667,32.0,0.0,0,0,0,0,0,0,12,384,0,0,-1,-1,11,8,3000017.0,2828390.355,4999991,1000043,12100000.0,9938152.452,29000000,5000015,Benign
80,17,21/02/2018 10:24:00,119036035,19,0,608,0,32,32,32.0,0.0,0,0,0.0,0.0,5.10769701,0.159615532,6613113.056,6239251.06,23000000,979967,119000000,6613113.056,6239251.06,23000000,979967,0,0.0,0.0,0,0,0,0,0,0,152,0,0.159615532,0.0,32,32,32.0,0.0,0.0,0,0,0,0,0,0,0,0,0,33.68421053,32.0,0.0,0,0,0,0,0,0,19,608,0,0,-1,-1,18,8,2846288.571,2911568.687,8007998,979967,12400000.0,4976898.798,23000000,6036050,Benign
0,0,21/02/2018 10:23:25,112641403,3,0,0,0,0,0,0.0,0.0,0,0,0.0,0.0,0.0,0.026633191,56300000.0,50.20458146,56300000,56300000,113000000,56300000.0,50.20458146,56300000,56300000,0,0.0,0.0,0,0,0,0,0,0,0,0,0.026633191,0.0,0,0,0.0,0.0,0.0,0,0,0,0,0,0,0,0,0,0.0,0.0,0.0,0,0,0,0,0,0,3,0,0,0,-1,-1,0,0,0.0,0.0,0,0,56300000.0,50.20458146,56300000,56300000,Benign
80,17,21/02/2018 10:24:14,102016136,9,0,288,0,32,32,32.0,0.0,0,0,0.0,0.0,2.823082811,0.088221338,12800000.0,8746332.712,29000000,5000215,102000000,12800000.0,8746332.712,29000000,5000215,0,0.0,0.0,0,0,0,0,0,0,72,0,0.088221338,0.0,32,32,32.0,0.0,0.0,0,0,0,0,0,0,0,0,0,35.55555556,32.0,0.0,0,0,0,0,0,0,9,288,0,0,-1,-1,8,8,0.0,0.0,0,0,12800000.0,8746332.712,29000000,5000215,Benign
80,17,21/02/2018 10:24:10,101995917,11,0,352,0,32,32,32.0,0.0,0,0,0.0,0.0,3.451118538,0.107847454,10200000.0,6212432.05,27000000,6007929,102000000,10200000.0,6212432.05,27000000,6007929,0,0.0,0.0,0,0,0,0,0,0,88,0,0.107847454,0.0,32,32,32.0,0.0,0.0,0,0,0,0,0,0,0,0,0,34.90909091,32.0,0.0,0,0,0,0,0,0,11,352,0,0,-1,-1,10,8,0.0,0.0,0,0,10200000.0,6212432.05,27000000,6007929,Benign
80,17,21/02/2018 10:24:15,101011996,21,0,672,0,32,32,32.0,0.0,0,0,0.0,0.0,6.652675193,0.2078961,5050599.8,7059658.123,29100000,984190,101000000,5050599.8,7059658.123,29100000,984190,0,0.0,0.0,0,0,0,0,0,0,168,0,0.2078961,0.0,32,32,32.0,0.0,0.0,0,0,0,0,0,0,0,0,0,33.52380952,32.0,0.0,0,0,0,0,0,0,21,672,0,0,-1,-1,20,8,5329280.0,6651489.059,13000000,999915,13500000.0,8061711.688,29100000,6999873,Benign
80,17,21/02/2018 10:24:13,111027999,12,0,384,0,32,32,32.0,0.0,0,0,0.0,0.0,3.458587054,0.108080845,10100000.0,7505827.106,27000000,2988108,111000000,10100000.0,7505827.106,27000000,2988108,0,0.0,0.0,0,0,0,0,0,0,96,0,0.108080845,0.0,32,32,32.0,0.0,0.0,0,0,0,0,0,0,0,0,0,34.66666667,32.0,0.0,0,0,0,0,0,0,12,384,0,0,-1,-1,11,8,2995884.0,6734.609194,2999845,2988108,12800000.0,7127164.844,27000000,5000254,Benign
80,17,21/02/2018 10:24:00,110016003,13,0,416,0,32,32,32.0,0.0,0,0,0.0,0.0,3.781268076,0.118164627,9168000.25,4762428.972,17000000,3003968,110000000,9168000.25,4762428.972,17000000,3003968,0,0.0,0.0,0,0,0,0,0,0,104,0,0.118164627,0.0,32,32,32.0,0.0,0.0,0,0,0,0,0,0,0,0,0,34.46153846,32.0,0.0,0,0,0,0,0,0,13,416,0,0,-1,-1,12,8,5334632.667,2521947.852,8011991,3003968,11800000.0,3532115.041,17000000,8012032,Benign
80,17,21/02/2018 10:24:16,118988144,16,0,512,0,32,32,32.0,0.0,0,0,0.0,0.0,4.302949712,0.134467179,7932542.933,3864612.537,18000000,2992175,119000000,7932542.933,3864612.537,18000000,2992175,0,0.0,0.0,0,0,0,0,0,0,128,0,0.134467179,0.0,32,32,32.0,0.0,0.0,0,0,0,0,0,0,0,0,0,34.0,32.0,0.0,0,0,0,0,0,0,16,512,0,0,-1,-1,15,8,4990620.0,9972.10745,4999826,4980027,9184009.909,3761558.049,18000000,5020049,Benign
80,17,21/02/2018 10:23:51,109999954,14,0,448,0,32,32,32.0,0.0,0,0,0.0,0.0,4.072728976,0.12727278,8461534.923,8009228.783,27000000,999967,110000000,8461534.923,8009228.783,27000000,999967,0,0.0,0.0,0,0,0,0,0,0,112,0,0.12727278,0.0,32,32,32.0,0.0,0.0,0,0,0,0,0,0,0,0,0,34.28571429,32.0,0.0,0,0,0,0,0,0,14,448,0,0,-1,-1,13,8,4999975.0,0.0,4999975,4999975,13100000.0,6733890.851,27000000,6999969,Benign
80,17,21/02/2018 10:24:16,100032068,16,0,512,0,32,32,32.0,0.0,0,0,0.0,0.0,5.118358645,0.159948708,6668804.533,3312798.477,12000000,1019972,100000000,6668804.533,3312798.477,12000000,1019972,0,0.0,0.0,0,0,0,0,0,0,128,0,0.159948708,0.0,32,32,32.0,0.0,0.0,0,0,0,0,0,0,0,0,0,34.0,32.0,0.0,0,0,0,0,0,0,16,512,0,0,-1,-1,15,8,4990719.333,3493193.26,9024279,2959923,8505991.0,2271943.516,12000000,5012687,Benign
80,17,21/02/2018 10:23:59,88959912,10,0,320,0,32,32,32.0,0.0,0,0,0.0,0.0,3.59712586,0.112410183,9884434.667,9458394.311,25000000,1987948,89000000,9884434.667,9458394.311,25000000,1987948,0,0.0,0.0,0,0,0,0,0,0,80,0,0.112410183,0.0,32,32,32.0,0.0,0.0,0,0,0,0,0,0,0,0,0,35.2,32.0,0.0,0,0,0,0,0,0,10,320,0,0,-1,-1,9,8,4987863.0,0.0,4987863,4987863,19000000.0,6076735.533,25000000,11000000,Benign
80,17,21/02/2018 10:23:58,97011939,21,0,672,0,32,32,32.0,0.0,0,0,0.0,0.0,6.926982461,0.216468202,4850596.95,3602691.817,12000000,1980051,97000000,4850596.95,3602691.817,12000000,1980051,0,0.0,0.0,0,0,0,0,0,0,168,0,0.216468202,0.0,32,32,32.0,0.0,0.0,0,0,0,0,0,0,0,0,0,33.52380952,32.0,0.0,0,0,0,0,0,0,21,672,0,0,-1,-1,20,8,6200681.6,3770800.987,12000000,2999915,9429790.143,1509348.784,12000000,7988003,Benign
80,17,21/02/2018 10:24:07,115999918,11,0,352,0,32,32,32.0,0.0,0,0,0.0,0.0,3.034484904,0.094827653,11600000.0,16800000.0,56000000,959865,116000000,11600000.0,16800000.0,56000000,959865,0,0.0,0.0,0,0,0,0,0,0,88,0,0.094827653,0.0,32,32,32.0,0.0,0.0,0,0,0,0,0,0,0,0,0,34.90909091,32.0,0.0,0,0,0,0,0,0,11,352,0,0,-1,-1,10,8,7496166.5,4955513.924,11000000,3992089,24700000.0,21400000.0,56000000,10000000,Benign
80,17,21/02/2018 10:24:14,119024302,12,0,384,0,32,32,32.0,0.0,0,0,0.0,0.0,3.2262319,0.100819747,10800000.0,7694255.841,27000000,4000005,119000000,10800000.0,7694255.841,27000000,4000005,0,0.0,0.0,0,0,0,0,0,0,96,0,0.100819747,0.0,32,32,32.0,0.0,0.0,0,0,0,0,0,0,0,0,0,34.66666667,32.0,0.0,0,0,0,0,0,0,12,384,0,0,-1,-1,11,8,6499981.5,2121374.791,8000020,4999943,13300000.0,7725288.518,27000000,5008309,Benign
80,17,21/02/2018 10:24:15,114012006,16,0,512,0,32,32,32.0,0.0,0,0,0.0,0.0,4.490755123,0.140336098,7600800.4,5898238.669,22000000,1991990,114000000,7600800.4,5898238.669,22000000,1991990,0,0.0,0.0,0,0,0,0,0,0,128,0,0.140336098,0.0,32,32,32.0,0.0,0.0,0,0,0,0,0,0,0,0,0,34.0,32.0,0.0,0,0,0,0,0,0,16,512,0,0,-1,-1,15,8,4002365.75,800330.0747,4992064,3032097,12100000.0,5865112.22,22000000,5022640,Benign
80,17,21/02/2018 10:24:18,102011970,17,0,544,0,32,32,32.0,0.0,0,0,0.0,0.0,5.332707524,0.16664711,6375748.125,2797737.303,13000000,2999822,102000000,6375748.125,2797737.303,13000000,2999822,0,0.0,0.0,0,0,0,0,0,0,136,0,0.16664711,0.0,32,32,32.0,0.0,0.0,0,0,0,0,0,0,0,0,0,33.88235294,32.0,0.0,0,0,0,0,0,0,17,544,0,0,-1,-1,16,8,4245908.25,953342.46,4999958,2999822,7085694.75,2868167.971,13000000,5000037,Benign
80,17,21/02/2018 10:24:14,107995952,14,0,448,0,32,32,32.0,0.0,0,0,0.0,0.0,4.148303633,0.129634489,8307380.923,3679583.17,15000000,1999907,108000000,8307380.923,3679583.17,15000000,1999907,0,0.0,0.0,0,0,0,0,0,0,112,0,0.129634489,0.0,32,32,32.0,0.0,0.0,0,0,0,0,0,0,0,0,0,34.28571429,32.0,0.0,0,0,0,0,0,0,14,448,0,0,-1,-1,13,8,5995945.5,5651251.842,9991984,1999907,9600406.1,3055741.3,15000000,6003862,Benign
80,17,21/02/2018 10:24:14,115996015,14,0,448,0,32,32,32.0,0.0,0,0,0.0,0.0,3.862201645,0.120693801,8922770.385,9171405.635,33000000,980070,116000000,8922770.385,9171405.635,33000000,980070,0,0.0,0.0,0,0,0,0,0,0,112,0,0.120693801,0.0,32,32,32.0,0.0,0.0,0,0,0,0,0,0,0,0,0,34.28571429,32.0,0.0,0,0,0,0,0,0,14,448,0,0,-1,-1,13,8,3508035.25,1005436.007,4016087,1999900,14600000.0,9317391.39,33000000,5983912,Benign
80,17,21/02/2018 10:24:11,117996037,15,0,480,0,32,32,32.0,0.0,0,0,0.0,0.0,4.067933231,0.127122913,8428288.357,4361236.17,20000000,2000056,118000000,8428288.357,4361236.17,20000000,2000056,0,0.0,0.0,0,0,0,0,0,0,120,0,0.127122913,0.0,32,32,32.0,0.0,0.0,0,0,0,0,0,0,0,0,0,34.13333333,32.0,0.0,0,0,0,0,0,0,15,480,0,0,-1,-1,14,8,2995340.5,1407544.838,3990625,2000056,9333779.667,4004667.171,20000000,6000011,Benign
80,17,21/02/2018 10:24:23,115004010,18,0,576,0,32,32,32.0,0.0,0,0,0.0,0.0,5.008521007,0.156516281,6764941.765,4344688.21,15000000,1000141,115000000,6764941.765,4344688.21,15000000,1000141,0,0.0,0.0,0,0,0,0,0,0,144,0,0.156516281,0.0,32,32,32.0,0.0,0.0,0,0,0,0,0,0,0,0,0,33.77777778,32.0,0.0,0,0,0,0,0,0,18,576,0,0,-1,-1,17,8,4347970.333,1554186.944,6040020,2984043,9269099.909,3189497.754,15000000,6012109,Benign
80,17,21/02/2018 10:23:54,110999956,11,0,352,0,32,32,32.0,0.0,0,0,0.0,0.0,3.171172428,0.099099138,11100000.0,8160682.608,27000000,4982514,111000000,11100000.0,8160682.608,27000000,4982514,0,0.0,0.0,0,0,0,0,0,0,88,0,0.099099138,0.0,32,32,32.0,0.0,0.0,0,0,0,0,0,0,0,0,0,34.90909091,32.0,0.0,0,0,0,0,0,0,11,352,0,0,-1,-1,10,8,4994148.667,10075.95863,4999995,4982514,13700000.0,8559528.574,27000000,5012047,Benign
80,17,21/02/2018 10:24:21,111999985,15,0,480,0,32,32,32.0,0.0,0,0,0.0,0.0,4.28571486,0.133928589,7999998.929,5455218.156,20000000,1024140,112000000,7999998.929,5455218.156,20000000,1024140,0,0.0,0.0,0,0,0,0,0,0,120,0,0.133928589,0.0,32,32,32.0,0.0,0.0,0,0,0,0,0,0,0,0,0,34.13333333,32.0,0.0,0,0,0,0,0,0,15,480,0,0,-1,-1,14,8,3511885.5,1720449.349,4987975,1024140,10900000.0,4563410.417,20000000,5992018,Benign
80,17,21/02/2018 10:24:16,118007943,16,0,512,0,32,32,32.0,0.0,0,0,0.0,0.0,4.338690998,0.135584094,7867196.2,5179626.846,18000000,980105,118000000,7867196.2,5179626.846,18000000,980105,0,0.0,0.0,0,0,0,0,0,0,128,0,0.135584094,0.0,32,32,32.0,0.0,0.0,0,0,0,0,0,0,0,0,0,34.0,32.0,0.0,0,0,0,0,0,0,16,512,0,0,-1,-1,15,8,4229167.0,2198730.132,5940190,1000538,10100000.0,4781012.026,18000000,5008022,Benign
80,17,21/02/2018 10:23:55,109000071,12,0,384,0,32,32,32.0,0.0,0,0,0.0,0.0,3.522933485,0.110091671,9909097.364,6619588.153,20000000,1980035,109000000,9909097.364,6619588.153,20000000,1980035,0,0.0,0.0,0,0,0,0,0,0,96,0,0.110091671,0.0,32,32,32.0,0.0,0.0,0,0,0,0,0,0,0,0,0,34.66666667,32.0,0.0,0,0,0,0,0,0,12,384,0,0,-1,-1,11,8,1990064.5,14183.85492,2000094,1980035,12800000.0,5341001.173,20000000,5004005,Benign
80,17,21/02/2018 10:24:24,114004185,14,0,448,0,32,32,32.0,0.0,0,0,0.0,0.0,3.929680301,0.122802509,8769552.692,7033805.208,24000000,980143,114000000,8769552.692,7033805.208,24000000,980143,0,0.0,0.0,0,0,0,0,0,0,112,0,0.122802509,0.0,32,32,32.0,0.0,0.0,0,0,0,0,0,0,0,0,0,34.28571429,32.0,0.0,0,0,0,0,0,0,14,448,0,0,-1,-1,13,8,2960139.0,0.0,2960139,2960139,12800000.0,6070416.156,24000000,5999961,Benign
80,17,21/02/2018 10:24:20,112999970,14,0,448,0,32,32,32.0,0.0,0,0,0.0,0.0,3.964602822,0.123893838,8692305.385,11400000.0,39000000,1948081,113000000,8692305.385,11400000.0,39000000,1948081,0,0.0,0.0,0,0,0,0,0,0,112,0,0.123893838,0.0,32,32,32.0,0.0,0.0,0,0,0,0,0,0,0,0,0,34.28571429,32.0,0.0,0,0,0,0,0,0,14,448,0,0,-1,-1,13,8,5667960.667,1520148.813,6983929,4003983,16000000.0,13800000.0,39000000,5004083,Benign
80,17,21/02/2018 10:24:22,117001153,13,0,416,0,32,32,32.0,0.0,0,0,0.0,0.0,3.555520517,0.111110016,9750096.083,7241109.569,27000000,999892,117000000,9750096.083,7241109.569,27000000,999892,0,0.0,0.0,0,0,0,0,0,0,104,0,0.111110016,0.0,32,32,32.0,0.0,0.0,0,0,0,0,0,0,0,0,0,34.46153846,32.0,0.0,0,0,0,0,0,0,13,416,0,0,-1,-1,12,8,7493935.5,3527011.148,9987909,4999962,12600000.0,7232872.093,27000000,5999971,Benign
80,17,21/02/2018 10:24:20,118988077,13,0,416,0,32,32,32.0,0.0,0,0,0.0,0.0,3.49614861,0.109254644,9915673.083,7531397.137,23000000,979916,119000000,9915673.083,7531397.137,23000000,979916,0,0.0,0.0,0,0,0,0,0,0,104,0,0.109254644,0.0,32,32,32.0,0.0,0.0,0,0,0,0,0,0,0,0,0,34.46153846,32.0,0.0,0,0,0,0,0,0,13,416,0,0,-1,-1,12,8,4677371.667,1180207.166,6040126,3987968,15000000.0,5533433.236,23000000,10000000,Benign
80,17,21/02/2018 10:24:18,80996013,10,0,320,0,32,32,32.0,0.0,0,0,0.0,0.0,3.950811752,0.123462867,8999557.0,6158989.327,18000000,980010,81000000,8999557.0,6158989.327,18000000,980010,0,0.0,0.0,0,0,0,0,0,0,80,0,0.123462867,0.0,32,32,32.0,0.0,0.0,0,0,0,0,0,0,0,0,0,35.2,32.0,0.0,0,0,0,0,0,0,10,320,0,0,-1,-1,9,8,3000014.0,0.0,3000014,3000014,11100000.0,5136453.088,18000000,5040052,Benign
80,17,21/02/2018 10:24:27,119972093,17,0,544,0,32,32,32.0,0.0,0,0,0.0,0.0,4.534387843,0.14169962,7498255.813,6272528.511,24000000,992026,120000000,7498255.813,6272528.511,24000000,992026,0,0.0,0.0,0,0,0,0,0,0,136,0,0.14169962,0.0,32,32,32.0,0.0,0.0,0,0,0,0,0,0,0,0,0,33.88235294,32.0,0.0,0,0,0,0,0,0,17,544,0,0,-1,-1,16,8,7491866.0,3524398.388,9983992,4999740,9544396.455,6533584.504,24000000,5003993,Benign
80,17,21/02/2018 10:24:23,113003914,13,0,416,0,32,32,32.0,0.0,0,0,0.0,0.0,3.68128842,0.115040263,9416992.833,13700000.0,46000000,1999891,113000000,9416992.833,13700000.0,46000000,1999891,0,0.0,0.0,0,0,0,0,0,0,104,0,0.115040263,0.0,32,32,32.0,0.0,0.0,0,0,0,0,0,0,0,0,0,34.46153846,32.0,0.0,0,0,0,0,0,0,13,416,0,0,-1,-1,12,8,8021866.0,5631340.423,12000000,4039907,22200000.0,18900000.0,46000000,6999869,Benign
80,17,21/02/2018 10:24:27,106983989,11,0,352,0,32,32,32.0,0.0,0,0,0.0,0.0,3.290211959,0.102819124,10700000.0,10800000.0,38000000,1020143,107000000,10700000.0,10800000.0,38000000,1020143,0,0.0,0.0,0,0,0,0,0,0,88,0,0.102819124,0.0,32,32,32.0,0.0,0.0,0,0,0,0,0,0,0,0,0,34.90909091,32.0,0.0,0,0,0,0,0,0,11,352,0,0,-1,-1,10,8,2026061.5,1422583.585,3031980,1020143,12900000.0,11100000.0,38000000,5999794,Benign
80,17,21/02/2018 10:24:19,110976101,9,0,288,0,32,32,32.0,0.0,0,0,0.0,0.0,2.595153347,0.081098542,13900000.0,15400000.0,43000000,1000001,111000000,13900000.0,15400000.0,43000000,1000001,0,0.0,0.0,0,0,0,0,0,0,72,0,0.081098542,0.0,32,32,32.0,0.0,0.0,0,0,0,0,0,0,0,0,0,35.55555556,32.0,0.0,0,0,0,0,0,0,9,288,0,0,-1,-1,8,8,1481985.5,681629.0168,1963970,1000001,18000000.0,15900000.0,43000000,6007967,Benign
80,17,21/02/2018 10:24:28,118987987,12,0,384,0,32,32,32.0,0.0,0,0,0.0,0.0,3.227216542,0.100850517,10800000.0,7708345.872,26000000,959941,119000000,10800000.0,7708345.872,26000000,959941,0,0.0,0.0,0,0,0,0,0,0,96,0,0.100850517,0.0,32,32,32.0,0.0,0.0,0,0,0,0,0,0,0,0,0,34.66666667,32.0,0.0,0,0,0,0,0,0,12,384,0,0,-1,-1,11,8,2967960.5,2839768.41,4975980,959941,12600000.0,7378366.307,26000000,5008119,Benign
80,17,21/02/2018 10:24:25,117004309,13,0,416,0,32,32,32.0,0.0,0,0,0.0,0.0,3.555424613,0.111107019,9750359.083,9974160.254,37000000,2000002,117000000,9750359.083,9974160.254,37000000,2000002,0,0.0,0.0,0,0,0,0,0,0,104,0,0.111107019,0.0,32,32,32.0,0.0,0.0,0,0,0,0,0,0,0,0,0,34.46153846,32.0,0.0,0,0,0,0,0,0,13,416,0,0,-1,-1,12,8,18000000.0,0.0,18000000,18000000,15800000.0,11400000.0,37000000,6977581,Benign
80,17,21/02/2018 10:23:45,119000019,15,0,480,0,32,32,32.0,0.0,0,0,0.0,0.0,4.033612801,0.1260504,8500001.357,5587190.647,22000000,1983980,119000000,8500001.357,5587190.647,22000000,1983980,0,0.0,0.0,0,0,0,0,0,0,120,0,0.1260504,0.0,32,32,32.0,0.0,0.0,0,0,0,0,0,0,0,0,0,34.13333333,32.0,0.0,0,0,0,0,0,0,15,480,0,0,-1,-1,14,8,7499933.5,4932747.914,11000000,4011954,12000000.0,4960519.84,22000000,7999881,Benign
80,17,21/02/2018 10:24:36,107988001,16,0,512,0,32,32,32.0,0.0,0,0,0.0,0.0,4.741267504,0.14816461,7199200.067,6697645.476,29000000,2988048,108000000,7199200.067,6697645.476,29000000,2988048,0,0.0,0.0,0,0,0,0,0,0,128,0,0.14816461,0.0,32,32,32.0,0.0,0.0,0,0,0,0,0,0,0,0,0,34.0,32.0,0.0,0,0,0,0,0,0,16,512,0,0,-1,-1,15,8,3751988.5,1504019.667,6008018,2999949,10900000.0,7526315.883,29000000,5019276,Benign
80,17,21/02/2018 10:24:30,118988085,13,0,416,0,32,32,32.0,0.0,0,0,0.0,0.0,3.496148375,0.109254637,9915673.75,9023676.209,30000000,1000132,119000000,9915673.75,9023676.209,30000000,1000132,0,0.0,0.0,0,0,0,0,0,0,104,0,0.109254637,0.0,32,32,32.0,0.0,0.0,0,0,0,0,0,0,0,0,0,34.46153846,32.0,0.0,0,0,0,0,0,0,13,416,0,0,-1,-1,12,8,8487993.0,4949781.409,12000000,4987969,14400000.0,9523001.483,30000000,5012958,Benign
80,17,21/02/2018 10:24:38,102999992,8,0,256,0,32,32,32.0,0.0,0,0,0.0,0.0,2.485437086,0.077669909,14700000.0,14700000.0,38000000,1983856,103000000,14700000.0,14700000.0,38000000,1983856,0,0.0,0.0,0,0,0,0,0,0,64,0,0.077669909,0.0,32,32,32.0,0.0,0.0,0,0,0,0,0,0,0,0,0,36.0,32.0,0.0,0,0,0,0,0,0,8,256,0,0,-1,-1,7,8,1998623.333,14125.56563,2012005,1983856,24300000.0,12100000.0,38000000,8999979,Benign
80,17,21/02/2018 10:24:39,114008009,12,0,384,0,32,32,32.0,0.0,0,0,0.0,0.0,3.368184423,0.105255763,10400000.0,3410527.368,15000000,5000224,114000000,10400000.0,3410527.368,15000000,5000224,0,0.0,0.0,0,0,0,0,0,0,96,0,0.105255763,0.0,32,32,32.0,0.0,0.0,0,0,0,0,0,0,0,0,0,34.66666667,32.0,0.0,0,0,0,0,0,0,12,384,0,0,-1,-1,11,8,0.0,0.0,0,0,10400000.0,3410527.368,15000000,5000224,Benign
80,17,21/02/2018 10:24:33,111987996,12,0,384,0,32,32,32.0,0.0,0,0,0.0,0.0,3.428938937,0.107154342,10200000.0,10300000.0,36000000,2000058,112000000,10200000.0,10300000.0,36000000,2000058,0,0.0,0.0,0,0,0,0,0,0,96,0,0.107154342,0.0,32,32,32.0,0.0,0.0,0,0,0,0,0,0,0,0,0,34.66666667,32.0,0.0,0,0,0,0,0,0,12,384,0,0,-1,-1,11,8,5007321.0,2823818.203,7004062,3010580,14600000.0,10700000.0,36000000,7989211,Benign
80,17,21/02/2018 10:24:35,107987982,12,0,384,0,32,32,32.0,0.0,0,0,0.0,0.0,3.555951254,0.111123477,9817089.273,8247215.936,28000000,999985,108000000,9817089.273,8247215.936,28000000,999985,0,0.0,0.0,0,0,0,0,0,0,96,0,0.111123477,0.0,32,32,32.0,0.0,0.0,0,0,0,0,0,0,0,0,0,34.66666667,32.0,0.0,0,0,0,0,0,0,12,384,0,0,-1,-1,11,8,8011929.0,0.0,8011929,8011929,13600000.0,8188733.412,28000000,5004045,Benign
80,17,21/02/2018 10:24:13,117999973,7,0,224,0,32,32,32.0,0.0,0,0,0.0,0.0,1.898305519,0.059322047,19700000.0,19700000.0,53000000,4967854,118000000,19700000.0,19700000.0,53000000,4967854,0,0.0,0.0,0,0,0,0,0,0,56,0,0.059322047,0.0,32,32,32.0,0.0,0.0,0,0,0,0,0,0,0,0,0,36.57142857,32.0,0.0,0,0,0,0,0,0,7,224,0,0,-1,-1,6,8,4967854.0,0.0,4967854,4967854,22600000.0,20500000.0,53000000,5004045,Benign
80,17,21/02/2018 10:24:28,106999780,11,0,352,0,32,32,32.0,0.0,0,0,0.0,0.0,3.28972639,0.10280395,10700000.0,9047572.43,29000000,2999965,107000000,10700000.0,9047572.43,29000000,2999965,0,0.0,0.0,0,0,0,0,0,0,88,0,0.10280395,0.0,32,32,32.0,0.0,0.0,0,0,0,0,0,0,0,0,0,34.90909091,32.0,0.0,0,0,0,0,0,0,11,352,0,0,-1,-1,10,8,5334505.667,3216468.206,9003397,2999965,15200000.0,9333440.844,29000000,5011935,Benign
80,17,21/02/2018 10:24:28,111980009,15,0,480,0,32,32,32.0,0.0,0,0,0.0,0.0,4.286479384,0.133952481,7998572.071,5908665.849,20000000,980111,112000000,7998572.071,5908665.849,20000000,980111,0,0.0,0.0,0,0,0,0,0,0,120,0,0.133952481,0.0,32,32,32.0,0.0,0.0,0,0,0,0,0,0,0,0,0,34.13333333,32.0,0.0,0,0,0,0,0,0,15,480,0,0,-1,-1,14,8,3989037.75,3825880.575,8980071,980111,11500000.0,5441204.599,20000000,5020046,Benign
80,17,21/02/2018 10:24:43,87988013,12,0,384,0,32,32,32.0,0.0,0,0,0.0,0.0,4.364230841,0.136382214,7998910.273,4219733.381,17000000,3988041,88000000,7998910.273,4219733.381,17000000,3988041,0,0.0,0.0,0,0,0,0,0,0,96,0,0.136382214,0.0,32,32,32.0,0.0,0.0,0,0,0,0,0,0,0,0,0,34.66666667,32.0,0.0,0,0,0,0,0,0,12,384,0,0,-1,-1,11,8,5333173.0,2319312.338,8011275,3988041,11200000.0,2995494.961,17000000,8992022,Benign
80,17,21/02/2018 10:24:32,99008005,9,0,288,0,32,32,32.0,0.0,0,0,0.0,0.0,2.908855703,0.090901741,12400000.0,4466880.22,21000000,6020097,99000000,12400000.0,4466880.22,21000000,6020097,0,0.0,0.0,0,0,0,0,0,0,72,0,0.090901741,0.0,32,32,32.0,0.0,0.0,0,0,0,0,0,0,0,0,0,35.55555556,32.0,0.0,0,0,0,0,0,0,9,288,0,0,-1,-1,8,8,0.0,0.0,0,0,12400000.0,4466880.22,21000000,6020097,Benign
80,17,21/02/2018 10:24:33,118027929,16,0,512,0,32,32,32.0,0.0,0,0,0.0,0.0,4.337956315,0.135561135,7868528.6,6400752.563,24000000,999964,118000000,7868528.6,6400752.563,24000000,999964,0,0.0,0.0,0,0,0,0,0,0,128,0,0.135561135,0.0,32,32,32.0,0.0,0.0,0,0,0,0,0,0,0,0,0,34.0,32.0,0.0,0,0,0,0,0,0,16,512,0,0,-1,-1,15,8,8329327.0,2883367.334,9996054,4999902,11400000.0,7027919.969,24000000,5000127,Benign
80,17,21/02/2018 10:24:34,111008000,11,0,352,0,32,32,32.0,0.0,0,0,0.0,0.0,3.170942635,0.099091957,11100000.0,6082538.232,22000000,4012029,111000000,11100000.0,6082538.232,22000000,4012029,0,0.0,0.0,0,0,0,0,0,0,88,0,0.099091957,0.0,32,32,32.0,0.0,0.0,0,0,0,0,0,0,0,0,0,34.90909091,32.0,0.0,0,0,0,0,0,0,11,352,0,0,-1,-1,10,8,4012029.0,0.0,4012029,4012029,11900000.0,5885802.405,22000000,5019975,Benign
80,17,21/02/2018 10:24:24,116963964,11,0,352,0,32,32,32.0,0.0,0,0,0.0,0.0,3.009473927,0.09404606,11700000.0,6017847.553,20000000,2000012,117000000,11700000.0,6017847.553,20000000,2000012,0,0.0,0.0,0,0,0,0,0,0,88,0,0.09404606,0.0,32,32,32.0,0.0,0.0,0,0,0,0,0,0,0,0,0,34.90909091,32.0,0.0,0,0,0,0,0,0,11,352,0,0,-1,-1,10,8,2000012.0,0.0,2000012,2000012,12800000.0,5261462.248,20000000,6991946,Benign
80,17,21/02/2018 10:24:52,119819124,150499,0,4815968,0,32,32,32.0,0.0,0,0,0.0,0.0,40193.65056,1256.05158,796.1509389,16474.70901,613783,0,120000000,796.1509389,16474.70901,613783,0,0,0.0,0.0,0,0,0,0,0,0,1203992,0,1256.05158,0.0,32,32,32.0,0.0,0.0,0,0,0,0,0,0,0,0,0,32.00021263,32.0,0.0,0,0,0,0,0,0,150499,4815968,0,0,-1,-1,150498,8,0.0,0.0,0,0,0.0,0.0,0,0,DDOS attack-LOIC-UDP
80,17,21/02/2018 10:24:53,119801504,135092,0,4322944,0,32,32,32.0,0.0,0,0,0.0,0.0,36084.22145,1127.63192,886.8207653,17372.57132,609856,1,120000000,886.8207653,17372.57132,609856,1,0,0.0,0.0,0,0,0,0,0,0,1080736,0,1127.63192,0.0,32,32,32.0,0.0,0.0,0,0,0,0,0,0,0,0,0,32.00023688,32.0,0.0,0,0,0,0,0,0,135092,4322944,0,0,-1,-1,135091,8,0.0,0.0,0,0,0.0,0.0,0,0,DDOS attack-LOIC-UDP
80,17,21/02/2018 10:24:51,116007887,13,0,416,0,32,32,32.0,0.0,0,0,0.0,0.0,3.585963082,0.112061346,9667323.917,6050250.99,20000000,1999985,116000000,9667323.917,6050250.99,20000000,1999985,0,0.0,0.0,0,0,0,0,0,0,104,0,0.112061346,0.0,32,32,32.0,0.0,0.0,0,0,0,0,0,0,0,0,0,34.46153846,32.0,0.0,0,0,0,0,0,0,13,416,0,0,-1,-1,12,8,3495960.5,2115628.841,4991936,1999985,10900000.0,5838371.907,20000000,5003820,Benign
80,17,21/02/2018 10:24:54,99019858,14,0,448,0,32,32,32.0,0.0,0,0,0.0,0.0,4.524345006,0.141385781,7616912.154,7779362.525,27000000,1983987,99000000,7616912.154,7779362.525,27000000,1983987,0,0.0,0.0,0,0,0,0,0,0,112,0,0.141385781,0.0,32,32,32.0,0.0,0.0,0,0,0,0,0,0,0,0,0,34.28571429,32.0,0.0,0,0,0,0,0,0,14,448,0,0,-1,-1,13,8,6683941.0,2491486.739,8999984,4047926,12700000.0,9333263.679,27000000,5000051,Benign
80,17,21/02/2018 10:24:55,119793686,153058,0,4897856,0,32,32,32.0,0.0,0,0,0.0,0.0,40885.76087,1277.680027,782.6736837,16318.37287,615350,0,120000000,782.6736837,16318.37287,615350,0,0,0.0,0.0,0,0,0,0,0,0,1224464,0,1277.680027,0.0,32,32,32.0,0.0,0.0,0,0,0,0,0,0,0,0,0,32.00020907,32.0,0.0,0,0,0,0,0,0,153058,4897856,0,0,-1,-1,153057,8,0.0,0.0,0,0,0.0,0.0,0,0,DDOS attack-LOIC-UDP
80,17,21/02/2018 10:24:55,119784117,142159,0,4549088,0,32,32,32.0,0.0,0,0,0.0,0.0,37977.38894,1186.793404,842.6125649,17550.65062,605386,0,120000000,842.6125649,17550.65062,605386,0,0,0.0,0.0,0,0,0,0,0,0,1137272,0,1186.793404,0.0,32,32,32.0,0.0,0.0,0,0,0,0,0,0,0,0,0,32.0002251,32.0,0.0,0,0,0,0,0,0,142159,4549088,0,0,-1,-1,142158,8,0.0,0.0,0,0,0.0,0.0,0,0,DDOS attack-LOIC-UDP
80,17,21/02/2018 10:24:55,119784117,133885,0,4284320,0,32,32,32.0,0.0,0,0,0.0,0.0,35767.01242,1117.719138,894.685825,17463.41286,601453,1,120000000,894.685825,17463.41286,601453,1,0,0.0,0.0,0,0,0,0,0,0,1071080,0,1117.719138,0.0,32,32,32.0,0.0,0.0,0,0,0,0,0,0,0,0,0,32.00023901,32.0,0.0,0,0,0,0,0,0,133885,4284320,0,0,-1,-1,133884,8,0.0,0.0,0,0,0.0,0.0,0,0,DDOS attack-LOIC-UDP
80,17,21/02/2018 10:24:56,119765626,154727,0,4951264,0,32,32,32.0,0.0,0,0,0.0,0.0,41341.27767,1291.914927,774.0497783,16244.76148,614133,0,120000000,774.0497783,16244.76148,614133,0,0,0.0,0.0,0,0,0,0,0,0,1237816,0,1291.914927,0.0,32,32,32.0,0.0,0.0,0,0,0,0,0,0,0,0,0,32.00020682,32.0,0.0,0,0,0,0,0,0,154727,4951264,0,0,-1,-1,154726,8,0.0,0.0,0,0,0.0,0.0,0,0,DDOS attack-LOIC-UDP
80,17,21/02/2018 10:24:56,119823457,125605,0,4019360,0,32,32,32.0,0.0,0,0,0.0,0.0,33544.01634,1048.250511,953.9780341,18685.29067,600544,1,120000000,953.9780341,18685.29067,600544,1,0,0.0,0.0,0,0,0,0,0,0,1004840,0,1048.250511,0.0,32,32,32.0,0.0,0.0,0,0,0,0,0,0,0,0,0,32.00025477,32.0,0.0,0,0,0,0,0,0,125605,4019360,0,0,-1,-1,125604,8,0.0,0.0,0,0,0.0,0.0,0,0,DDOS attack-LOIC-UDP
80,17,21/02/2018 10:24:57,119708459,131719,0,4215008,0,32,32,32.0,0.0,0,0,0.0,0.0,35210.61114,1100.331598,908.8238434,17574.07295,613376,0,120000000,908.8238434,17574.07295,613376,0,0,0.0,0.0,0,0,0,0,0,0,1053752,0,1100.331598,0.0,32,32,32.0,0.0,0.0,0,0,0,0,0,0,0,0,0,32.00024294,32.0,0.0,0,0,0,0,0,0,131719,4215008,0,0,-1,-1,131718,8,0.0,0.0,0,0,0.0,0.0,0,0,DDOS attack-LOIC-UDP
80,17,21/02/2018 10:24:57,119877537,137803,0,4409696,0,32,32,32.0,0.0,0,0,0.0,0.0,36785.00669,1149.531459,869.925959,17838.20707,604146,0,120000000,869.925959,17838.20707,604146,0,0,0.0,0.0,0,0,0,0,0,0,1102424,0,1149.531459,0.0,32,32,32.0,0.0,0.0,0,0,0,0,0,0,0,0,0,32.00023222,32.0,0.0,0,0,0,0,0,0,137803,4409696,0,0,-1,-1,137802,8,0.0,0.0,0,0,0.0,0.0,0,0,DDOS attack-LOIC-UDP
80,17,21/02/2018 10:24:58,119744629,154899,0,4956768,0,32,32,32.0,0.0,0,0,0.0,0.0,41394.49127,1293.577852,773.0547134,16223.79113,618495,0,120000000,773.0547134,16223.79113,618495,0,0,0.0,0.0,0,0,0,0,0,0,1239192,0,1293.577852,0.0,32,32,32.0,0.0,0.0,0,0,0,0,0,0,0,0,0,32.00020659,32.0,0.0,0,0,0,0,0,0,154899,4956768,0,0,-1,-1,154898,8,0.0,0.0,0,0,0.0,0.0,0,0,DDOS attack-LOIC-UDP
80,17,21/02/2018 10:24:42,116008096,17,0,544,0,32,32,32.0,0.0,0,0,0.0,0.0,4.68932789,0.146541497,7250506.0,4594177.76,16000000,940039,116000000,7250506.0,4594177.76,16000000,940039,0,0.0,0.0,0,0,0,0,0,0,136,0,0.146541497,0.0,32,32,32.0,0.0,0.0,0,0,0,0,0,0,0,0,0,33.88235294,32.0,0.0,0,0,0,0,0,0,17,544,0,0,-1,-1,16,8,7648023.0,5520163.122,14000000,4012073,10300000.0,3580380.523,16000000,5987877,Benign
80,17,21/02/2018 10:24:59,119954281,121020,0,3872640,0,32,32,32.0,0.0,0,0,0.0,0.0,32284.30005,1008.884377,991.2020509,19046.98961,599919,0,120000000,991.2020509,19046.98961,599919,0,0,0.0,0.0,0,0,0,0,0,0,968160,0,1008.884377,0.0,32,32,32.0,0.0,0.0,0,0,0,0,0,0,0,0,0,32.00026442,32.0,0.0,0,0,0,0,0,0,121020,3872640,0,0,-1,-1,121019,8,0.0,0.0,0,0,0.0,0.0,0,0,DDOS attack-LOIC-UDP
80,17,21/02/2018 10:24:59,119924659,131879,0,4220128,0,32,32,32.0,0.0,0,0,0.0,0.0,35189.82697,1099.682093,909.3606136,17620.48068,617124,0,120000000,909.3606136,17620.48068,617124,0,0,0.0,0.0,0,0,0,0,0,0,1055032,0,1099.682093,0.0,32,32,32.0,0.0,0.0,0,0,0,0,0,0,0,0,0,32.00024265,32.0,0.0,0,0,0,0,0,0,131879,4220128,0,0,-1,-1,131878,8,0.0,0.0,0,0,0.0,0.0,0,0,DDOS attack-LOIC-UDP
80,17,21/02/2018 10:24:59,119967265,143374,0,4587968,0,32,32,32.0,0.0,0,0,0.0,0.0,38243.49917,1195.109349,836.7493531,17518.65388,600916,0,120000000,836.7493531,17518.65388,600916,0,0,0.0,0.0,0,0,0,0,0,0,1146992,0,1195.109349,0.0,32,32,32.0,0.0,0.0,0,0,0,0,0,0,0,0,0,32.00022319,32.0,0.0,0,0,0,0,0,0,143374,4587968,0,0,-1,-1,143373,8,0.0,0.0,0,0,0.0,0.0,0,0,DDOS attack-LOIC-UDP
80,17,21/02/2018 10:24:55,104000041,12,0,384,0,32,32,32.0,0.0,0,0,0.0,0.0,3.692306237,0.11538457,9454549.182,5454346.296,17000000,1980035,104000000,9454549.182,5454346.296,17000000,1980035,0,0.0,0.0,0,0,0,0,0,0,96,0,0.11538457,0.0,32,32,32.0,0.0,0.0,0,0,0,0,0,0,0,0,0,34.66666667,32.0,0.0,0,0,0,0,0,0,12,384,0,0,-1,-1,11,8,4979988.0,0.0,4979988,4979988,11000000.0,4722432.774,17000000,5000026,Benign
80,17,21/02/2018 10:25:00,119590909,151410,0,4845120,0,32,32,32.0,0.0,0,0,0.0,0.0,40514.11634,1266.066136,789.8533707,16421.76032,602413,0,120000000,789.8533707,16421.76032,602413,0,0,0.0,0.0,0,0,0,0,0,0,1211280,0,1266.066136,0.0,32,32,32.0,0.0,0.0,0,0,0,0,0,0,0,0,0,32.00021135,32.0,0.0,0,0,0,0,0,0,151410,4845120,0,0,-1,-1,151409,8,0.0,0.0,0,0,0.0,0.0,0,0,DDOS attack-LOIC-UDP
80,17,21/02/2018 10:25:01,119860219,128912,0,4125184,0,32,32,32.0,0.0,0,0,0.0,0.0,34416.62325,1075.519477,929.7904678,18436.58067,597775,0,120000000,929.7904678,18436.58067,597775,0,0,0.0,0.0,0,0,0,0,0,0,1031296,0,1075.519477,0.0,32,32,32.0,0.0,0.0,0,0,0,0,0,0,0,0,0,32.00024823,32.0,0.0,0,0,0,0,0,0,128912,4125184,0,0,-1,-1,128911,8,0.0,0.0,0,0,0.0,0.0,0,0,DDOS attack-LOIC-UDP
80,17,21/02/2018 10:25:01,119576765,144015,0,4608480,0,32,32,32.0,0.0,0,0,0.0,0.0,38539.92872,1204.372773,830.3134765,17378.59192,644218,0,120000000,830.3134765,17378.59192,644218,0,0,0.0,0.0,0,0,0,0,0,0,1152120,0,1204.372773,0.0,32,32,32.0,0.0,0.0,0,0,0,0,0,0,0,0,0,32.0002222,32.0,0.0,0,0,0,0,0,0,144015,4608480,0,0,-1,-1,144014,8,0.0,0.0,0,0,0.0,0.0,0,0,DDOS attack-LOIC-UDP
80,17,21/02/2018 10:25:01,119974902,134347,0,4299104,0,32,32,32.0,0.0,0,0,0.0,0.0,35833.36121,1119.792538,893.0292082,17454.97445,601291,1,120000000,893.0292082,17454.97445,601291,1,0,0.0,0.0,0,0,0,0,0,0,1074776,0,1119.792538,0.0,32,32,32.0,0.0,0.0,0,0,0,0,0,0,0,0,0,32.00023819,32.0,0.0,0,0,0,0,0,0,134347,4299104,0,0,-1,-1,134346,8,0.0,0.0,0,0,0.0,0.0,0,0,DDOS attack-LOIC-UDP
80,17,21/02/2018 10:25:02,119999971,126546,0,4049472,0,32,32,32.0,0.0,0,0,0.0,0.0,33745.60816,1054.550255,948.2790391,18554.85769,634611,0,120000000,948.2790391,18554.85769,634611,0,0,0.0,0.0,0,0,0,0,0,0,1012368,0,1054.550255,0.0,32,32,32.0,0.0,0.0,0,0,0,0,0,0,0,0,0,32.00025287,32.0,0.0,0,0,0,0,0,0,126546,4049472,0,0,-1,-1,126545,8,0.0,0.0,0,0,0.0,0.0,0,0,DDOS attack-LOIC-UDP
80,17,21/02/2018 10:25:02,119938507,140235,0,4487520,0,32,32,32.0,0.0,0,0,0.0,0.0,37415.17309,1169.224159,855.2740919,17702.32158,601498,0,120000000,855.2740919,17702.32158,601498,0,0,0.0,0.0,0,0,0,0,0,0,1121880,0,1169.224159,0.0,32,32,32.0,0.0,0.0,0,0,0,0,0,0,0,0,0,32.00022819,32.0,0.0,0,0,0,0,0,0,140235,4487520,0,0,-1,-1,140234,8,0.0,0.0,0,0,0.0,0.0,0,0,DDOS attack-LOIC-UDP
80,17,21/02/2018 10:24:52,116967929,15,0,480,0,32,32,32.0,0.0,0,0,0.0,0.0,4.103688969,0.12824028,8354852.071,4302644.122,21000000,4996094,117000000,8354852.071,4302644.122,21000000,4996094,0,0.0,0.0,0,0,0,0,0,0,120,0,0.12824028,0.0,32,32,32.0,0.0,0.0,0,0,0,0,0,0,0,0,0,34.13333333,32.0,0.0,0,0,0,0,0,0,15,480,0,0,-1,-1,14,8,4996094.0,0.0,4996094,4996094,8914335.5,4414561.374,21000000,5007812,Benign
80,17,21/02/2018 10:24:52,118980050,15,0,480,0,32,32,32.0,0.0,0,0,0.0,0.0,4.034289782,0.126071556,8498575.0,4150107.328,17000000,4007872,119000000,8498575.0,4150107.328,17000000,4007872,0,0.0,0.0,0,0,0,0,0,0,120,0,0.126071556,0.0,32,32,32.0,0.0,0.0,0,0,0,0,0,0,0,0,0,34.13333333,32.0,0.0,0,0,0,0,0,0,15,480,0,0,-1,-1,14,8,4748561.25,493803.9649,4999913,4007872,9998580.5,4005856.494,17000000,6007387,Benign
80,17,21/02/2018 10:25:03,119751162,123065,0,3938080,0,32,32,32.0,0.0,0,0,0.0,0.0,32885.52641,1027.6727,973.0803647,18867.4214,601457,0,120000000,973.0803647,18867.4214,601457,0,0,0.0,0.0,0,0,0,0,0,0,984520,0,1027.6727,0.0,32,32,32.0,0.0,0.0,0,0,0,0,0,0,0,0,0,32.00026003,32.0,0.0,0,0,0,0,0,0,123065,3938080,0,0,-1,-1,123064,8,0.0,0.0,0,0,0.0,0.0,0,0,DDOS attack-LOIC-UDP
80,17,21/02/2018 10:25:03,119827672,146293,0,4681376,0,32,32,32.0,0.0,0,0,0.0,0.0,39067.5703,1220.861572,819.0992809,17212.40778,645189,0,120000000,819.0992809,17212.40778,645189,0,0,0.0,0.0,0,0,0,0,0,0,1170344,0,1220.861572,0.0,32,32,32.0,0.0,0.0,0,0,0,0,0,0,0,0,0,32.00021874,32.0,0.0,0,0,0,0,0,0,146293,4681376,0,0,-1,-1,146292,8,0.0,0.0,0,0,0.0,0.0,0,0,DDOS attack-LOIC-UDP
80,17,21/02/2018 10:25:03,119722757,143822,0,4602304,0,32,32,32.0,0.0,0,0,0.0,0.0,38441.34662,1201.292082,832.4428074,17428.615,603125,0,120000000,832.4428074,17428.615,603125,0,0,0.0,0.0,0,0,0,0,0,0,1150576,0,1201.292082,0.0,32,32,32.0,0.0,0.0,0,0,0,0,0,0,0,0,0,32.0002225,32.0,0.0,0,0,0,0,0,0,143822,4602304,0,0,-1,-1,143821,8,0.0,0.0,0,0,0.0,0.0,0,0,DDOS attack-LOIC-UDP
80,17,21/02/2018 10:24:27,62991883,2,0,64,0,32,32,32.0,0.0,0,0,0.0,0.0,1.016003919,0.031750122,63000000.0,0.0,63000000,63000000,63000000,63000000.0,0.0,63000000,63000000,0,0.0,0.0,0,0,0,0,0,0,16,0,0.031750122,0.0,32,32,32.0,0.0,0.0,0,0,0,0,0,0,0,0,0,48.0,32.0,0.0,0,0,0,0,0,0,2,64,0,0,-1,-1,1,8,0.0,0.0,0,0,63000000.0,0.0,63000000,63000000,Benign
80,17,21/02/2018 10:25:00,115019984,11,0,352,0,32,32,32.0,0.0,0,0,0.0,0.0,3.060337758,0.095635555,11500000.0,6519382.449,27000000,3999745,115000000,11500000.0,6519382.449,27000000,3999745,0,0.0,0.0,0,0,0,0,0,0,88,0,0.095635555,0.0,32,32,32.0,0.0,0.0,0,0,0,0,0,0,0,0,0,34.90909091,32.0,0.0,0,0,0,0,0,0,11,352,0,0,-1,-1,10,8,3999745.0,0.0,3999745,3999745,12300000.0,6324392.909,27000000,5987109,Benign
80,17,21/02/2018 10:25:05,119574269,118994,0,3807808,0,32,32,32.0,0.0,0,0,0.0,0.0,31844.71067,995.1472085,1004.884901,19143.7045,601289,1,120000000,1004.884901,19143.7045,601289,1,0,0.0,0.0,0,0,0,0,0,0,951952,0,995.1472085,0.0,32,32,32.0,0.0,0.0,0,0,0,0,0,0,0,0,0,32.00026892,32.0,0.0,0,0,0,0,0,0,118994,3807808,0,0,-1,-1,118993,8,0.0,0.0,0,0,0.0,0.0,0,0,DDOS attack-LOIC-UDP
80,17,21/02/2018 10:25:05,119553521,123764,0,3960448,0,32,32,32.0,0.0,0,0,0.0,0.0,33126.98754,1035.21836,965.9875811,18648.28643,618476,0,120000000,965.9875811,18648.28643,618476,0,0,0.0,0.0,0,0,0,0,0,0,990112,0,1035.21836,0.0,32,32,32.0,0.0,0.0,0,0,0,0,0,0,0,0,0,32.00025856,32.0,0.0,0,0,0,0,0,0,123764,3960448,0,0,-1,-1,123763,8,0.0,0.0,0,0,0.0,0.0,0,0,DDOS attack-LOIC-UDP
80,17,21/02/2018 10:25:05,119964559,142652,0,4564864,0,32,32,32.0,0.0,0,0,0.0,0.0,38051.77161,1189.117863,840.9654261,17391.11938,613330,1,120000000,840.9654261,17391.11938,613330,1,0,0.0,0.0,0,0,0,0,0,0,1141216,0,1189.117863,0.0,32,32,32.0,0.0,0.0,0,0,0,0,0,0,0,0,0,32.00022432,32.0,0.0,0,0,0,0,0,0,142652,4564864,0,0,-1,-1,142651,8,0.0,0.0,0,0,0.0,0.0,0,0,DDOS attack-LOIC-UDP
80,17,21/02/2018 10:25:06,119951973,124609,0,3987488,0,32,32,32.0,0.0,0,0,0.0,0.0,33242.37109,1038.824097,962.6346061,18575.75149,606275,0,120000000,962.6346061,18575.75149,606275,0,0,0.0,0.0,0,0,0,0,0,0,996872,0,1038.824097,0.0,32,32,32.0,0.0,0.0,0,0,0,0,0,0,0,0,0,32.0002568,32.0,0.0,0,0,0,0,0,0,124609,3987488,0,0,-1,-1,124608,8,0.0,0.0,0,0,0.0,0.0,0,0,DDOS attack-LOIC-UDP
80,17,21/02/2018 10:25:02,115999936,11,0,352,0,32,32,32.0,0.0,0,0,0.0,0.0,3.034484433,0.094827639,11600000.0,12400000.0,39000000,960158,116000000,11600000.0,12400000.0,39000000,960158,0,0.0,0.0,0,0,0,0,0,0,88,0,0.094827639,0.0,32,32,32.0,0.0,0.0,0,0,0,0,0,0,0,0,0,34.90909091,32.0,0.0,0,0,0,0,0,0,11,352,0,0,-1,-1,10,8,4995988.0,5621.49891,4999963,4992013,15100000.0,13500000.0,39000000,5008029,Benign
80,17,21/02/2018 10:25:07,119849306,141759,0,4536288,0,32,32,32.0,0.0,0,0,0.0,0.0,37849.93131,1182.810354,845.4500346,17369.39427,605792,0,120000000,845.4500346,17369.39427,605792,0,0,0.0,0.0,0,0,0,0,0,0,1134072,0,1182.810354,0.0,32,32,32.0,0.0,0.0,0,0,0,0,0,0,0,0,0,32.00022574,32.0,0.0,0,0,0,0,0,0,141759,4536288,0,0,-1,-1,141758,8,0.0,0.0,0,0,0.0,0.0,0,0,DDOS attack-LOIC-UDP
80,17,21/02/2018 10:25:08,119862894,128513,0,4112416,0,32,32,32.0,0.0,0,0,0.0,0.0,34309.33346,1072.166671,932.6980671,18262.46297,602942,0,120000000,932.6980671,18262.46297,602942,0,0,0.0,0.0,0,0,0,0,0,0,1028104,0,1072.166671,0.0,32,32,32.0,0.0,0.0,0,0,0,0,0,0,0,0,0,32.000249,32.0,0.0,0,0,0,0,0,0,128513,4112416,0,0,-1,-1,128512,8,0.0,0.0,0,0,0.0,0.0,0,0,DDOS attack-LOIC-UDP
80,17,21/02/2018 10:25:08,119903896,79268,0,2536576,0,32,32,32.0,0.0,0,0,0.0,0.0,21155.07573,661.0961165,1512.658433,29843.6332,904608,1,120000000,1512.658433,29843.6332,904608,1,0,0.0,0.0,0,0,0,0,0,0,634144,0,661.0961165,0.0,32,32,32.0,0.0,0.0,0,0,0,0,0,0,0,0,0,32.00040369,32.0,0.0,0,0,0,0,0,0,79268,2536576,0,0,-1,-1,79267,8,0.0,0.0,0,0,0.0,0.0,0,0,DDOS attack-LOIC-UDP
80,17,21/02/2018 10:25:09,119586096,88898,0,2844736,0,32,32,32.0,0.0,0,0,0.0,0.0,23788.18354,743.3807355,1345.220829,28104.39368,908729,1,120000000,1345.220829,28104.39368,908729,1,0,0.0,0.0,0,0,0,0,0,0,711184,0,743.3807355,0.0,32,32,32.0,0.0,0.0,0,0,0,0,0,0,0,0,0,32.00035996,32.0,0.0,0,0,0,0,0,0,88898,2844736,0,0,-1,-1,88897,8,0.0,0.0,0,0,0.0,0.0,0,0,DDOS attack-LOIC-UDP
80,17,21/02/2018 10:25:09,119999764,90559,0,2897888,0,32,32,32.0,0.0,0,0,0.0,0.0,24149.11416,754.6598175,1325.114998,27859.9783,908595,1,120000000,1325.114998,27859.9783,908595,1,0,0.0,0.0,0,0,0,0,0,0,724472,0,754.6598175,0.0,32,32,32.0,0.0,0.0,0,0,0,0,0,0,0,0,0,32.00035336,32.0,0.0,0,0,0,0,0,0,90559,2897888,0,0,-1,-1,90558,8,0.0,0.0,0,0,0.0,0.0,0,0,DDOS attack-LOIC-UDP
80,17,21/02/2018 10:25:06,119000404,15,0,480,0,32,32,32.0,0.0,0,0,0.0,0.0,4.033599751,0.126049992,8500028.857,9364123.574,34000000,999953,119000000,8500028.857,9364123.574,34000000,999953,0,0.0,0.0,0,0,0,0,0,0,120,0,0.126049992,0.0,32,32,32.0,0.0,0.0,0,0,0,0,0,0,0,0,0,34.13333333,32.0,0.0,0,0,0,0,0,0,15,480,0,0,-1,-1,14,8,5246873.0,3765392.841,9979480,1000054,15000000.0,11600000.0,34000000,5012532,Benign
80,17,21/02/2018 10:25:09,119915802,145633,0,4660256,0,32,32,32.0,0.0,0,0,0.0,0.0,38862.7347,1214.46046,823.4165705,17207.25652,610624,0,120000000,823.4165705,17207.25652,610624,0,0,0.0,0.0,0,0,0,0,0,0,1165064,0,1214.46046,0.0,32,32,32.0,0.0,0.0,0,0,0,0,0,0,0,0,0,32.00021973,32.0,0.0,0,0,0,0,0,0,145633,4660256,0,0,-1,-1,145632,8,0.0,0.0,0,0,0.0,0.0,0,0,DDOS attack-LOIC-UDP
80,17,21/02/2018 10:25:09,119975977,79154,0,2532928,0,32,32,32.0,0.0,0,0,0.0,0.0,21111.95977,659.7487429,1515.747691,29801.60745,907488,1,120000000,1515.747691,29801.60745,907488,1,0,0.0,0.0,0,0,0,0,0,0,633232,0,659.7487429,0.0,32,32,32.0,0.0,0.0,0,0,0,0,0,0,0,0,0,32.00040428,32.0,0.0,0,0,0,0,0,0,79154,2532928,0,0,-1,-1,79153,8,0.0,0.0,0,0,0.0,0.0,0,0,DDOS attack-LOIC-UDP
80,17,21/02/2018 10:25:11,119602289,78733,0,2519456,0,32,32,32.0,0.0,0,0,0.0,0.0,21065.28245,658.2900767,1519.10645,29798.39647,907358,1,120000000,1519.10645,29798.39647,907358,1,0,0.0,0.0,0,0,0,0,0,0,629864,0,658.2900767,0.0,32,32,32.0,0.0,0.0,0,0,0,0,0,0,0,0,0,32.00040644,32.0,0.0,0,0,0,0,0,0,78733,2519456,0,0,-1,-1,78732,8,0.0,0.0,0,0,0.0,0.0,0,0,DDOS attack-LOIC-UDP
80,17,21/02/2018 10:25:11,119647450,126365,0,4043680,0,32,32,32.0,0.0,0,0,0.0,0.0,33796.625,1056.144531,946.847599,18534.8695,612346,0,120000000,946.847599,18534.8695,612346,0,0,0.0,0.0,0,0,0,0,0,0,1010920,0,1056.144531,0.0,32,32,32.0,0.0,0.0,0,0,0,0,0,0,0,0,0,32.00025323,32.0,0.0,0,0,0,0,0,0,126365,4043680,0,0,-1,-1,126364,8,0.0,0.0,0,0,0.0,0.0,0,0,DDOS attack-LOIC-UDP
80,17,21/02/2018 10:25:13,119631230,134719,0,4311008,0,32,32,32.0,0.0,0,0,0.0,0.0,36035.80771,1126.118991,888.0122181,18251.08178,599045,1,120000000,888.0122181,18251.08178,599045,1,0,0.0,0.0,0,0,0,0,0,0,1077752,0,1126.118991,0.0,32,32,32.0,0.0,0.0,0,0,0,0,0,0,0,0,0,32.00023753,32.0,0.0,0,0,0,0,0,0,134719,4311008,0,0,-1,-1,134718,8,0.0,0.0,0,0,0.0,0.0,0,0,DDOS attack-LOIC-UDP
80,17,21/02/2018 10:25:13,119562981,90798,0,2905536,0,32,32,32.0,0.0,0,0,0.0,0.0,24301.30109,759.4156589,1316.816426,27670.95671,908413,1,120000000,1316.816426,27670.95671,908413,1,0,0.0,0.0,0,0,0,0,0,0,726384,0,759.4156589,0.0,32,32,32.0,0.0,0.0,0,0,0,0,0,0,0,0,0,32.00035243,32.0,0.0,0,0,0,0,0,0,90798,2905536,0,0,-1,-1,90797,8,0.0,0.0,0,0,0.0,0.0,0,0,DDOS attack-LOIC-UDP
80,17,21/02/2018 10:25:13,119928194,118056,0,3777792,0,32,32,32.0,0.0,0,0,0.0,0.0,31500.44934,984.389042,1015.86713,19539.69894,644876,0,120000000,1015.86713,19539.69894,644876,0,0,0.0,0.0,0,0,0,0,0,0,944448,0,984.389042,0.0,32,32,32.0,0.0,0.0,0,0,0,0,0,0,0,0,0,32.00027106,32.0,0.0,0,0,0,0,0,0,118056,3777792,0,0,-1,-1,118055,8,0.0,0.0,0,0,0.0,0.0,0,0,DDOS attack-LOIC-UDP
80,17,21/02/2018 10:25:14,119740190,82793,0,2649376,0,32,32,32.0,0.0,0,0,0.0,0.0,22126.03805,691.438689,1446.277297,28939.12207,906432,0,120000000,1446.277297,28939.12207,906432,0,0,0.0,0.0,0,0,0,0,0,0,662344,0,691.438689,0.0,32,32,32.0,0.0,0.0,0,0,0,0,0,0,0,0,0,32.00038651,32.0,0.0,0,0,0,0,0,0,82793,2649376,0,0,-1,-1,82792,8,0.0,0.0,0,0,0.0,0.0,0,0,DDOS attack-LOIC-UDP
80,17,21/02/2018 10:25:15,119990402,138163,0,4421216,0,32,32,32.0,0.0,0,0,0.0,0.0,36846.41377,1151.45043,868.4761512,17994.94427,601727,0,120000000,868.4761512,17994.94427,601727,0,0,0.0,0.0,0,0,0,0,0,0,1105304,0,1151.45043,0.0,32,32,32.0,0.0,0.0,0,0,0,0,0,0,0,0,0,32.00023161,32.0,0.0,0,0,0,0,0,0,138163,4421216,0,0,-1,-1,138162,8,0.0,0.0,0,0,0.0,0.0,0,0,DDOS attack-LOIC-UDP
80,17,21/02/2018 10:25:15,119896383,92336,0,2954752,0,32,32,32.0,0.0,0,0,0.0,0.0,24644.213,770.1316561,1298.493345,27377.76094,910909,1,120000000,1298.493345,27377.76094,910909,1,0,0.0,0.0,0,0,0,0,0,0,738688,0,770.1316561,0.0,32,32,32.0,0.0,0.0,0,0,0,0,0,0,0,0,0,32.00034656,32.0,0.0,0,0,0,0,0,0,92336,2954752,0,0,-1,-1,92335,8,0.0,0.0,0,0,0.0,0.0,0,0,DDOS attack-LOIC-UDP
80,17,21/02/2018 10:25:05,110980122,13,0,416,0,32,32,32.0,0.0,0,0,0.0,0.0,3.748419019,0.117138094,9248343.5,7577596.376,23000000,1980022,111000000,9248343.5,7577596.376,23000000,1980022,0,0.0,0.0,0,0,0,0,0,0,104,0,0.117138094,0.0,32,32,32.0,0.0,0.0,0,0,0,0,0,0,0,0,0,34.46153846,32.0,0.0,0,0,0,0,0,0,13,416,0,0,-1,-1,12,8,4790378.2,3039560.917,9999875,1980022,14500000.0,7667952.85,23000000,5000140,Benign
80,17,21/02/2018 10:25:16,119866746,79458,0,2542656,0,32,32,32.0,0.0,0,0,0.0,0.0,21212.35526,662.8861019,1508.573769,29497.30317,911052,1,120000000,1508.573769,29497.30317,911052,1,0,0.0,0.0,0,0,0,0,0,0,635664,0,662.8861019,0.0,32,32,32.0,0.0,0.0,0,0,0,0,0,0,0,0,0,32.00040273,32.0,0.0,0,0,0,0,0,0,79458,2542656,0,0,-1,-1,79457,8,0.0,0.0,0,0,0.0,0.0,0,0,DDOS attack-LOIC-UDP
80,17,21/02/2018 10:25:16,119991113,122958,0,3934656,0,32,32,32.0,0.0,0,0,0.0,0.0,32791.22846,1024.725889,975.8786649,19083.55549,601703,0,120000000,975.8786649,19083.55549,601703,0,0,0.0,0.0,0,0,0,0,0,0,983664,0,1024.725889,0.0,32,32,32.0,0.0,0.0,0,0,0,0,0,0,0,0,0,32.00026025,32.0,0.0,0,0,0,0,0,0,122958,3934656,0,0,-1,-1,122957,8,0.0,0.0,0,0,0.0,0.0,0,0,DDOS attack-LOIC-UDP
80,17,21/02/2018 10:25:17,119999204,133446,0,4270272,0,32,32,32.0,0.0,0,0,0.0,0.0,35585.83605,1112.057377,899.2409157,18320.87296,638363,0,120000000,899.2409157,18320.87296,638363,0,0,0.0,0.0,0,0,0,0,0,0,1067568,0,1112.057377,0.0,32,32,32.0,0.0,0.0,0,0,0,0,0,0,0,0,0,32.0002398,32.0,0.0,0,0,0,0,0,0,133446,4270272,0,0,-1,-1,133445,8,0.0,0.0,0,0,0.0,0.0,0,0,DDOS attack-LOIC-UDP
80,17,21/02/2018 10:25:17,119880859,95163,0,3045216,0,32,32,32.0,0.0,0,0,0.0,0.0,25402.02018,793.8131308,1259.755564,26978.77964,908182,1,120000000,1259.755564,26978.77964,908182,1,0,0.0,0.0,0,0,0,0,0,0,761304,0,793.8131308,0.0,32,32,32.0,0.0,0.0,0,0,0,0,0,0,0,0,0,32.00033627,32.0,0.0,0,0,0,0,0,0,95163,3045216,0,0,-1,-1,95162,8,0.0,0.0,0,0,0.0,0.0,0,0,DDOS attack-LOIC-UDP
80,17,21/02/2018 10:25:18,119636774,114681,0,3669792,0,32,32,32.0,0.0,0,0,0.0,0.0,30674.44798,958.5764992,1043.222654,20122.63691,646394,0,120000000,1043.222654,20122.63691,646394,0,0,0.0,0.0,0,0,0,0,0,0,917448,0,958.5764992,0.0,32,32,32.0,0.0,0.0,0,0,0,0,0,0,0,0,0,32.00027903,32.0,0.0,0,0,0,0,0,0,114681,3669792,0,0,-1,-1,114680,8,0.0,0.0,0,0,0.0,0.0,0,0,DDOS attack-LOIC-UDP
80,17,21/02/2018 10:25:18,119614224,115576,0,3698432,0,32,32,32.0,0.0,0,0,0.0,0.0,30919.66721,966.2396004,1034.948942,19680.62983,627824,0,120000000,1034.948942,19680.62983,627824,0,0,0.0,0.0,0,0,0,0,0,0,924608,0,966.2396004,0.0,32,32,32.0,0.0,0.0,0,0,0,0,0,0,0,0,0,32.00027687,32.0,0.0,0,0,0,0,0,0,115576,3698432,0,0,-1,-1,115575,8,0.0,0.0,0,0,0.0,0.0,0,0,DDOS attack-LOIC-UDP
80,17,21/02/2018 10:25:11,118007998,13,0,416,0,32,32,32.0,0.0,0,0,0.0,0.0,3.525184793,0.110162025,9833999.833,5674043.441,20000000,999990,118000000,9833999.833,5674043.441,20000000,999990,0,0.0,0.0,0,0,0,0,0,0,104,0,0.110162025,0.0,32,32,32.0,0.0,0.0,0,0,0,0,0,0,0,0,0,34.46153846,32.0,0.0,0,0,0,0,0,0,13,416,0,0,-1,-1,12,8,3326690.667,2073716.711,4980091,999990,12000000.0,4692568.145,20000000,5996011,Benign
80,17,21/02/2018 10:25:19,119702749,114898,0,3676736,0,32,32,32.0,0.0,0,0,0.0,0.0,30715.5519,959.860997,1041.826584,20131.60396,650705,0,120000000,1041.826584,20131.60396,650705,0,0,0.0,0.0,0,0,0,0,0,0,919184,0,959.860997,0.0,32,32,32.0,0.0,0.0,0,0,0,0,0,0,0,0,0,32.00027851,32.0,0.0,0,0,0,0,0,0,114898,3676736,0,0,-1,-1,114897,8,0.0,0.0,0,0,0.0,0.0,0,0,DDOS attack-LOIC-UDP
80,17,21/02/2018 10:25:19,119631752,121878,0,3900096,0,32,32,32.0,0.0,0,0,0.0,0.0,32600.84329,1018.776353,981.5777546,19156.47576,601558,0,120000000,981.5777546,19156.47576,601558,0,0,0.0,0.0,0,0,0,0,0,0,975024,0,1018.776353,0.0,32,32,32.0,0.0,0.0,0,0,0,0,0,0,0,0,0,32.00026256,32.0,0.0,0,0,0,0,0,0,121878,3900096,0,0,-1,-1,121877,8,0.0,0.0,0,0,0.0,0.0,0,0,DDOS attack-LOIC-UDP
80,17,21/02/2018 10:25:20,119717206,129788,0,4153216,0,32,32,32.0,0.0,0,0,0.0,0.0,34691.88882,1084.121526,922.4129227,18935.52752,632821,0,120000000,922.4129227,18935.52752,632821,0,0,0.0,0.0,0,0,0,0,0,0,1038304,0,1084.121526,0.0,32,32,32.0,0.0,0.0,0,0,0,0,0,0,0,0,0,32.00024656,32.0,0.0,0,0,0,0,0,0,129788,4153216,0,0,-1,-1,129787,8,0.0,0.0,0,0,0.0,0.0,0,0,DDOS attack-LOIC-UDP
80,17,21/02/2018 10:25:20,119684767,138420,0,4429440,0,32,32,32.0,0.0,0,0,0.0,0.0,37009.22106,1156.538158,864.6556253,17978.02351,617862,1,120000000,864.6556253,17978.02351,617862,1,0,0.0,0.0,0,0,0,0,0,0,1107360,0,1156.538158,0.0,32,32,32.0,0.0,0.0,0,0,0,0,0,0,0,0,0,32.00023118,32.0,0.0,0,0,0,0,0,0,138420,4429440,0,0,-1,-1,138419,8,0.0,0.0,0,0,0.0,0.0,0,0,DDOS attack-LOIC-UDP
80,17,21/02/2018 10:25:20,119742596,113586,0,3634752,0,32,32,32.0,0.0,0,0,0.0,0.0,30354.71187,948.5847459,1054.211348,20237.34009,653840,0,120000000,1054.211348,20237.34009,653840,0,0,0.0,0.0,0,0,0,0,0,0,908688,0,948.5847459,0.0,32,32,32.0,0.0,0.0,0,0,0,0,0,0,0,0,0,32.00028172,32.0,0.0,0,0,0,0,0,0,113586,3634752,0,0,-1,-1,113585,8,0.0,0.0,0,0,0.0,0.0,0,0,DDOS attack-LOIC-UDP
80,17,21/02/2018 10:25:21,119682234,119561,0,3825952,0,32,32,32.0,0.0,0,0,0.0,0.0,31967.5851,998.9870343,1001.022365,19354.03908,602186,0,120000000,1001.022365,19354.03908,602186,0,0,0.0,0.0,0,0,0,0,0,0,956488,0,998.9870343,0.0,32,32,32.0,0.0,0.0,0,0,0,0,0,0,0,0,0,32.00026765,32.0,0.0,0,0,0,0,0,0,119561,3825952,0,0,-1,-1,119560,8,0.0,0.0,0,0,0.0,0.0,0,0,DDOS attack-LOIC-UDP
80,17,21/02/2018 10:25:22,119786794,124730,0,3991360,0,32,32,32.0,0.0,0,0,0.0,0.0,33320.53448,1041.266703,960.3764481,19326.77051,654228,0,120000000,960.3764481,19326.77051,654228,0,0,0.0,0.0,0,0,0,0,0,0,997840,0,1041.266703,0.0,32,32,32.0,0.0,0.0,0,0,0,0,0,0,0,0,0,32.00025655,32.0,0.0,0,0,0,0,0,0,124730,3991360,0,0,-1,-1,124729,8,0.0,0.0,0,0,0.0,0.0,0,0,DDOS attack-LOIC-UDP
80,17,21/02/2018 10:25:23,119707449,132801,0,4249632,0,32,32,32.0,0.0,0,0,0.0,0.0,35500.1467,1109.379584,901.4115136,18363.82136,614070,1,120000000,901.4115136,18363.82136,614070,1,0,0.0,0.0,0,0,0,0,0,0,1062408,0,1109.379584,0.0,32,32,32.0,0.0,0.0,0,0,0,0,0,0,0,0,0,32.00024096,32.0,0.0,0,0,0,0,0,0,132801,4249632,0,0,-1,-1,132800,8,0.0,0.0,0,0,0.0,0.0,0,0,DDOS attack-LOIC-UDP
80,17,21/02/2018 10:25:05,107100026,17,0,544,0,32,32,32.0,0.0,0,0,0.0,0.0,5.079363846,0.15873012,6693751.625,8164657.808,24000000,997269,107000000,6693751.625,8164657.808,24000000,997269,0,0.0,0.0,0,0,0,0,0,0,136,0,0.15873012,0.0,32,32,32.0,0.0,0.0,0,0,0,0,0,0,0,0,0,33.88235294,32.0,0.0,0,0,0,0,0,0,17,544,0,0,-1,-1,16,8,1019794.0,0.0,1019794,1019794,14700000.0,8615140.595,24000000,5987866,Benign
80,17,21/02/2018 10:24:41,114008018,13,0,416,0,32,32,32.0,0.0,0,0,0.0,0.0,3.64886617,0.114027068,9500668.167,5215770.995,18000000,980137,114000000,9500668.167,5215770.995,18000000,980137,0,0.0,0.0,0,0,0,0,0,0,104,0,0.114027068,0.0,32,32,32.0,0.0,0.0,0,0,0,0,0,0,0,0,0,34.46153846,32.0,0.0,0,0,0,0,0,0,13,416,0,0,-1,-1,12,8,980137.0,0.0,980137,980137,10300000.0,4690922.471,18000000,5000009,Benign
80,17,21/02/2018 10:25:24,119773255,117509,0,3760288,0,32,32,32.0,0.0,0,0,0.0,0.0,31395.0556,981.0954875,1019.277453,19935.83847,629542,0,120000000,1019.277453,19935.83847,629542,0,0,0.0,0.0,0,0,0,0,0,0,940072,0,981.0954875,0.0,32,32,32.0,0.0,0.0,0,0,0,0,0,0,0,0,0,32.00027232,32.0,0.0,0,0,0,0,0,0,117509,3760288,0,0,-1,-1,117508,8,0.0,0.0,0,0,0.0,0.0,0,0,DDOS attack-LOIC-UDP
80,17,21/02/2018 10:25:24,119839575,127476,0,4079232,0,32,32,32.0,0.0,0,0,0.0,0.0,34039.10603,1063.722063,940.1025691,19124.16505,643315,0,120000000,940.1025691,19124.16505,643315,0,0,0.0,0.0,0,0,0,0,0,0,1019808,0,1063.722063,0.0,32,32,32.0,0.0,0.0,0,0,0,0,0,0,0,0,0,32.00025103,32.0,0.0,0,0,0,0,0,0,127476,4079232,0,0,-1,-1,127475,8,0.0,0.0,0,0,0.0,0.0,0,0,DDOS attack-LOIC-UDP
80,17,21/02/2018 10:25:25,119785142,121625,0,3892000,0,32,32,32.0,0.0,0,0,0.0,0.0,32491.50884,1015.359651,984.8807966,19345.43608,636594,1,120000000,984.8807966,19345.43608,636594,1,0,0.0,0.0,0,0,0,0,0,0,973000,0,1015.359651,0.0,32,32,32.0,0.0,0.0,0,0,0,0,0,0,0,0,0,32.0002631,32.0,0.0,0,0,0,0,0,0,121625,3892000,0,0,-1,-1,121624,8,0.0,0.0,0,0,0.0,0.0,0,0,DDOS attack-LOIC-UDP
500,17,21/02/2018 10:21:55,36288700,2,0,1000,0,500,500,500.0,0.0,0,0,0.0,0.0,27.55678765,0.055113575,36300000.0,0.0,36300000,36300000,36300000,36300000.0,0.0,36300000,36300000,0,0.0,0.0,0,0,0,0,0,0,16,0,0.055113575,0.0,500,500,500.0,0.0,0.0,0,0,0,0,0,0,0,0,0,750.0,500.0,0.0,0,0,0,0,0,0,2,1000,0,0,-1,-1,1,8,0.0,0.0,0,0,36300000.0,0.0,36300000,36300000,Benign
80,17,21/02/2018 10:25:25,119865829,115180,0,3685760,0,32,32,32.0,0.0,0,0,0.0,0.0,30749.04692,960.9077162,1040.691697,20122.0764,636871,0,120000000,1040.691697,20122.0764,636871,0,0,0.0,0.0,0,0,0,0,0,0,921440,0,960.9077162,0.0,32,32,32.0,0.0,0.0,0,0,0,0,0,0,0,0,0,32.00027783,32.0,0.0,0,0,0,0,0,0,115180,3685760,0,0,-1,-1,115179,8,0.0,0.0,0,0,0.0,0.0,0,0,DDOS attack-LOIC-UDP
80,17,21/02/2018 10:25:26,119874735,134985,0,4319520,0,32,32,32.0,0.0,0,0,0.0,0.0,36033.61459,1126.050456,888.0662523,18345.3424,639150,1,120000000,888.0662523,18345.3424,639150,1,0,0.0,0.0,0,0,0,0,0,0,1079880,0,1126.050456,0.0,32,32,32.0,0.0,0.0,0,0,0,0,0,0,0,0,0,32.00023706,32.0,0.0,0,0,0,0,0,0,134985,4319520,0,0,-1,-1,134984,8,0.0,0.0,0,0,0.0,0.0,0,0,DDOS attack-LOIC-UDP
80,17,21/02/2018 10:25:27,119905542,121749,0,3895968,0,32,32,32.0,0.0,0,0,0.0,0.0,32491.97606,1015.374252,984.8666261,19593.634,636082,0,120000000,984.8666261,19593.634,636082,0,0,0.0,0.0,0,0,0,0,0,0,973992,0,1015.374252,0.0,32,32,32.0,0.0,0.0,0,0,0,0,0,0,0,0,0,32.00026284,32.0,0.0,0,0,0,0,0,0,121749,3895968,0,0,-1,-1,121748,8,0.0,0.0,0,0,0.0,0.0,0,0,DDOS attack-LOIC-UDP
80,17,21/02/2018 10:25:27,119999871,119829,0,3834528,0,32,32,32.0,0.0,0,0,0.0,0.0,31954.43435,998.5760735,1001.434314,19455.68769,642562,1,120000000,1001.434314,19455.68769,642562,1,0,0.0,0.0,0,0,0,0,0,0,958632,0,998.5760735,0.0,32,32,32.0,0.0,0.0,0,0,0,0,0,0,0,0,0,32.00026705,32.0,0.0,0,0,0,0,0,0,119829,3834528,0,0,-1,-1,119828,8,0.0,0.0,0,0,0.0,0.0,0,0,DDOS attack-LOIC-UDP
80,17,21/02/2018 10:25:27,119860450,118436,0,3789952,0,32,32,32.0,0.0,0,0,0.0,0.0,31619.70441,988.115763,1012.035716,19826.54722,654585,0,120000000,1012.035716,19826.54722,654585,0,0,0.0,0.0,0,0,0,0,0,0,947488,0,988.115763,0.0,32,32,32.0,0.0,0.0,0,0,0,0,0,0,0,0,0,32.00027019,32.0,0.0,0,0,0,0,0,0,118436,3789952,0,0,-1,-1,118435,8,0.0,0.0,0,0,0.0,0.0,0,0,DDOS attack-LOIC-UDP
80,17,21/02/2018 10:25:27,119984298,130053,0,4161696,0,32,32,32.0,0.0,0,0,0.0,0.0,34685.33858,1083.916831,922.5871036,18670.5534,642015,1,120000000,922.5871036,18670.5534,642015,1,0,0.0,0.0,0,0,0,0,0,0,1040424,0,1083.916831,0.0,32,32,32.0,0.0,0.0,0,0,0,0,0,0,0,0,0,32.00024605,32.0,0.0,0,0,0,0,0,0,130053,4161696,0,0,-1,-1,130052,8,0.0,0.0,0,0,0.0,0.0,0,0,DDOS attack-LOIC-UDP
80,17,21/02/2018 10:25:26,111967984,12,0,384,0,32,32,32.0,0.0,0,0,0.0,0.0,3.42955179,0.107173493,10200000.0,5928704.645,20000000,2999829,112000000,10200000.0,5928704.645,20000000,2999829,0,0.0,0.0,0,0,0,0,0,0,96,0,0.107173493,0.0,32,32,32.0,0.0,0.0,0,0,0,0,0,0,0,0,0,34.66666667,32.0,0.0,0,0,0,0,0,0,12,384,0,0,-1,-1,11,8,5999997.0,0.0,5999997,5999997,11800000.0,5309386.719,20000000,5004023,Benign
80,17,21/02/2018 10:25:13,119011948,13,0,416,0,32,32,32.0,0.0,0,0,0.0,0.0,3.495447365,0.10923273,9917662.333,5808447.624,22000000,1999920,119000000,9917662.333,5808447.624,22000000,1999920,0,0.0,0.0,0,0,0,0,0,0,104,0,0.10923273,0.0,32,32,32.0,0.0,0.0,0,0,0,0,0,0,0,0,0,34.46153846,32.0,0.0,0,0,0,0,0,0,13,416,0,0,-1,-1,12,8,1999920.0,0.0,1999920,1999920,10600000.0,5502080.595,22000000,5000027,Benign
80,17,21/02/2018 10:25:29,119999928,121835,0,3898720,0,32,32,32.0,0.0,0,0,0.0,0.0,32489.35283,1015.292276,984.9461398,19266.68743,642392,0,120000000,984.9461398,19266.68743,642392,0,0,0.0,0.0,0,0,0,0,0,0,974680,0,1015.292276,0.0,32,32,32.0,0.0,0.0,0,0,0,0,0,0,0,0,0,32.00026265,32.0,0.0,0,0,0,0,0,0,121835,3898720,0,0,-1,-1,121834,8,0.0,0.0,0,0,0.0,0.0,0,0,DDOS attack-LOIC-UDP
80,17,21/02/2018 10:25:29,119609444,95085,0,3042720,0,32,32,32.0,0.0,0,0,0.0,0.0,25438.79395,794.9623108,1257.9345,25898.28886,825175,0,120000000,1257.9345,25898.28886,825175,0,0,0.0,0.0,0,0,0,0,0,0,760680,0,794.9623108,0.0,32,32,32.0,0.0,0.0,0,0,0,0,0,0,0,0,0,32.00033654,32.0,0.0,0,0,0,0,0,0,95085,3042720,0,0,-1,-1,95084,8,0.0,0.0,0,0,0.0,0.0,0,0,DDOS attack-LOIC-UDP
80,17,21/02/2018 10:25:16,114000016,12,0,384,0,32,32,32.0,0.0,0,0,0.0,0.0,3.36842058,0.105263143,10400000.0,6526818.386,23000000,4999913,114000000,10400000.0,6526818.386,23000000,4999913,0,0.0,0.0,0,0,0,0,0,0,96,0,0.105263143,0.0,32,32,32.0,0.0,0.0,0,0,0,0,0,0,0,0,0,34.66666667,32.0,0.0,0,0,0,0,0,0,12,384,0,0,-1,-1,11,8,7499913.0,3535528.249,9999909,4999917,12400000.0,6625928.474,23000000,5004021,Benign
80,17,21/02/2018 10:25:29,119888728,134293,0,4297376,0,32,32,32.0,0.0,0,0,0.0,0.0,35844.70427,1120.147008,892.7466119,18320.95544,652729,0,120000000,892.7466119,18320.95544,652729,0,0,0.0,0.0,0,0,0,0,0,0,1074344,0,1120.147008,0.0,32,32,32.0,0.0,0.0,0,0,0,0,0,0,0,0,0,32.00023828,32.0,0.0,0,0,0,0,0,0,134293,4297376,0,0,-1,-1,134292,8,0.0,0.0,0,0,0.0,0.0,0,0,DDOS attack-LOIC-UDP
80,17,21/02/2018 10:25:30,119336163,81589,0,2610848,0,32,32,32.0,0.0,0,0,0.0,0.0,21878.09575,683.690492,1462.668076,27928.82674,815049,0,119000000,1462.668076,27928.82674,815049,0,0,0.0,0.0,0,0,0,0,0,0,652712,0,683.690492,0.0,32,32,32.0,0.0,0.0,0,0,0,0,0,0,0,0,0,32.00039221,32.0,0.0,0,0,0,0,0,0,81589,2610848,0,0,-1,-1,81588,8,0.0,0.0,0,0,0.0,0.0,0,0,DDOS attack-LOIC-UDP
80,17,21/02/2018 10:25:30,119664792,120598,0,3859136,0,32,32,32.0,0.0,0,0,0.0,0.0,32249.55257,1007.798518,992.2700565,19305.21377,638861,0,120000000,992.2700565,19305.21377,638861,0,0,0.0,0.0,0,0,0,0,0,0,964784,0,1007.798518,0.0,32,32,32.0,0.0,0.0,0,0,0,0,0,0,0,0,0,32.00026534,32.0,0.0,0,0,0,0,0,0,120598,3859136,0,0,-1,-1,120597,8,0.0,0.0,0,0,0.0,0.0,0,0,DDOS attack-LOIC-UDP
80,17,21/02/2018 10:25:32,119894429,124177,0,3973664,0,32,32,32.0,0.0,0,0,0.0,0.0,33143.02452,1035.719516,965.5201408,18980.8897,635913,0,120000000,965.5201408,18980.8897,635913,0,0,0.0,0.0,0,0,0,0,0,0,993416,0,1035.719516,0.0,32,32,32.0,0.0,0.0,0,0,0,0,0,0,0,0,0,32.0002577,32.0,0.0,0,0,0,0,0,0,124177,3973664,0,0,-1,-1,124176,8,0.0,0.0,0,0,0.0,0.0,0,0,DDOS attack-LOIC-UDP
80,17,21/02/2018 10:25:32,119814611,97978,0,3135296,0,32,32,32.0,0.0,0,0,0.0,0.0,26167.89366,817.746677,1222.885075,25667.12787,817935,0,120000000,1222.885075,25667.12787,817935,0,0,0.0,0.0,0,0,0,0,0,0,783824,0,817.746677,0.0,32,32,32.0,0.0,0.0,0,0,0,0,0,0,0,0,0,32.0003266,32.0,0.0,0,0,0,0,0,0,97978,3135296,0,0,-1,-1,97977,8,0.0,0.0,0,0,0.0,0.0,0,0,DDOS attack-LOIC-UDP
80,17,21/02/2018 10:25:32,119993399,87038,0,2785216,0,32,32,32.0,0.0,0,0,0.0,0.0,23211.41015,725.3565673,1378.64815,27301.00458,816682,1,120000000,1378.64815,27301.00458,816682,1,0,0.0,0.0,0,0,0,0,0,0,696304,0,725.3565673,0.0,32,32,32.0,0.0,0.0,0,0,0,0,0,0,0,0,0,32.00036766,32.0,0.0,0,0,0,0,0,0,87038,2785216,0,0,-1,-1,87037,8,0.0,0.0,0,0,0.0,0.0,0,0,DDOS attack-LOIC-UDP
80,17,21/02/2018 10:25:31,115999956,16,0,512,0,32,32,32.0,0.0,0,0,0.0,0.0,4.413794778,0.137931087,7733330.4,7566782.554,31000000,1003988,116000000,7733330.4,7566782.554,31000000,1003988,0,0.0,0.0,0,0,0,0,0,0,128,0,0.137931087,0.0,32,32,32.0,0.0,0.0,0,0,0,0,0,0,0,0,0,34.0,32.0,0.0,0,0,0,0,0,0,16,512,0,0,-1,-1,15,8,3509940.25,3311339.651,7999776,1003988,11300000.0,7916509.29,31000000,6000040,Benign
80,17,21/02/2018 10:25:33,119741325,135325,0,4330400,0,32,32,32.0,0.0,0,0,0.0,0.0,36164.62403,1130.144501,884.8491398,18100.9567,638918,1,120000000,884.8491398,18100.9567,638918,1,0,0.0,0.0,0,0,0,0,0,0,1082600,0,1130.144501,0.0,32,32,32.0,0.0,0.0,0,0,0,0,0,0,0,0,0,32.00023647,32.0,0.0,0,0,0,0,0,0,135325,4330400,0,0,-1,-1,135324,8,0.0,0.0,0,0,0.0,0.0,0,0,DDOS attack-LOIC-UDP
80,17,21/02/2018 10:25:34,119645350,98479,0,3151328,0,32,32,32.0,0.0,0,0,0.0,0.0,26338.90912,823.0909099,1214.944962,25624.89385,817565,1,120000000,1214.944962,25624.89385,817565,1,0,0.0,0.0,0,0,0,0,0,0,787832,0,823.0909099,0.0,32,32,32.0,0.0,0.0,0,0,0,0,0,0,0,0,0,32.00032494,32.0,0.0,0,0,0,0,0,0,98479,3151328,0,0,-1,-1,98478,8,0.0,0.0,0,0,0.0,0.0,0,0,DDOS attack-LOIC-UDP
80,17,21/02/2018 10:25:35,119641727,85021,0,2720672,0,32,32,32.0,0.0,0,0,0.0,0.0,22740.15988,710.6299962,1407.218619,27600.91162,812211,1,120000000,1407.218619,27600.91162,812211,1,0,0.0,0.0,0,0,0,0,0,0,680168,0,710.6299962,0.0,32,32,32.0,0.0,0.0,0,0,0,0,0,0,0,0,0,32.00037638,32.0,0.0,0,0,0,0,0,0,85021,2720672,0,0,-1,-1,85020,8,0.0,0.0,0,0,0.0,0.0,0,0,DDOS attack-LOIC-UDP
80,17,21/02/2018 10:25:35,119641579,83716,0,2678912,0,32,32,32.0,0.0,0,0,0.0,0.0,22391.14547,699.723296,1429.153425,27798.6558,815107,0,120000000,1429.153425,27798.6558,815107,0,0,0.0,0.0,0,0,0,0,0,0,669728,0,699.723296,0.0,32,32,32.0,0.0,0.0,0,0,0,0,0,0,0,0,0,32.00038224,32.0,0.0,0,0,0,0,0,0,83716,2678912,0,0,-1,-1,83715,8,0.0,0.0,0,0,0.0,0.0,0,0,DDOS attack-LOIC-UDP
80,17,21/02/2018 10:25:35,119646622,126177,0,4037664,0,32,32,32.0,0.0,0,0,0.0,0.0,33746.57748,1054.580546,948.2518229,18687.44316,637605,1,120000000,948.2518229,18687.44316,637605,1,0,0.0,0.0,0,0,0,0,0,0,1009416,0,1054.580546,0.0,32,32,32.0,0.0,0.0,0,0,0,0,0,0,0,0,0,32.00025361,32.0,0.0,0,0,0,0,0,0,126177,4037664,0,0,-1,-1,126176,8,0.0,0.0,0,0,0.0,0.0,0,0,DDOS attack-LOIC-UDP
80,17,21/02/2018 10:25:36,119694555,114716,0,3670912,0,32,32,32.0,0.0,0,0,0.0,0.0,30668.99743,958.4061698,1043.408055,20297.20622,643812,0,120000000,1043.408055,20297.20622,643812,0,0,0.0,0.0,0,0,0,0,0,0,917728,0,958.4061698,0.0,32,32,32.0,0.0,0.0,0,0,0,0,0,0,0,0,0,32.00027895,32.0,0.0,0,0,0,0,0,0,114716,3670912,0,0,-1,-1,114715,8,0.0,0.0,0,0,0.0,0.0,0,0,DDOS attack-LOIC-UDP
80,17,21/02/2018 10:25:30,111972067,16,0,512,0,32,32,32.0,0.0,0,0,0.0,0.0,4.572568978,0.142892781,7464804.467,5605904.574,20000000,979970,112000000,7464804.467,5605904.574,20000000,979970,0,0.0,0.0,0,0,0,0,0,0,128,0,0.142892781,0.0,32,32,32.0,0.0,0.0,0,0,0,0,0,0,0,0,0,34.0,32.0,0.0,0,0,0,0,0,0,16,512,0,0,-1,-1,15,8,3500943.75,1936884.298,5047991,979970,9796829.2,5456375.373,20000000,5000006,Benign
80,17,21/02/2018 10:25:37,119324458,97783,0,3129056,0,32,32,32.0,0.0,0,0,0.0,0.0,26223.08999,819.4715622,1220.31108,25785.12509,813131,0,119000000,1220.31108,25785.12509,813131,0,0,0.0,0.0,0,0,0,0,0,0,782264,0,819.4715622,0.0,32,32,32.0,0.0,0.0,0,0,0,0,0,0,0,0,0,32.00032726,32.0,0.0,0,0,0,0,0,0,97783,3129056,0,0,-1,-1,97782,8,0.0,0.0,0,0,0.0,0.0,0,0,DDOS attack-LOIC-UDP
80,17,21/02/2018 10:25:37,119457075,84326,0,2698432,0,32,32,32.0,0.0,0,0,0.0,0.0,22589.13505,705.9104704,1416.627038,27774.40173,819878,0,119000000,1416.627038,27774.40173,819878,0,0,0.0,0.0,0,0,0,0,0,0,674608,0,705.9104704,0.0,32,32,32.0,0.0,0.0,0,0,0,0,0,0,0,0,0,32.00037948,32.0,0.0,0,0,0,0,0,0,84326,2698432,0,0,-1,-1,84325,8,0.0,0.0,0,0,0.0,0.0,0,0,DDOS attack-LOIC-UDP
80,17,21/02/2018 10:25:37,119711250,135394,0,4332608,0,32,32,32.0,0.0,0,0,0.0,0.0,36192.15404,1131.004814,884.1760652,18629.90863,642522,0,120000000,884.1760652,18629.90863,642522,0,0,0.0,0.0,0,0,0,0,0,0,1083152,0,1131.004814,0.0,32,32,32.0,0.0,0.0,0,0,0,0,0,0,0,0,0,32.00023635,32.0,0.0,0,0,0,0,0,0,135394,4332608,0,0,-1,-1,135393,8,0.0,0.0,0,0,0.0,0.0,0,0,DDOS attack-LOIC-UDP
80,17,21/02/2018 10:25:38,119619965,119202,0,3814464,0,32,32,32.0,0.0,0,0,0.0,0.0,31888.18856,996.5058926,1003.514778,19851.19875,649950,1,120000000,1003.514778,19851.19875,649950,1,0,0.0,0.0,0,0,0,0,0,0,953616,0,996.5058926,0.0,32,32,32.0,0.0,0.0,0,0,0,0,0,0,0,0,0,32.00026845,32.0,0.0,0,0,0,0,0,0,119202,3814464,0,0,-1,-1,119201,8,0.0,0.0,0,0,0.0,0.0,0,0,DDOS attack-LOIC-UDP
80,17,21/02/2018 10:25:23,116979944,11,0,352,0,32,32,32.0,0.0,0,0,0.0,0.0,3.009062818,0.094033213,11700000.0,8810641.396,28000000,1992022,117000000,11700000.0,8810641.396,28000000,1992022,0,0.0,0.0,0,0,0,0,0,0,88,0,0.094033213,0.0,32,32,32.0,0.0,0.0,0,0,0,0,0,0,0,0,0,34.90909091,32.0,0.0,0,0,0,0,0,0,11,352,0,0,-1,-1,10,8,4495983.5,712738.8867,4999966,3992001,15400000.0,7833633.458,28000000,8000005,Benign
80,17,21/02/2018 10:25:38,119524408,95969,0,3071008,0,32,32,32.0,0.0,0,0,0.0,0.0,25693.56378,802.9238681,1245.46107,26140.11446,816546,1,120000000,1245.46107,26140.11446,816546,1,0,0.0,0.0,0,0,0,0,0,0,767752,0,802.9238681,0.0,32,32,32.0,0.0,0.0,0,0,0,0,0,0,0,0,0,32.00033344,32.0,0.0,0,0,0,0,0,0,95969,3071008,0,0,-1,-1,95968,8,0.0,0.0,0,0,0.0,0.0,0,0,DDOS attack-LOIC-UDP
80,17,21/02/2018 10:25:39,119656438,126280,0,4040960,0,32,32,32.0,0.0,0,0,0.0,0.0,33771.35462,1055.354832,947.5561099,19246.63099,645131,1,120000000,947.5561099,19246.63099,645131,1,0,0.0,0.0,0,0,0,0,0,0,1010240,0,1055.354832,0.0,32,32,32.0,0.0,0.0,0,0,0,0,0,0,0,0,0,32.00025341,32.0,0.0,0,0,0,0,0,0,126280,4040960,0,0,-1,-1,126279,8,0.0,0.0,0,0,0.0,0.0,0,0,DDOS attack-LOIC-UDP
80,17,21/02/2018 10:25:35,119020054,16,0,512,0,32,32,32.0,0.0,0,0,0.0,0.0,4.301796065,0.134431127,7934670.267,5867243.295,22000000,2980021,119000000,7934670.267,5867243.295,22000000,2980021,0,0.0,0.0,0,0,0,0,0,0,128,0,0.134431127,0.0,32,32,32.0,0.0,0.0,0,0,0,0,0,0,0,0,0,34.0,32.0,0.0,0,0,0,0,0,0,16,512,0,0,-1,-1,15,8,4650666.0,1508016.124,5980029,3011968,13000000.0,4799511.084,22000000,6979879,Benign
80,17,21/02/2018 10:25:40,119601306,113319,0,3626208,0,32,32,32.0,0.0,0,0,0.0,0.0,30319.13381,947.4729314,1055.448437,20308.99599,644431,0,120000000,1055.448437,20308.99599,644431,0,0,0.0,0.0,0,0,0,0,0,0,906552,0,947.4729314,0.0,32,32,32.0,0.0,0.0,0,0,0,0,0,0,0,0,0,32.00028239,32.0,0.0,0,0,0,0,0,0,113319,3626208,0,0,-1,-1,113318,8,0.0,0.0,0,0,0.0,0.0,0,0,DDOS attack-LOIC-UDP
80,17,21/02/2018 10:25:38,117988100,14,0,448,0,32,32,32.0,0.0,0,0,0.0,0.0,3.796993087,0.118656034,9076007.692,7083024.854,28000000,4008000,118000000,9076007.692,7083024.854,28000000,4008000,0,0.0,0.0,0,0,0,0,0,0,112,0,0.118656034,0.0,32,32,32.0,0.0,0.0,0,0,0,0,0,0,0,0,0,34.28571429,32.0,0.0,0,0,0,0,0,0,14,448,0,0,-1,-1,13,8,7764019.0,4135158.39,13100000,4020074,14500000.0,7402749.233,28000000,6980055,Benign
80,17,21/02/2018 10:25:41,119617213,130034,0,4161088,0,32,32,32.0,0.0,0,0,0.0,0.0,34786.69914,1087.084348,919.8988949,18954.14503,663565,0,120000000,919.8988949,18954.14503,663565,0,0,0.0,0.0,0,0,0,0,0,0,1040272,0,1087.084348,0.0,32,32,32.0,0.0,0.0,0,0,0,0,0,0,0,0,0,32.00024609,32.0,0.0,0,0,0,0,0,0,130034,4161088,0,0,-1,-1,130033,8,0.0,0.0,0,0,0.0,0.0,0,0,DDOS attack-LOIC-UDP
80,17,21/02/2018 10:25:37,118988032,11,0,352,0,32,32,32.0,0.0,0,0,0.0,0.0,2.958280712,0.092446272,11900000.0,6091626.247,22000000,2979932,119000000,11900000.0,6091626.247,22000000,2979932,0,0.0,0.0,0,0,0,0,0,0,88,0,0.092446272,0.0,32,32,32.0,0.0,0.0,0,0,0,0,0,0,0,0,0,34.90909091,32.0,0.0,0,0,0,0,0,0,11,352,0,0,-1,-1,10,8,2979932.0,0.0,2979932,2979932,12900000.0,5540605.289,22000000,5995920,Benign
80,17,21/02/2018 10:25:43,119671795,130046,0,4161472,0,32,32,32.0,0.0,0,0,0.0,0.0,34774.04179,1086.688806,920.2337268,18974.21509,641964,0,120000000,920.2337268,18974.21509,641964,0,0,0.0,0.0,0,0,0,0,0,0,1040368,0,1086.688806,0.0,32,32,32.0,0.0,0.0,0,0,0,0,0,0,0,0,0,32.00024607,32.0,0.0,0,0,0,0,0,0,130046,4161472,0,0,-1,-1,130045,8,0.0,0.0,0,0,0.0,0.0,0,0,DDOS attack-LOIC-UDP
80,17,21/02/2018 10:25:43,119773209,109610,0,3507520,0,32,32,32.0,0.0,0,0,0.0,0.0,29284.67918,915.1462244,1092.731518,20674.51676,644506,1,120000000,1092.731518,20674.51676,644506,1,0,0.0,0.0,0,0,0,0,0,0,876880,0,915.1462244,0.0,32,32,32.0,0.0,0.0,0,0,0,0,0,0,0,0,0,32.00029194,32.0,0.0,0,0,0,0,0,0,109610,3507520,0,0,-1,-1,109609,8,0.0,0.0,0,0,0.0,0.0,0,0,DDOS attack-LOIC-UDP
80,17,21/02/2018 10:25:44,119812624,113727,0,3639264,0,32,32,32.0,0.0,0,0,0.0,0.0,30374.62897,949.2071553,1053.520075,20317.35718,663482,0,120000000,1053.520075,20317.35718,663482,0,0,0.0,0.0,0,0,0,0,0,0,909816,0,949.2071553,0.0,32,32,32.0,0.0,0.0,0,0,0,0,0,0,0,0,0,32.00028138,32.0,0.0,0,0,0,0,0,0,113727,3639264,0,0,-1,-1,113726,8,0.0,0.0,0,0,0.0,0.0,0,0,DDOS attack-LOIC-UDP
80,17,21/02/2018 10:25:43,117987916,15,0,480,0,32,32,32.0,0.0,0,0,0.0,0.0,4.068213223,0.127131663,8427708.286,12800000.0,51000000,1979906,118000000,8427708.286,12800000.0,51000000,1979906,0,0.0,0.0,0,0,0,0,0,0,120,0,0.127131663,0.0,32,32,32.0,0.0,0.0,0,0,0,0,0,0,0,0,0,34.13333333,32.0,0.0,0,0,0,0,0,0,15,480,0,0,-1,-1,14,8,3996065.333,3467667.776,8000150,1979906,14900000.0,16100000.0,51000000,6003905,Benign
80,17,21/02/2018 10:25:43,109008048,8,0,256,0,32,32,32.0,0.0,0,0,0.0,0.0,2.348450456,0.073389077,15600000.0,16300000.0,52000000,5979957,109000000,15600000.0,16300000.0,52000000,5979957,0,0.0,0.0,0,0,0,0,0,0,64,0,0.073389077,0.0,32,32,32.0,0.0,0.0,0,0,0,0,0,0,0,0,0,36.0,32.0,0.0,0,0,0,0,0,0,8,256,0,0,-1,-1,7,8,0.0,0.0,0,0,15600000.0,16300000.0,52000000,5979957,Benign
80,17,21/02/2018 10:25:45,119807206,131595,0,4211040,0,32,32,32.0,0.0,0,0,0.0,0.0,35148.47012,1098.389691,910.4306123,18892.82448,660000,0,120000000,910.4306123,18892.82448,660000,0,0,0.0,0.0,0,0,0,0,0,0,1052760,0,1098.389691,0.0,32,32,32.0,0.0,0.0,0,0,0,0,0,0,0,0,0,32.00024317,32.0,0.0,0,0,0,0,0,0,131595,4211040,0,0,-1,-1,131594,8,0.0,0.0,0,0,0.0,0.0,0,0,DDOS attack-LOIC-UDP
80,17,21/02/2018 10:25:21,105999972,8,0,256,0,32,32,32.0,0.0,0,0,0.0,0.0,2.415094978,0.075471718,15100000.0,12600000.0,34000000,2001608,106000000,15100000.0,12600000.0,34000000,2001608,0,0.0,0.0,0,0,0,0,0,0,64,0,0.075471718,0.0,32,32,32.0,0.0,0.0,0,0,0,0,0,0,0,0,0,36.0,32.0,0.0,0,0,0,0,0,0,8,256,0,0,-1,-1,7,8,0.0,0.0,0,0,17300000.0,12200000.0,34000000,5007872,Benign
80,17,21/02/2018 10:25:45,119000082,13,0,416,0,32,32,32.0,0.0,0,0,0.0,0.0,3.49579591,0.109243622,9916673.5,7536961.675,26000000,959958,119000000,9916673.5,7536961.675,26000000,959958,0,0.0,0.0,0,0,0,0,0,0,104,0,0.109243622,0.0,32,32,32.0,0.0,0.0,0,0,0,0,0,0,0,0,0,34.46153846,32.0,0.0,0,0,0,0,0,0,13,416,0,0,-1,-1,12,8,4631966.333,3521219.285,7980006,959958,13100000.0,7238431.562,26000000,5019922,Benign
80,17,21/02/2018 10:25:51,112004043,13,0,416,0,32,32,32.0,0.0,0,0,0.0,0.0,3.71415164,0.116067239,9333670.25,5943762.559,25000000,2999857,112000000,9333670.25,5943762.559,25000000,2999857,0,0.0,0.0,0,0,0,0,0,0,104,0,0.116067239,0.0,32,32,32.0,0.0,0.0,0,0,0,0,0,0,0,0,0,34.46153846,32.0,0.0,0,0,0,0,0,0,13,416,0,0,-1,-1,12,8,4313273.0,1137495.958,4980024,2999857,11000000.0,5970825.934,25000000,5040328,Benign
80,17,21/02/2018 10:25:29,106015901,13,0,416,0,32,32,32.0,0.0,0,0,0.0,0.0,3.923939674,0.122623115,8834658.417,5109719.617,21000000,4016065,106000000,8834658.417,5109719.617,21000000,4016065,0,0.0,0.0,0,0,0,0,0,0,104,0,0.122623115,0.0,32,32,32.0,0.0,0.0,0,0,0,0,0,0,0,0,0,34.46153846,32.0,0.0,0,0,0,0,0,0,13,416,0,0,-1,-1,12,8,4986038.5,8512.858539,4992058,4980019,10200000.0,5207612.15,21000000,5008058,Benign
80,17,21/02/2018 10:25:57,119019986,16,0,512,0,32,32,32.0,0.0,0,0,0.0,0.0,4.301798523,0.134431204,7934665.733,9558189.091,34000000,979953,119000000,7934665.733,9558189.091,34000000,979953,0,0.0,0.0,0,0,0,0,0,0,128,0,0.134431204,0.0,32,32,32.0,0.0,0.0,0,0,0,0,0,0,0,0,0,34.0,32.0,0.0,0,0,0,0,0,0,16,512,0,0,-1,-1,15,8,2495036.75,1737891.286,4000138,979953,17000000.0,9417127.923,34000000,6004059,Benign
80,17,21/02/2018 10:25:54,106983798,12,0,384,0,32,32,32.0,0.0,0,0,0.0,0.0,3.589328545,0.112166517,9725799.818,8121259.179,26000000,1000059,107000000,9725799.818,8121259.179,26000000,1000059,0,0.0,0.0,0,0,0,0,0,0,96,0,0.112166517,0.0,32,32,32.0,0.0,0.0,0,0,0,0,0,0,0,0,0,34.66666667,32.0,0.0,0,0,0,0,0,0,12,384,0,0,-1,-1,11,8,3999622.0,1414668.939,4999944,2999300,12400000.0,7975966.093,26000000,5000694,Benign
80,17,21/02/2018 10:25:54,106988015,7,0,224,0,32,32,32.0,0.0,0,0,0.0,0.0,2.093692457,0.065427889,17800000.0,13700000.0,43000000,2999911,107000000,17800000.0,13700000.0,43000000,2999911,0,0.0,0.0,0,0,0,0,0,0,56,0,0.065427889,0.0,32,32,32.0,0.0,0.0,0,0,0,0,0,0,0,0,0,36.57142857,32.0,0.0,0,0,0,0,0,0,7,224,0,0,-1,-1,6,8,2999911.0,0.0,2999911,2999911,20800000.0,13000000.0,43000000,11000000,Benign
80,17,21/02/2018 10:25:55,105964037,10,0,320,0,32,32,32.0,0.0,0,0,0.0,0.0,3.019892494,0.09437164,11800000.0,9484753.9,26000000,959973,106000000,11800000.0,9484753.9,26000000,959973,0,0.0,0.0,0,0,0,0,0,0,80,0,0.09437164,0.0,32,32,32.0,0.0,0.0,0,0,0,0,0,0,0,0,0,35.2,32.0,0.0,0,0,0,0,0,0,10,320,0,0,-1,-1,9,8,2313391.333,2309507.372,4980080,959973,16500000.0,7826510.731,26000000,6987908,Benign
